{
  "type": "FeatureCollection",
  "crs": {
    "type": "name",
    "properties": {
      "name": "urn:ogc:def:crs:OGC:1.3:CRS84"
    }
  },
  "features": [
    {
      "type": "Feature",
      "id": "OSM-BUILDING-REL-16318240",
      "properties": {
        "building_id": "OSM-BUILDING-REL-16318240",
        "osm_id": "16318240",
        "osm_type": "relation",
        "building": "yes",
        "name": null,
        "height": null,
        "building_levels": null,
        "underground_levels": null,
        "min_level": null,
        "roof_elevation": null,
        "ground_elevation": null,
        "source": "OpenStreetMap",
        "capture_source": "map (1).osm",
        "is_cadastral": false,
        "legal_status": "UNVERIFIED_PHYSICAL_SURFACE",
        "ownership_status": "UNKNOWN_UNREGISTERED",
        "notes": "Extracted from OpenStreetMap relation. Does not represent cadastral parcel or legal land ownership.",
        "tags": {
          "building": "yes",
          "type": "multipolygon"
        }
      },
      "geometry": {
        "type": "MultiPolygon",
        "coordinates": [
          [
            [
              [
                77.1130759,
                28.6477368
              ],
              [
                77.1128855,
                28.6476148
              ],
              [
                77.112812,
                28.6477031
              ],
              [
                77.1130024,
                28.6478251
              ],
              [
                77.1130759,
                28.6477368
              ]
            ]
          ],
          [
            [
              [
                77.1132507,
                28.647857
              ],
              [
                77.1130822,
                28.6477472
              ],
              [
                77.1130124,
                28.6478296
              ],
              [
                77.1131809,
                28.6479394
              ],
              [
                77.1132507,
                28.647857
              ]
            ]
          ]
        ]
      }
    },
    {
      "type": "Feature",
      "id": "OSM-BUILDING-WAY-349830327",
      "properties": {
        "building_id": "OSM-BUILDING-WAY-349830327",
        "osm_id": "349830327",
        "osm_type": "way",
        "building": "yes",
        "name": null,
        "height": null,
        "building_levels": null,
        "underground_levels": null,
        "min_level": null,
        "roof_elevation": null,
        "ground_elevation": null,
        "source": "OpenStreetMap",
        "capture_source": "map (1).osm",
        "is_cadastral": false,
        "legal_status": "UNVERIFIED_PHYSICAL_SURFACE",
        "ownership_status": "UNKNOWN_UNREGISTERED",
        "notes": "Extracted from OpenStreetMap way. Does not represent cadastral parcel or legal land ownership.",
        "tags": {
          "building": "yes"
        }
      },
      "geometry": {
        "type": "Polygon",
        "coordinates": [
          [
            [
              77.1127827,
              28.6477091
            ],
            [
              77.1128657,
              28.6476096
            ],
            [
              77.1126815,
              28.6474912
            ],
            [
              77.1125984,
              28.6475907
            ],
            [
              77.1127827,
              28.6477091
            ]
          ]
        ]
      }
    },
    {
      "type": "Feature",
      "id": "OSM-BUILDING-WAY-349830338",
      "properties": {
        "building_id": "OSM-BUILDING-WAY-349830338",
        "osm_id": "349830338",
        "osm_type": "way",
        "building": "yes",
        "name": null,
        "height": null,
        "building_levels": null,
        "underground_levels": null,
        "min_level": null,
        "roof_elevation": null,
        "ground_elevation": null,
        "source": "OpenStreetMap",
        "capture_source": "map (1).osm",
        "is_cadastral": false,
        "legal_status": "UNVERIFIED_PHYSICAL_SURFACE",
        "ownership_status": "UNKNOWN_UNREGISTERED",
        "notes": "Extracted from OpenStreetMap way. Does not represent cadastral parcel or legal land ownership.",
        "tags": {
          "building": "yes"
        }
      },
      "geometry": {
        "type": "Polygon",
        "coordinates": [
          [
            [
              77.1126424,
              28.6478305
            ],
            [
              77.1128367,
              28.6479534
            ],
            [
              77.1128905,
              28.6478879
            ],
            [
              77.1126962,
              28.647765
            ],
            [
              77.1126424,
              28.6478305
            ]
          ]
        ]
      }
    },
    {
      "type": "Feature",
      "id": "OSM-BUILDING-WAY-349830381",
      "properties": {
        "building_id": "OSM-BUILDING-WAY-349830381",
        "osm_id": "349830381",
        "osm_type": "way",
        "building": "yes",
        "name": null,
        "height": null,
        "building_levels": null,
        "underground_levels": null,
        "min_level": null,
        "roof_elevation": null,
        "ground_elevation": null,
        "source": "OpenStreetMap",
        "capture_source": "map (1).osm",
        "is_cadastral": false,
        "legal_status": "UNVERIFIED_PHYSICAL_SURFACE",
        "ownership_status": "UNKNOWN_UNREGISTERED",
        "notes": "Extracted from OpenStreetMap way. Does not represent cadastral parcel or legal land ownership.",
        "tags": {
          "building": "yes"
        }
      },
      "geometry": {
        "type": "Polygon",
        "coordinates": [
          [
            [
              77.1131041,
              28.6476876
            ],
            [
              77.113147,
              28.6477154
            ],
            [
              77.1132196,
              28.6476289
            ],
            [
              77.1131767,
              28.6476011
            ],
            [
              77.1131041,
              28.6476876
            ]
          ]
        ]
      }
    },
    {
      "type": "Feature",
      "id": "OSM-BUILDING-WAY-349830385",
      "properties": {
        "building_id": "OSM-BUILDING-WAY-349830385",
        "osm_id": "349830385",
        "osm_type": "way",
        "building": "yes",
        "name": null,
        "height": null,
        "building_levels": null,
        "underground_levels": null,
        "min_level": null,
        "roof_elevation": null,
        "ground_elevation": null,
        "source": "OpenStreetMap",
        "capture_source": "map (1).osm",
        "is_cadastral": false,
        "legal_status": "UNVERIFIED_PHYSICAL_SURFACE",
        "ownership_status": "UNKNOWN_UNREGISTERED",
        "notes": "Extracted from OpenStreetMap way. Does not represent cadastral parcel or legal land ownership.",
        "tags": {
          "building": "yes"
        }
      },
      "geometry": {
        "type": "Polygon",
        "coordinates": [
          [
            [
              77.1124979,
              28.6490594
            ],
            [
              77.1125634,
              28.6489821
            ],
            [
              77.112014,
              28.6486236
            ],
            [
              77.1119485,
              28.6487009
            ],
            [
              77.1124979,
              28.6490594
            ]
          ]
        ]
      }
    },
    {
      "type": "Feature",
      "id": "OSM-BUILDING-WAY-349830396",
      "properties": {
        "building_id": "OSM-BUILDING-WAY-349830396",
        "osm_id": "349830396",
        "osm_type": "way",
        "building": "yes",
        "name": null,
        "height": null,
        "building_levels": null,
        "underground_levels": null,
        "min_level": null,
        "roof_elevation": null,
        "ground_elevation": null,
        "source": "OpenStreetMap",
        "capture_source": "map (1).osm",
        "is_cadastral": false,
        "legal_status": "UNVERIFIED_PHYSICAL_SURFACE",
        "ownership_status": "UNKNOWN_UNREGISTERED",
        "notes": "Extracted from OpenStreetMap way. Does not represent cadastral parcel or legal land ownership.",
        "tags": {
          "building": "yes"
        }
      },
      "geometry": {
        "type": "Polygon",
        "coordinates": [
          [
            [
              77.1128693,
              28.6475863
            ],
            [
              77.1129579,
              28.6476421
            ],
            [
              77.1130468,
              28.6475131
            ],
            [
              77.1129502,
              28.6474545
            ],
            [
              77.1128693,
              28.6475863
            ]
          ]
        ]
      }
    },
    {
      "type": "Feature",
      "id": "OSM-BUILDING-WAY-349830397",
      "properties": {
        "building_id": "OSM-BUILDING-WAY-349830397",
        "osm_id": "349830397",
        "osm_type": "way",
        "building": "yes",
        "name": null,
        "height": null,
        "building_levels": null,
        "underground_levels": null,
        "min_level": null,
        "roof_elevation": null,
        "ground_elevation": null,
        "source": "OpenStreetMap",
        "capture_source": "map (1).osm",
        "is_cadastral": false,
        "legal_status": "UNVERIFIED_PHYSICAL_SURFACE",
        "ownership_status": "UNKNOWN_UNREGISTERED",
        "notes": "Extracted from OpenStreetMap way. Does not represent cadastral parcel or legal land ownership.",
        "tags": {
          "building": "yes"
        }
      },
      "geometry": {
        "type": "Polygon",
        "coordinates": [
          [
            [
              77.1128751,
              28.6484945
            ],
            [
              77.1129592,
              28.6485429
            ],
            [
              77.1132302,
              28.6481802
            ],
            [
              77.1131461,
              28.6481318
            ],
            [
              77.1128751,
              28.6484945
            ]
          ]
        ]
      }
    },
    {
      "type": "Feature",
      "id": "OSM-BUILDING-WAY-349830413",
      "properties": {
        "building_id": "OSM-BUILDING-WAY-349830413",
        "osm_id": "349830413",
        "osm_type": "way",
        "building": "yes",
        "name": null,
        "height": null,
        "building_levels": null,
        "underground_levels": null,
        "min_level": null,
        "roof_elevation": null,
        "ground_elevation": null,
        "source": "OpenStreetMap",
        "capture_source": "map (1).osm",
        "is_cadastral": false,
        "legal_status": "UNVERIFIED_PHYSICAL_SURFACE",
        "ownership_status": "UNKNOWN_UNREGISTERED",
        "notes": "Extracted from OpenStreetMap way. Does not represent cadastral parcel or legal land ownership.",
        "tags": {
          "building": "yes"
        }
      },
      "geometry": {
        "type": "Polygon",
        "coordinates": [
          [
            [
              77.1121546,
              28.6481853
            ],
            [
              77.1123803,
              28.6483258
            ],
            [
              77.1126062,
              28.6480463
            ],
            [
              77.1123804,
              28.6479058
            ],
            [
              77.1121546,
              28.6481853
            ]
          ]
        ]
      }
    },
    {
      "type": "Feature",
      "id": "OSM-BUILDING-WAY-349830446",
      "properties": {
        "building_id": "OSM-BUILDING-WAY-349830446",
        "osm_id": "349830446",
        "osm_type": "way",
        "building": "yes",
        "name": null,
        "height": null,
        "building_levels": null,
        "underground_levels": null,
        "min_level": null,
        "roof_elevation": null,
        "ground_elevation": null,
        "source": "OpenStreetMap",
        "capture_source": "map (1).osm",
        "is_cadastral": false,
        "legal_status": "UNVERIFIED_PHYSICAL_SURFACE",
        "ownership_status": "UNKNOWN_UNREGISTERED",
        "notes": "Extracted from OpenStreetMap way. Does not represent cadastral parcel or legal land ownership.",
        "tags": {
          "building": "yes"
        }
      },
      "geometry": {
        "type": "Polygon",
        "coordinates": [
          [
            [
              77.1130737,
              28.6477142
            ],
            [
              77.1131449,
              28.647619
            ],
            [
              77.1130969,
              28.6475914
            ],
            [
              77.1130257,
              28.6476865
            ],
            [
              77.1130737,
              28.6477142
            ]
          ]
        ]
      }
    },
    {
      "type": "Feature",
      "id": "OSM-BUILDING-WAY-349830458",
      "properties": {
        "building_id": "OSM-BUILDING-WAY-349830458",
        "osm_id": "349830458",
        "osm_type": "way",
        "building": "yes",
        "name": null,
        "height": null,
        "building_levels": null,
        "underground_levels": null,
        "min_level": null,
        "roof_elevation": null,
        "ground_elevation": null,
        "source": "OpenStreetMap",
        "capture_source": "map (1).osm",
        "is_cadastral": false,
        "legal_status": "UNVERIFIED_PHYSICAL_SURFACE",
        "ownership_status": "UNKNOWN_UNREGISTERED",
        "notes": "Extracted from OpenStreetMap way. Does not represent cadastral parcel or legal land ownership.",
        "tags": {
          "building": "yes"
        }
      },
      "geometry": {
        "type": "Polygon",
        "coordinates": [
          [
            [
              77.1129301,
              28.6471983
            ],
            [
              77.1131304,
              28.6473136
            ],
            [
              77.1132115,
              28.6472051
            ],
            [
              77.1130112,
              28.6470898
            ],
            [
              77.1129301,
              28.6471983
            ]
          ]
        ]
      }
    },
    {
      "type": "Feature",
      "id": "OSM-BUILDING-WAY-349830465",
      "properties": {
        "building_id": "OSM-BUILDING-WAY-349830465",
        "osm_id": "349830465",
        "osm_type": "way",
        "building": "yes",
        "name": null,
        "height": null,
        "building_levels": null,
        "underground_levels": null,
        "min_level": null,
        "roof_elevation": null,
        "ground_elevation": null,
        "source": "OpenStreetMap",
        "capture_source": "map (1).osm",
        "is_cadastral": false,
        "legal_status": "UNVERIFIED_PHYSICAL_SURFACE",
        "ownership_status": "UNKNOWN_UNREGISTERED",
        "notes": "Extracted from OpenStreetMap way. Does not represent cadastral parcel or legal land ownership.",
        "tags": {
          "building": "yes"
        }
      },
      "geometry": {
        "type": "Polygon",
        "coordinates": [
          [
            [
              77.1128106,
              28.6473019
            ],
            [
              77.1129395,
              28.6473761
            ],
            [
              77.1130084,
              28.6472839
            ],
            [
              77.1128795,
              28.6472097
            ],
            [
              77.1128106,
              28.6473019
            ]
          ]
        ]
      }
    },
    {
      "type": "Feature",
      "id": "OSM-BUILDING-WAY-349830477",
      "properties": {
        "building_id": "OSM-BUILDING-WAY-349830477",
        "osm_id": "349830477",
        "osm_type": "way",
        "building": "yes",
        "name": null,
        "height": null,
        "building_levels": null,
        "underground_levels": null,
        "min_level": null,
        "roof_elevation": null,
        "ground_elevation": null,
        "source": "OpenStreetMap",
        "capture_source": "map (1).osm",
        "is_cadastral": false,
        "legal_status": "UNVERIFIED_PHYSICAL_SURFACE",
        "ownership_status": "UNKNOWN_UNREGISTERED",
        "notes": "Extracted from OpenStreetMap way. Does not represent cadastral parcel or legal land ownership.",
        "tags": {
          "building": "yes"
        }
      },
      "geometry": {
        "type": "Polygon",
        "coordinates": [
          [
            [
              77.112692,
              28.6474704
            ],
            [
              77.1127725,
              28.6475181
            ],
            [
              77.1128267,
              28.6474477
            ],
            [
              77.1127462,
              28.6474
            ],
            [
              77.112692,
              28.6474704
            ]
          ]
        ]
      }
    },
    {
      "type": "Feature",
      "id": "OSM-BUILDING-WAY-349830501",
      "properties": {
        "building_id": "OSM-BUILDING-WAY-349830501",
        "osm_id": "349830501",
        "osm_type": "way",
        "building": "yes",
        "name": null,
        "height": null,
        "building_levels": null,
        "underground_levels": null,
        "min_level": null,
        "roof_elevation": null,
        "ground_elevation": null,
        "source": "OpenStreetMap",
        "capture_source": "map (1).osm",
        "is_cadastral": false,
        "legal_status": "UNVERIFIED_PHYSICAL_SURFACE",
        "ownership_status": "UNKNOWN_UNREGISTERED",
        "notes": "Extracted from OpenStreetMap way. Does not represent cadastral parcel or legal land ownership.",
        "tags": {
          "building": "yes"
        }
      },
      "geometry": {
        "type": "Polygon",
        "coordinates": [
          [
            [
              77.1126673,
              28.6487106
            ],
            [
              77.1127283,
              28.6486372
            ],
            [
              77.1123373,
              28.6483868
            ],
            [
              77.1122763,
              28.6484602
            ],
            [
              77.1126673,
              28.6487106
            ]
          ]
        ]
      }
    },
    {
      "type": "Feature",
      "id": "OSM-BUILDING-WAY-349830506",
      "properties": {
        "building_id": "OSM-BUILDING-WAY-349830506",
        "osm_id": "349830506",
        "osm_type": "way",
        "building": "yes",
        "name": null,
        "height": null,
        "building_levels": null,
        "underground_levels": null,
        "min_level": null,
        "roof_elevation": null,
        "ground_elevation": null,
        "source": "OpenStreetMap",
        "capture_source": "map (1).osm",
        "is_cadastral": false,
        "legal_status": "UNVERIFIED_PHYSICAL_SURFACE",
        "ownership_status": "UNKNOWN_UNREGISTERED",
        "notes": "Extracted from OpenStreetMap way. Does not represent cadastral parcel or legal land ownership.",
        "tags": {
          "building": "yes"
        }
      },
      "geometry": {
        "type": "Polygon",
        "coordinates": [
          [
            [
              77.113155,
              28.6475239
            ],
            [
              77.113225,
              28.6474258
            ],
            [
              77.1131626,
              28.6473915
            ],
            [
              77.1130926,
              28.6474896
            ],
            [
              77.113155,
              28.6475239
            ]
          ]
        ]
      }
    },
    {
      "type": "Feature",
      "id": "OSM-BUILDING-WAY-349830538",
      "properties": {
        "building_id": "OSM-BUILDING-WAY-349830538",
        "osm_id": "349830538",
        "osm_type": "way",
        "building": "yes",
        "name": null,
        "height": null,
        "building_levels": null,
        "underground_levels": null,
        "min_level": null,
        "roof_elevation": null,
        "ground_elevation": null,
        "source": "OpenStreetMap",
        "capture_source": "map (1).osm",
        "is_cadastral": false,
        "legal_status": "UNVERIFIED_PHYSICAL_SURFACE",
        "ownership_status": "UNKNOWN_UNREGISTERED",
        "notes": "Extracted from OpenStreetMap way. Does not represent cadastral parcel or legal land ownership.",
        "tags": {
          "building": "yes"
        }
      },
      "geometry": {
        "type": "Polygon",
        "coordinates": [
          [
            [
              77.112525,
              28.6489068
            ],
            [
              77.1126105,
              28.6489548
            ],
            [
              77.1127347,
              28.6487843
            ],
            [
              77.1126492,
              28.6487363
            ],
            [
              77.112525,
              28.6489068
            ]
          ]
        ]
      }
    },
    {
      "type": "Feature",
      "id": "OSM-BUILDING-WAY-349830545",
      "properties": {
        "building_id": "OSM-BUILDING-WAY-349830545",
        "osm_id": "349830545",
        "osm_type": "way",
        "building": "yes",
        "name": null,
        "height": null,
        "building_levels": null,
        "underground_levels": null,
        "min_level": null,
        "roof_elevation": null,
        "ground_elevation": null,
        "source": "OpenStreetMap",
        "capture_source": "map (1).osm",
        "is_cadastral": false,
        "legal_status": "UNVERIFIED_PHYSICAL_SURFACE",
        "ownership_status": "UNKNOWN_UNREGISTERED",
        "notes": "Extracted from OpenStreetMap way. Does not represent cadastral parcel or legal land ownership.",
        "tags": {
          "building": "yes"
        }
      },
      "geometry": {
        "type": "Polygon",
        "coordinates": [
          [
            [
              77.1128524,
              28.6475794
            ],
            [
              77.1129111,
              28.6475051
            ],
            [
              77.1128376,
              28.6474603
            ],
            [
              77.1127789,
              28.6475347
            ],
            [
              77.1128524,
              28.6475794
            ]
          ]
        ]
      }
    },
    {
      "type": "Feature",
      "id": "OSM-BUILDING-WAY-349830546",
      "properties": {
        "building_id": "OSM-BUILDING-WAY-349830546",
        "osm_id": "349830546",
        "osm_type": "way",
        "building": "yes",
        "name": null,
        "height": null,
        "building_levels": null,
        "underground_levels": null,
        "min_level": null,
        "roof_elevation": null,
        "ground_elevation": null,
        "source": "OpenStreetMap",
        "capture_source": "map (1).osm",
        "is_cadastral": false,
        "legal_status": "UNVERIFIED_PHYSICAL_SURFACE",
        "ownership_status": "UNKNOWN_UNREGISTERED",
        "notes": "Extracted from OpenStreetMap way. Does not represent cadastral parcel or legal land ownership.",
        "tags": {
          "building": "yes"
        }
      },
      "geometry": {
        "type": "Polygon",
        "coordinates": [
          [
            [
              77.1129338,
              28.6480188
            ],
            [
              77.1131077,
              28.6481199
            ],
            [
              77.1131732,
              28.6480332
            ],
            [
              77.1129993,
              28.6479321
            ],
            [
              77.1129338,
              28.6480188
            ]
          ]
        ]
      }
    },
    {
      "type": "Feature",
      "id": "OSM-BUILDING-WAY-349830597",
      "properties": {
        "building_id": "OSM-BUILDING-WAY-349830597",
        "osm_id": "349830597",
        "osm_type": "way",
        "building": "yes",
        "name": null,
        "height": null,
        "building_levels": null,
        "underground_levels": null,
        "min_level": null,
        "roof_elevation": null,
        "ground_elevation": null,
        "source": "OpenStreetMap",
        "capture_source": "map (1).osm",
        "is_cadastral": false,
        "legal_status": "UNVERIFIED_PHYSICAL_SURFACE",
        "ownership_status": "UNKNOWN_UNREGISTERED",
        "notes": "Extracted from OpenStreetMap way. Does not represent cadastral parcel or legal land ownership.",
        "tags": {
          "building": "yes"
        }
      },
      "geometry": {
        "type": "Polygon",
        "coordinates": [
          [
            [
              77.1130218,
              28.6476815
            ],
            [
              77.1130816,
              28.6475814
            ],
            [
              77.1130312,
              28.6475581
            ],
            [
              77.1129713,
              28.6476582
            ],
            [
              77.1130218,
              28.6476815
            ]
          ]
        ]
      }
    },
    {
      "type": "Feature",
      "id": "OSM-BUILDING-WAY-349830600",
      "properties": {
        "building_id": "OSM-BUILDING-WAY-349830600",
        "osm_id": "349830600",
        "osm_type": "way",
        "building": "yes",
        "name": null,
        "height": null,
        "building_levels": null,
        "underground_levels": null,
        "min_level": null,
        "roof_elevation": null,
        "ground_elevation": null,
        "source": "OpenStreetMap",
        "capture_source": "map (1).osm",
        "is_cadastral": false,
        "legal_status": "UNVERIFIED_PHYSICAL_SURFACE",
        "ownership_status": "UNKNOWN_UNREGISTERED",
        "notes": "Extracted from OpenStreetMap way. Does not represent cadastral parcel or legal land ownership.",
        "tags": {
          "building": "yes"
        }
      },
      "geometry": {
        "type": "Polygon",
        "coordinates": [
          [
            [
              77.1130906,
              28.6474783
            ],
            [
              77.1131528,
              28.6473891
            ],
            [
              77.1130102,
              28.6473127
            ],
            [
              77.1129481,
              28.6474019
            ],
            [
              77.1130906,
              28.6474783
            ]
          ]
        ]
      }
    },
    {
      "type": "Feature",
      "id": "OSM-BUILDING-WAY-349830606",
      "properties": {
        "building_id": "OSM-BUILDING-WAY-349830606",
        "osm_id": "349830606",
        "osm_type": "way",
        "building": "yes",
        "name": null,
        "height": null,
        "building_levels": null,
        "underground_levels": null,
        "min_level": null,
        "roof_elevation": null,
        "ground_elevation": null,
        "source": "OpenStreetMap",
        "capture_source": "map (1).osm",
        "is_cadastral": false,
        "legal_status": "UNVERIFIED_PHYSICAL_SURFACE",
        "ownership_status": "UNKNOWN_UNREGISTERED",
        "notes": "Extracted from OpenStreetMap way. Does not represent cadastral parcel or legal land ownership.",
        "tags": {
          "building": "yes"
        }
      },
      "geometry": {
        "type": "Polygon",
        "coordinates": [
          [
            [
              77.1122155,
              28.6473545
            ],
            [
              77.1124662,
              28.647515
            ],
            [
              77.1125249,
              28.6474417
            ],
            [
              77.1125908,
              28.6473652
            ],
            [
              77.1123401,
              28.6472047
            ],
            [
              77.1122155,
              28.6473545
            ]
          ]
        ]
      }
    },
    {
      "type": "Feature",
      "id": "OSM-BUILDING-WAY-349984923",
      "properties": {
        "building_id": "OSM-BUILDING-WAY-349984923",
        "osm_id": "349984923",
        "osm_type": "way",
        "building": "yes",
        "name": null,
        "height": null,
        "building_levels": null,
        "underground_levels": null,
        "min_level": null,
        "roof_elevation": null,
        "ground_elevation": null,
        "source": "OpenStreetMap",
        "capture_source": "map (1).osm",
        "is_cadastral": false,
        "legal_status": "UNVERIFIED_PHYSICAL_SURFACE",
        "ownership_status": "UNKNOWN_UNREGISTERED",
        "notes": "Extracted from OpenStreetMap way. Does not represent cadastral parcel or legal land ownership.",
        "tags": {
          "building": "yes"
        }
      },
      "geometry": {
        "type": "Polygon",
        "coordinates": [
          [
            [
              77.1108918,
              28.6465203
            ],
            [
              77.1109734,
              28.6465696
            ],
            [
              77.1110682,
              28.6464487
            ],
            [
              77.1109867,
              28.6463994
            ],
            [
              77.1108918,
              28.6465203
            ]
          ]
        ]
      }
    },
    {
      "type": "Feature",
      "id": "OSM-BUILDING-WAY-349984924",
      "properties": {
        "building_id": "OSM-BUILDING-WAY-349984924",
        "osm_id": "349984924",
        "osm_type": "way",
        "building": "yes",
        "name": null,
        "height": null,
        "building_levels": null,
        "underground_levels": null,
        "min_level": null,
        "roof_elevation": null,
        "ground_elevation": null,
        "source": "OpenStreetMap",
        "capture_source": "map (1).osm",
        "is_cadastral": false,
        "legal_status": "UNVERIFIED_PHYSICAL_SURFACE",
        "ownership_status": "UNKNOWN_UNREGISTERED",
        "notes": "Extracted from OpenStreetMap way. Does not represent cadastral parcel or legal land ownership.",
        "tags": {
          "building": "yes"
        }
      },
      "geometry": {
        "type": "Polygon",
        "coordinates": [
          [
            [
              77.1112169,
              28.6488812
            ],
            [
              77.1112808,
              28.6487887
            ],
            [
              77.1111486,
              28.6487184
            ],
            [
              77.1110848,
              28.648811
            ],
            [
              77.1112169,
              28.6488812
            ]
          ]
        ]
      }
    },
    {
      "type": "Feature",
      "id": "OSM-BUILDING-WAY-349984925",
      "properties": {
        "building_id": "OSM-BUILDING-WAY-349984925",
        "osm_id": "349984925",
        "osm_type": "way",
        "building": "yes",
        "name": null,
        "height": null,
        "building_levels": null,
        "underground_levels": null,
        "min_level": null,
        "roof_elevation": null,
        "ground_elevation": null,
        "source": "OpenStreetMap",
        "capture_source": "map (1).osm",
        "is_cadastral": false,
        "legal_status": "UNVERIFIED_PHYSICAL_SURFACE",
        "ownership_status": "UNKNOWN_UNREGISTERED",
        "notes": "Extracted from OpenStreetMap way. Does not represent cadastral parcel or legal land ownership.",
        "tags": {
          "building": "yes"
        }
      },
      "geometry": {
        "type": "Polygon",
        "coordinates": [
          [
            [
              77.1110853,
              28.6480723
            ],
            [
              77.1111767,
              28.6479574
            ],
            [
              77.11111,
              28.6479165
            ],
            [
              77.1110185,
              28.6480314
            ],
            [
              77.1110853,
              28.6480723
            ]
          ]
        ]
      }
    },
    {
      "type": "Feature",
      "id": "OSM-BUILDING-WAY-349984928",
      "properties": {
        "building_id": "OSM-BUILDING-WAY-349984928",
        "osm_id": "349984928",
        "osm_type": "way",
        "building": "yes",
        "name": null,
        "height": null,
        "building_levels": null,
        "underground_levels": null,
        "min_level": null,
        "roof_elevation": null,
        "ground_elevation": null,
        "source": "OpenStreetMap",
        "capture_source": "map (1).osm",
        "is_cadastral": false,
        "legal_status": "UNVERIFIED_PHYSICAL_SURFACE",
        "ownership_status": "UNKNOWN_UNREGISTERED",
        "notes": "Extracted from OpenStreetMap way. Does not represent cadastral parcel or legal land ownership.",
        "tags": {
          "building": "yes"
        }
      },
      "geometry": {
        "type": "Polygon",
        "coordinates": [
          [
            [
              77.110635,
              28.6487898
            ],
            [
              77.1107254,
              28.6486798
            ],
            [
              77.1106773,
              28.6486494
            ],
            [
              77.110587,
              28.6487594
            ],
            [
              77.110635,
              28.6487898
            ]
          ]
        ]
      }
    },
    {
      "type": "Feature",
      "id": "OSM-BUILDING-WAY-349984929",
      "properties": {
        "building_id": "OSM-BUILDING-WAY-349984929",
        "osm_id": "349984929",
        "osm_type": "way",
        "building": "yes",
        "name": null,
        "height": null,
        "building_levels": null,
        "underground_levels": null,
        "min_level": null,
        "roof_elevation": null,
        "ground_elevation": null,
        "source": "OpenStreetMap",
        "capture_source": "map (1).osm",
        "is_cadastral": false,
        "legal_status": "UNVERIFIED_PHYSICAL_SURFACE",
        "ownership_status": "UNKNOWN_UNREGISTERED",
        "notes": "Extracted from OpenStreetMap way. Does not represent cadastral parcel or legal land ownership.",
        "tags": {
          "building": "yes"
        }
      },
      "geometry": {
        "type": "Polygon",
        "coordinates": [
          [
            [
              77.1108537,
              28.6470914
            ],
            [
              77.1108994,
              28.6471189
            ],
            [
              77.1109546,
              28.6470436
            ],
            [
              77.1109042,
              28.6470175
            ],
            [
              77.1108537,
              28.6470914
            ]
          ]
        ]
      }
    },
    {
      "type": "Feature",
      "id": "OSM-BUILDING-WAY-349984930",
      "properties": {
        "building_id": "OSM-BUILDING-WAY-349984930",
        "osm_id": "349984930",
        "osm_type": "way",
        "building": "yes",
        "name": null,
        "height": null,
        "building_levels": null,
        "underground_levels": null,
        "min_level": null,
        "roof_elevation": null,
        "ground_elevation": null,
        "source": "OpenStreetMap",
        "capture_source": "map (1).osm",
        "is_cadastral": false,
        "legal_status": "UNVERIFIED_PHYSICAL_SURFACE",
        "ownership_status": "UNKNOWN_UNREGISTERED",
        "notes": "Extracted from OpenStreetMap way. Does not represent cadastral parcel or legal land ownership.",
        "tags": {
          "building": "yes"
        }
      },
      "geometry": {
        "type": "Polygon",
        "coordinates": [
          [
            [
              77.1092957,
              28.647573
            ],
            [
              77.1093803,
              28.6474553
            ],
            [
              77.1093248,
              28.6474246
            ],
            [
              77.1092402,
              28.6475423
            ],
            [
              77.1092957,
              28.647573
            ]
          ]
        ]
      }
    },
    {
      "type": "Feature",
      "id": "OSM-BUILDING-WAY-349984931",
      "properties": {
        "building_id": "OSM-BUILDING-WAY-349984931",
        "osm_id": "349984931",
        "osm_type": "way",
        "building": "yes",
        "name": null,
        "height": null,
        "building_levels": null,
        "underground_levels": null,
        "min_level": null,
        "roof_elevation": null,
        "ground_elevation": null,
        "source": "OpenStreetMap",
        "capture_source": "map (1).osm",
        "is_cadastral": false,
        "legal_status": "UNVERIFIED_PHYSICAL_SURFACE",
        "ownership_status": "UNKNOWN_UNREGISTERED",
        "notes": "Extracted from OpenStreetMap way. Does not represent cadastral parcel or legal land ownership.",
        "tags": {
          "building": "yes"
        }
      },
      "geometry": {
        "type": "Polygon",
        "coordinates": [
          [
            [
              77.1088024,
              28.6472332
            ],
            [
              77.1089341,
              28.6473136
            ],
            [
              77.1089883,
              28.6472452
            ],
            [
              77.1088566,
              28.6471648
            ],
            [
              77.1088024,
              28.6472332
            ]
          ]
        ]
      }
    },
    {
      "type": "Feature",
      "id": "OSM-BUILDING-WAY-349984932",
      "properties": {
        "building_id": "OSM-BUILDING-WAY-349984932",
        "osm_id": "349984932",
        "osm_type": "way",
        "building": "yes",
        "name": null,
        "height": null,
        "building_levels": null,
        "underground_levels": null,
        "min_level": null,
        "roof_elevation": null,
        "ground_elevation": null,
        "source": "OpenStreetMap",
        "capture_source": "map (1).osm",
        "is_cadastral": false,
        "legal_status": "UNVERIFIED_PHYSICAL_SURFACE",
        "ownership_status": "UNKNOWN_UNREGISTERED",
        "notes": "Extracted from OpenStreetMap way. Does not represent cadastral parcel or legal land ownership.",
        "tags": {
          "building": "yes"
        }
      },
      "geometry": {
        "type": "Polygon",
        "coordinates": [
          [
            [
              77.110999,
              28.6471741
            ],
            [
              77.1110533,
              28.6471027
            ],
            [
              77.1109673,
              28.6470544
            ],
            [
              77.11092,
              28.6471236
            ],
            [
              77.110999,
              28.6471741
            ]
          ]
        ]
      }
    },
    {
      "type": "Feature",
      "id": "OSM-BUILDING-WAY-349984933",
      "properties": {
        "building_id": "OSM-BUILDING-WAY-349984933",
        "osm_id": "349984933",
        "osm_type": "way",
        "building": "yes",
        "name": null,
        "height": null,
        "building_levels": null,
        "underground_levels": null,
        "min_level": null,
        "roof_elevation": null,
        "ground_elevation": null,
        "source": "OpenStreetMap",
        "capture_source": "map (1).osm",
        "is_cadastral": false,
        "legal_status": "UNVERIFIED_PHYSICAL_SURFACE",
        "ownership_status": "UNKNOWN_UNREGISTERED",
        "notes": "Extracted from OpenStreetMap way. Does not represent cadastral parcel or legal land ownership.",
        "tags": {
          "building": "yes"
        }
      },
      "geometry": {
        "type": "Polygon",
        "coordinates": [
          [
            [
              77.110462,
              28.6463232
            ],
            [
              77.1105837,
              28.6463935
            ],
            [
              77.1106252,
              28.6463381
            ],
            [
              77.1105036,
              28.6462678
            ],
            [
              77.110462,
              28.6463232
            ]
          ]
        ]
      }
    },
    {
      "type": "Feature",
      "id": "OSM-BUILDING-WAY-349984934",
      "properties": {
        "building_id": "OSM-BUILDING-WAY-349984934",
        "osm_id": "349984934",
        "osm_type": "way",
        "building": "yes",
        "name": null,
        "height": null,
        "building_levels": null,
        "underground_levels": null,
        "min_level": null,
        "roof_elevation": null,
        "ground_elevation": null,
        "source": "OpenStreetMap",
        "capture_source": "map (1).osm",
        "is_cadastral": false,
        "legal_status": "UNVERIFIED_PHYSICAL_SURFACE",
        "ownership_status": "UNKNOWN_UNREGISTERED",
        "notes": "Extracted from OpenStreetMap way. Does not represent cadastral parcel or legal land ownership.",
        "tags": {
          "building": "yes"
        }
      },
      "geometry": {
        "type": "Polygon",
        "coordinates": [
          [
            [
              77.1107107,
              28.6488424
            ],
            [
              77.1108123,
              28.6487175
            ],
            [
              77.1107541,
              28.648681
            ],
            [
              77.1106525,
              28.6488059
            ],
            [
              77.1107107,
              28.6488424
            ]
          ]
        ]
      }
    },
    {
      "type": "Feature",
      "id": "OSM-BUILDING-WAY-349984936",
      "properties": {
        "building_id": "OSM-BUILDING-WAY-349984936",
        "osm_id": "349984936",
        "osm_type": "way",
        "building": "yes",
        "name": null,
        "height": null,
        "building_levels": null,
        "underground_levels": null,
        "min_level": null,
        "roof_elevation": null,
        "ground_elevation": null,
        "source": "OpenStreetMap",
        "capture_source": "map (1).osm",
        "is_cadastral": false,
        "legal_status": "UNVERIFIED_PHYSICAL_SURFACE",
        "ownership_status": "UNKNOWN_UNREGISTERED",
        "notes": "Extracted from OpenStreetMap way. Does not represent cadastral parcel or legal land ownership.",
        "tags": {
          "building": "yes"
        }
      },
      "geometry": {
        "type": "Polygon",
        "coordinates": [
          [
            [
              77.1123295,
              28.645773
            ],
            [
              77.1125011,
              28.6458644
            ],
            [
              77.1126299,
              28.645678
            ],
            [
              77.1124582,
              28.6455867
            ],
            [
              77.1123295,
              28.645773
            ]
          ]
        ]
      }
    },
    {
      "type": "Feature",
      "id": "OSM-BUILDING-WAY-349984937",
      "properties": {
        "building_id": "OSM-BUILDING-WAY-349984937",
        "osm_id": "349984937",
        "osm_type": "way",
        "building": "yes",
        "name": null,
        "height": null,
        "building_levels": null,
        "underground_levels": null,
        "min_level": null,
        "roof_elevation": null,
        "ground_elevation": null,
        "source": "OpenStreetMap",
        "capture_source": "map (1).osm",
        "is_cadastral": false,
        "legal_status": "UNVERIFIED_PHYSICAL_SURFACE",
        "ownership_status": "UNKNOWN_UNREGISTERED",
        "notes": "Extracted from OpenStreetMap way. Does not represent cadastral parcel or legal land ownership.",
        "tags": {
          "building": "yes"
        }
      },
      "geometry": {
        "type": "Polygon",
        "coordinates": [
          [
            [
              77.1106424,
              28.6469664
            ],
            [
              77.1107237,
              28.6470177
            ],
            [
              77.1107793,
              28.646948
            ],
            [
              77.1106969,
              28.6468945
            ],
            [
              77.1106424,
              28.6469664
            ]
          ]
        ]
      }
    },
    {
      "type": "Feature",
      "id": "OSM-BUILDING-WAY-349984940",
      "properties": {
        "building_id": "OSM-BUILDING-WAY-349984940",
        "osm_id": "349984940",
        "osm_type": "way",
        "building": "yes",
        "name": null,
        "height": null,
        "building_levels": null,
        "underground_levels": null,
        "min_level": null,
        "roof_elevation": null,
        "ground_elevation": null,
        "source": "OpenStreetMap",
        "capture_source": "map (1).osm",
        "is_cadastral": false,
        "legal_status": "UNVERIFIED_PHYSICAL_SURFACE",
        "ownership_status": "UNKNOWN_UNREGISTERED",
        "notes": "Extracted from OpenStreetMap way. Does not represent cadastral parcel or legal land ownership.",
        "tags": {
          "building": "yes"
        }
      },
      "geometry": {
        "type": "Polygon",
        "coordinates": [
          [
            [
              77.1103042,
              28.6484439
            ],
            [
              77.110429,
              28.6485198
            ],
            [
              77.1104697,
              28.6484683
            ],
            [
              77.1103448,
              28.6483924
            ],
            [
              77.1103042,
              28.6484439
            ]
          ]
        ]
      }
    },
    {
      "type": "Feature",
      "id": "OSM-BUILDING-WAY-349984941",
      "properties": {
        "building_id": "OSM-BUILDING-WAY-349984941",
        "osm_id": "349984941",
        "osm_type": "way",
        "building": "yes",
        "name": null,
        "height": null,
        "building_levels": null,
        "underground_levels": null,
        "min_level": null,
        "roof_elevation": null,
        "ground_elevation": null,
        "source": "OpenStreetMap",
        "capture_source": "map (1).osm",
        "is_cadastral": false,
        "legal_status": "UNVERIFIED_PHYSICAL_SURFACE",
        "ownership_status": "UNKNOWN_UNREGISTERED",
        "notes": "Extracted from OpenStreetMap way. Does not represent cadastral parcel or legal land ownership.",
        "tags": {
          "building": "yes"
        }
      },
      "geometry": {
        "type": "Polygon",
        "coordinates": [
          [
            [
              77.1087499,
              28.647311
            ],
            [
              77.1087209,
              28.6473483
            ],
            [
              77.1088598,
              28.6474315
            ],
            [
              77.1088888,
              28.6473942
            ],
            [
              77.1087499,
              28.647311
            ]
          ]
        ]
      }
    },
    {
      "type": "Feature",
      "id": "OSM-BUILDING-WAY-349984944",
      "properties": {
        "building_id": "OSM-BUILDING-WAY-349984944",
        "osm_id": "349984944",
        "osm_type": "way",
        "building": "yes",
        "name": null,
        "height": null,
        "building_levels": null,
        "underground_levels": null,
        "min_level": null,
        "roof_elevation": null,
        "ground_elevation": null,
        "source": "OpenStreetMap",
        "capture_source": "map (1).osm",
        "is_cadastral": false,
        "legal_status": "UNVERIFIED_PHYSICAL_SURFACE",
        "ownership_status": "UNKNOWN_UNREGISTERED",
        "notes": "Extracted from OpenStreetMap way. Does not represent cadastral parcel or legal land ownership.",
        "tags": {
          "building": "yes"
        }
      },
      "geometry": {
        "type": "Polygon",
        "coordinates": [
          [
            [
              77.1092731,
              28.6481569
            ],
            [
              77.1093251,
              28.6480845
            ],
            [
              77.1091782,
              28.6480033
            ],
            [
              77.1091262,
              28.6480757
            ],
            [
              77.1092731,
              28.6481569
            ]
          ]
        ]
      }
    },
    {
      "type": "Feature",
      "id": "OSM-BUILDING-WAY-349984945",
      "properties": {
        "building_id": "OSM-BUILDING-WAY-349984945",
        "osm_id": "349984945",
        "osm_type": "way",
        "building": "yes",
        "name": null,
        "height": null,
        "building_levels": null,
        "underground_levels": null,
        "min_level": null,
        "roof_elevation": null,
        "ground_elevation": null,
        "source": "OpenStreetMap",
        "capture_source": "map (1).osm",
        "is_cadastral": false,
        "legal_status": "UNVERIFIED_PHYSICAL_SURFACE",
        "ownership_status": "UNKNOWN_UNREGISTERED",
        "notes": "Extracted from OpenStreetMap way. Does not represent cadastral parcel or legal land ownership.",
        "tags": {
          "building": "yes"
        }
      },
      "geometry": {
        "type": "Polygon",
        "coordinates": [
          [
            [
              77.1114489,
              28.6483131
            ],
            [
              77.1115641,
              28.6483845
            ],
            [
              77.1115852,
              28.6483582
            ],
            [
              77.1114701,
              28.6482868
            ],
            [
              77.1114489,
              28.6483131
            ]
          ]
        ]
      }
    },
    {
      "type": "Feature",
      "id": "OSM-BUILDING-WAY-349984946",
      "properties": {
        "building_id": "OSM-BUILDING-WAY-349984946",
        "osm_id": "349984946",
        "osm_type": "way",
        "building": "yes",
        "name": null,
        "height": null,
        "building_levels": null,
        "underground_levels": null,
        "min_level": null,
        "roof_elevation": null,
        "ground_elevation": null,
        "source": "OpenStreetMap",
        "capture_source": "map (1).osm",
        "is_cadastral": false,
        "legal_status": "UNVERIFIED_PHYSICAL_SURFACE",
        "ownership_status": "UNKNOWN_UNREGISTERED",
        "notes": "Extracted from OpenStreetMap way. Does not represent cadastral parcel or legal land ownership.",
        "tags": {
          "building": "yes"
        }
      },
      "geometry": {
        "type": "Polygon",
        "coordinates": [
          [
            [
              77.108594,
              28.6475389
            ],
            [
              77.1087315,
              28.6476073
            ],
            [
              77.1087507,
              28.6475776
            ],
            [
              77.1086132,
              28.6475092
            ],
            [
              77.108594,
              28.6475389
            ]
          ]
        ]
      }
    },
    {
      "type": "Feature",
      "id": "OSM-BUILDING-WAY-349984951",
      "properties": {
        "building_id": "OSM-BUILDING-WAY-349984951",
        "osm_id": "349984951",
        "osm_type": "way",
        "building": "yes",
        "name": null,
        "height": null,
        "building_levels": null,
        "underground_levels": null,
        "min_level": null,
        "roof_elevation": null,
        "ground_elevation": null,
        "source": "OpenStreetMap",
        "capture_source": "map (1).osm",
        "is_cadastral": false,
        "legal_status": "UNVERIFIED_PHYSICAL_SURFACE",
        "ownership_status": "UNKNOWN_UNREGISTERED",
        "notes": "Extracted from OpenStreetMap way. Does not represent cadastral parcel or legal land ownership.",
        "tags": {
          "building": "yes"
        }
      },
      "geometry": {
        "type": "Polygon",
        "coordinates": [
          [
            [
              77.111598,
              28.6486531
            ],
            [
              77.1116725,
              28.6485401
            ],
            [
              77.1115842,
              28.6484952
            ],
            [
              77.1115097,
              28.6486082
            ],
            [
              77.111598,
              28.6486531
            ]
          ]
        ]
      }
    },
    {
      "type": "Feature",
      "id": "OSM-BUILDING-WAY-349984953",
      "properties": {
        "building_id": "OSM-BUILDING-WAY-349984953",
        "osm_id": "349984953",
        "osm_type": "way",
        "building": "yes",
        "name": null,
        "height": null,
        "building_levels": null,
        "underground_levels": null,
        "min_level": null,
        "roof_elevation": null,
        "ground_elevation": null,
        "source": "OpenStreetMap",
        "capture_source": "map (1).osm",
        "is_cadastral": false,
        "legal_status": "UNVERIFIED_PHYSICAL_SURFACE",
        "ownership_status": "UNKNOWN_UNREGISTERED",
        "notes": "Extracted from OpenStreetMap way. Does not represent cadastral parcel or legal land ownership.",
        "tags": {
          "building": "yes"
        }
      },
      "geometry": {
        "type": "Polygon",
        "coordinates": [
          [
            [
              77.1097468,
              28.6482532
            ],
            [
              77.109882,
              28.6483268
            ],
            [
              77.1099316,
              28.6482567
            ],
            [
              77.1097963,
              28.6481831
            ],
            [
              77.1097468,
              28.6482532
            ]
          ]
        ]
      }
    },
    {
      "type": "Feature",
      "id": "OSM-BUILDING-WAY-349984955",
      "properties": {
        "building_id": "OSM-BUILDING-WAY-349984955",
        "osm_id": "349984955",
        "osm_type": "way",
        "building": "yes",
        "name": null,
        "height": null,
        "building_levels": null,
        "underground_levels": null,
        "min_level": null,
        "roof_elevation": null,
        "ground_elevation": null,
        "source": "OpenStreetMap",
        "capture_source": "map (1).osm",
        "is_cadastral": false,
        "legal_status": "UNVERIFIED_PHYSICAL_SURFACE",
        "ownership_status": "UNKNOWN_UNREGISTERED",
        "notes": "Extracted from OpenStreetMap way. Does not represent cadastral parcel or legal land ownership.",
        "tags": {
          "building": "yes"
        }
      },
      "geometry": {
        "type": "Polygon",
        "coordinates": [
          [
            [
              77.1087134,
              28.6482973
            ],
            [
              77.1088466,
              28.6483719
            ],
            [
              77.1089302,
              28.6482569
            ],
            [
              77.108797,
              28.6481823
            ],
            [
              77.1087134,
              28.6482973
            ]
          ]
        ]
      }
    },
    {
      "type": "Feature",
      "id": "OSM-BUILDING-WAY-349984957",
      "properties": {
        "building_id": "OSM-BUILDING-WAY-349984957",
        "osm_id": "349984957",
        "osm_type": "way",
        "building": "yes",
        "name": null,
        "height": null,
        "building_levels": null,
        "underground_levels": null,
        "min_level": null,
        "roof_elevation": null,
        "ground_elevation": null,
        "source": "OpenStreetMap",
        "capture_source": "map (1).osm",
        "is_cadastral": false,
        "legal_status": "UNVERIFIED_PHYSICAL_SURFACE",
        "ownership_status": "UNKNOWN_UNREGISTERED",
        "notes": "Extracted from OpenStreetMap way. Does not represent cadastral parcel or legal land ownership.",
        "tags": {
          "building": "yes"
        }
      },
      "geometry": {
        "type": "Polygon",
        "coordinates": [
          [
            [
              77.1119876,
              28.6477805
            ],
            [
              77.1120843,
              28.6476644
            ],
            [
              77.1120428,
              28.6476377
            ],
            [
              77.1119461,
              28.6477539
            ],
            [
              77.1119876,
              28.6477805
            ]
          ]
        ]
      }
    },
    {
      "type": "Feature",
      "id": "OSM-BUILDING-WAY-349984958",
      "properties": {
        "building_id": "OSM-BUILDING-WAY-349984958",
        "osm_id": "349984958",
        "osm_type": "way",
        "building": "yes",
        "name": null,
        "height": null,
        "building_levels": null,
        "underground_levels": null,
        "min_level": null,
        "roof_elevation": null,
        "ground_elevation": null,
        "source": "OpenStreetMap",
        "capture_source": "map (1).osm",
        "is_cadastral": false,
        "legal_status": "UNVERIFIED_PHYSICAL_SURFACE",
        "ownership_status": "UNKNOWN_UNREGISTERED",
        "notes": "Extracted from OpenStreetMap way. Does not represent cadastral parcel or legal land ownership.",
        "tags": {
          "building": "yes"
        }
      },
      "geometry": {
        "type": "Polygon",
        "coordinates": [
          [
            [
              77.1108111,
              28.6469213
            ],
            [
              77.1108946,
              28.6469758
            ],
            [
              77.1109804,
              28.6468745
            ],
            [
              77.1108969,
              28.64682
            ],
            [
              77.1108111,
              28.6469213
            ]
          ]
        ]
      }
    },
    {
      "type": "Feature",
      "id": "OSM-BUILDING-WAY-349984960",
      "properties": {
        "building_id": "OSM-BUILDING-WAY-349984960",
        "osm_id": "349984960",
        "osm_type": "way",
        "building": "yes",
        "name": null,
        "height": null,
        "building_levels": null,
        "underground_levels": null,
        "min_level": null,
        "roof_elevation": null,
        "ground_elevation": null,
        "source": "OpenStreetMap",
        "capture_source": "map (1).osm",
        "is_cadastral": false,
        "legal_status": "UNVERIFIED_PHYSICAL_SURFACE",
        "ownership_status": "UNKNOWN_UNREGISTERED",
        "notes": "Extracted from OpenStreetMap way. Does not represent cadastral parcel or legal land ownership.",
        "tags": {
          "building": "yes"
        }
      },
      "geometry": {
        "type": "Polygon",
        "coordinates": [
          [
            [
              77.1111542,
              28.6483617
            ],
            [
              77.1112801,
              28.64843
            ],
            [
              77.1113185,
              28.6483755
            ],
            [
              77.1111925,
              28.6483072
            ],
            [
              77.1111542,
              28.6483617
            ]
          ]
        ]
      }
    },
    {
      "type": "Feature",
      "id": "OSM-BUILDING-WAY-349984961",
      "properties": {
        "building_id": "OSM-BUILDING-WAY-349984961",
        "osm_id": "349984961",
        "osm_type": "way",
        "building": "yes",
        "name": null,
        "height": null,
        "building_levels": null,
        "underground_levels": null,
        "min_level": null,
        "roof_elevation": null,
        "ground_elevation": null,
        "source": "OpenStreetMap",
        "capture_source": "map (1).osm",
        "is_cadastral": false,
        "legal_status": "UNVERIFIED_PHYSICAL_SURFACE",
        "ownership_status": "UNKNOWN_UNREGISTERED",
        "notes": "Extracted from OpenStreetMap way. Does not represent cadastral parcel or legal land ownership.",
        "tags": {
          "building": "yes"
        }
      },
      "geometry": {
        "type": "Polygon",
        "coordinates": [
          [
            [
              77.1109082,
              28.6479705
            ],
            [
              77.1109961,
              28.6478556
            ],
            [
              77.1109047,
              28.6478018
            ],
            [
              77.1108169,
              28.6479167
            ],
            [
              77.1109082,
              28.6479705
            ]
          ]
        ]
      }
    },
    {
      "type": "Feature",
      "id": "OSM-BUILDING-WAY-349984962",
      "properties": {
        "building_id": "OSM-BUILDING-WAY-349984962",
        "osm_id": "349984962",
        "osm_type": "way",
        "building": "yes",
        "name": null,
        "height": null,
        "building_levels": null,
        "underground_levels": null,
        "min_level": null,
        "roof_elevation": null,
        "ground_elevation": null,
        "source": "OpenStreetMap",
        "capture_source": "map (1).osm",
        "is_cadastral": false,
        "legal_status": "UNVERIFIED_PHYSICAL_SURFACE",
        "ownership_status": "UNKNOWN_UNREGISTERED",
        "notes": "Extracted from OpenStreetMap way. Does not represent cadastral parcel or legal land ownership.",
        "tags": {
          "building": "yes"
        }
      },
      "geometry": {
        "type": "Polygon",
        "coordinates": [
          [
            [
              77.1116668,
              28.6470477
            ],
            [
              77.1118259,
              28.6471345
            ],
            [
              77.1118649,
              28.6470795
            ],
            [
              77.1117058,
              28.6469927
            ],
            [
              77.1116668,
              28.6470477
            ]
          ]
        ]
      }
    },
    {
      "type": "Feature",
      "id": "OSM-BUILDING-WAY-349984965",
      "properties": {
        "building_id": "OSM-BUILDING-WAY-349984965",
        "osm_id": "349984965",
        "osm_type": "way",
        "building": "yes",
        "name": null,
        "height": null,
        "building_levels": null,
        "underground_levels": null,
        "min_level": null,
        "roof_elevation": null,
        "ground_elevation": null,
        "source": "OpenStreetMap",
        "capture_source": "map (1).osm",
        "is_cadastral": false,
        "legal_status": "UNVERIFIED_PHYSICAL_SURFACE",
        "ownership_status": "UNKNOWN_UNREGISTERED",
        "notes": "Extracted from OpenStreetMap way. Does not represent cadastral parcel or legal land ownership.",
        "tags": {
          "building": "yes"
        }
      },
      "geometry": {
        "type": "Polygon",
        "coordinates": [
          [
            [
              77.1098448,
              28.6487106
            ],
            [
              77.1099247,
              28.6485999
            ],
            [
              77.109774,
              28.6485162
            ],
            [
              77.1096942,
              28.648627
            ],
            [
              77.1098448,
              28.6487106
            ]
          ]
        ]
      }
    },
    {
      "type": "Feature",
      "id": "OSM-BUILDING-WAY-349984966",
      "properties": {
        "building_id": "OSM-BUILDING-WAY-349984966",
        "osm_id": "349984966",
        "osm_type": "way",
        "building": "yes",
        "name": null,
        "height": null,
        "building_levels": null,
        "underground_levels": null,
        "min_level": null,
        "roof_elevation": null,
        "ground_elevation": null,
        "source": "OpenStreetMap",
        "capture_source": "map (1).osm",
        "is_cadastral": false,
        "legal_status": "UNVERIFIED_PHYSICAL_SURFACE",
        "ownership_status": "UNKNOWN_UNREGISTERED",
        "notes": "Extracted from OpenStreetMap way. Does not represent cadastral parcel or legal land ownership.",
        "tags": {
          "building": "yes"
        }
      },
      "geometry": {
        "type": "Polygon",
        "coordinates": [
          [
            [
              77.1110821,
              28.6470878
            ],
            [
              77.1111566,
              28.6469966
            ],
            [
              77.1110767,
              28.6469463
            ],
            [
              77.1110022,
              28.6470375
            ],
            [
              77.1110821,
              28.6470878
            ]
          ]
        ]
      }
    },
    {
      "type": "Feature",
      "id": "OSM-BUILDING-WAY-349984967",
      "properties": {
        "building_id": "OSM-BUILDING-WAY-349984967",
        "osm_id": "349984967",
        "osm_type": "way",
        "building": "yes",
        "name": null,
        "height": null,
        "building_levels": null,
        "underground_levels": null,
        "min_level": null,
        "roof_elevation": null,
        "ground_elevation": null,
        "source": "OpenStreetMap",
        "capture_source": "map (1).osm",
        "is_cadastral": false,
        "legal_status": "UNVERIFIED_PHYSICAL_SURFACE",
        "ownership_status": "UNKNOWN_UNREGISTERED",
        "notes": "Extracted from OpenStreetMap way. Does not represent cadastral parcel or legal land ownership.",
        "tags": {
          "building": "yes"
        }
      },
      "geometry": {
        "type": "Polygon",
        "coordinates": [
          [
            [
              77.1094075,
              28.6476543
            ],
            [
              77.1095001,
              28.6475254
            ],
            [
              77.1093907,
              28.6474648
            ],
            [
              77.109298,
              28.6475938
            ],
            [
              77.1094075,
              28.6476543
            ]
          ]
        ]
      }
    },
    {
      "type": "Feature",
      "id": "OSM-BUILDING-WAY-349984968",
      "properties": {
        "building_id": "OSM-BUILDING-WAY-349984968",
        "osm_id": "349984968",
        "osm_type": "way",
        "building": "yes",
        "name": null,
        "height": null,
        "building_levels": null,
        "underground_levels": null,
        "min_level": null,
        "roof_elevation": null,
        "ground_elevation": null,
        "source": "OpenStreetMap",
        "capture_source": "map (1).osm",
        "is_cadastral": false,
        "legal_status": "UNVERIFIED_PHYSICAL_SURFACE",
        "ownership_status": "UNKNOWN_UNREGISTERED",
        "notes": "Extracted from OpenStreetMap way. Does not represent cadastral parcel or legal land ownership.",
        "tags": {
          "building": "yes"
        }
      },
      "geometry": {
        "type": "Polygon",
        "coordinates": [
          [
            [
              77.1109178,
              28.6479887
            ],
            [
              77.1109989,
              28.6480367
            ],
            [
              77.1110948,
              28.647912
            ],
            [
              77.1110136,
              28.647864
            ],
            [
              77.1109178,
              28.6479887
            ]
          ]
        ]
      }
    },
    {
      "type": "Feature",
      "id": "OSM-BUILDING-WAY-349984969",
      "properties": {
        "building_id": "OSM-BUILDING-WAY-349984969",
        "osm_id": "349984969",
        "osm_type": "way",
        "building": "yes",
        "name": null,
        "height": null,
        "building_levels": null,
        "underground_levels": null,
        "min_level": null,
        "roof_elevation": null,
        "ground_elevation": null,
        "source": "OpenStreetMap",
        "capture_source": "map (1).osm",
        "is_cadastral": false,
        "legal_status": "UNVERIFIED_PHYSICAL_SURFACE",
        "ownership_status": "UNKNOWN_UNREGISTERED",
        "notes": "Extracted from OpenStreetMap way. Does not represent cadastral parcel or legal land ownership.",
        "tags": {
          "building": "yes"
        }
      },
      "geometry": {
        "type": "Polygon",
        "coordinates": [
          [
            [
              77.1100098,
              28.6466003
            ],
            [
              77.1100978,
              28.6464903
            ],
            [
              77.1100391,
              28.6464541
            ],
            [
              77.109951,
              28.6465641
            ],
            [
              77.1100098,
              28.6466003
            ]
          ]
        ]
      }
    },
    {
      "type": "Feature",
      "id": "OSM-BUILDING-WAY-349984970",
      "properties": {
        "building_id": "OSM-BUILDING-WAY-349984970",
        "osm_id": "349984970",
        "osm_type": "way",
        "building": "yes",
        "name": null,
        "height": null,
        "building_levels": null,
        "underground_levels": null,
        "min_level": null,
        "roof_elevation": null,
        "ground_elevation": null,
        "source": "OpenStreetMap",
        "capture_source": "map (1).osm",
        "is_cadastral": false,
        "legal_status": "UNVERIFIED_PHYSICAL_SURFACE",
        "ownership_status": "UNKNOWN_UNREGISTERED",
        "notes": "Extracted from OpenStreetMap way. Does not represent cadastral parcel or legal land ownership.",
        "tags": {
          "building": "yes"
        }
      },
      "geometry": {
        "type": "Polygon",
        "coordinates": [
          [
            [
              77.1104582,
              28.6466859
            ],
            [
              77.1105266,
              28.6467214
            ],
            [
              77.1105899,
              28.6466272
            ],
            [
              77.1105214,
              28.6465918
            ],
            [
              77.1104582,
              28.6466859
            ]
          ]
        ]
      }
    },
    {
      "type": "Feature",
      "id": "OSM-BUILDING-WAY-349984972",
      "properties": {
        "building_id": "OSM-BUILDING-WAY-349984972",
        "osm_id": "349984972",
        "osm_type": "way",
        "building": "yes",
        "name": null,
        "height": null,
        "building_levels": null,
        "underground_levels": null,
        "min_level": null,
        "roof_elevation": null,
        "ground_elevation": null,
        "source": "OpenStreetMap",
        "capture_source": "map (1).osm",
        "is_cadastral": false,
        "legal_status": "UNVERIFIED_PHYSICAL_SURFACE",
        "ownership_status": "UNKNOWN_UNREGISTERED",
        "notes": "Extracted from OpenStreetMap way. Does not represent cadastral parcel or legal land ownership.",
        "tags": {
          "building": "yes"
        }
      },
      "geometry": {
        "type": "Polygon",
        "coordinates": [
          [
            [
              77.1084819,
              28.6483675
            ],
            [
              77.1086042,
              28.6484361
            ],
            [
              77.1086944,
              28.648312
            ],
            [
              77.1085721,
              28.6482435
            ],
            [
              77.1084819,
              28.6483675
            ]
          ]
        ]
      }
    },
    {
      "type": "Feature",
      "id": "OSM-BUILDING-WAY-349984974",
      "properties": {
        "building_id": "OSM-BUILDING-WAY-349984974",
        "osm_id": "349984974",
        "osm_type": "way",
        "building": "yes",
        "name": null,
        "height": null,
        "building_levels": null,
        "underground_levels": null,
        "min_level": null,
        "roof_elevation": null,
        "ground_elevation": null,
        "source": "OpenStreetMap",
        "capture_source": "map (1).osm",
        "is_cadastral": false,
        "legal_status": "UNVERIFIED_PHYSICAL_SURFACE",
        "ownership_status": "UNKNOWN_UNREGISTERED",
        "notes": "Extracted from OpenStreetMap way. Does not represent cadastral parcel or legal land ownership.",
        "tags": {
          "building": "yes"
        }
      },
      "geometry": {
        "type": "Polygon",
        "coordinates": [
          [
            [
              77.1098731,
              28.6465121
            ],
            [
              77.1099725,
              28.6463972
            ],
            [
              77.1099149,
              28.6463588
            ],
            [
              77.1098155,
              28.6464738
            ],
            [
              77.1098731,
              28.6465121
            ]
          ]
        ]
      }
    },
    {
      "type": "Feature",
      "id": "OSM-BUILDING-WAY-349984976",
      "properties": {
        "building_id": "OSM-BUILDING-WAY-349984976",
        "osm_id": "349984976",
        "osm_type": "way",
        "building": "yes",
        "name": null,
        "height": null,
        "building_levels": null,
        "underground_levels": null,
        "min_level": null,
        "roof_elevation": null,
        "ground_elevation": null,
        "source": "OpenStreetMap",
        "capture_source": "map (1).osm",
        "is_cadastral": false,
        "legal_status": "UNVERIFIED_PHYSICAL_SURFACE",
        "ownership_status": "UNKNOWN_UNREGISTERED",
        "notes": "Extracted from OpenStreetMap way. Does not represent cadastral parcel or legal land ownership.",
        "tags": {
          "building": "yes"
        }
      },
      "geometry": {
        "type": "Polygon",
        "coordinates": [
          [
            [
              77.1090653,
              28.6481618
            ],
            [
              77.1092079,
              28.6482343
            ],
            [
              77.1092576,
              28.648159
            ],
            [
              77.109115,
              28.6480865
            ],
            [
              77.1090653,
              28.6481618
            ]
          ]
        ]
      }
    },
    {
      "type": "Feature",
      "id": "OSM-BUILDING-WAY-349984977",
      "properties": {
        "building_id": "OSM-BUILDING-WAY-349984977",
        "osm_id": "349984977",
        "osm_type": "way",
        "building": "yes",
        "name": null,
        "height": null,
        "building_levels": null,
        "underground_levels": null,
        "min_level": null,
        "roof_elevation": null,
        "ground_elevation": null,
        "source": "OpenStreetMap",
        "capture_source": "map (1).osm",
        "is_cadastral": false,
        "legal_status": "UNVERIFIED_PHYSICAL_SURFACE",
        "ownership_status": "UNKNOWN_UNREGISTERED",
        "notes": "Extracted from OpenStreetMap way. Does not represent cadastral parcel or legal land ownership.",
        "tags": {
          "building": "yes"
        }
      },
      "geometry": {
        "type": "Polygon",
        "coordinates": [
          [
            [
              77.1094684,
              28.6482988
            ],
            [
              77.1096065,
              28.6483866
            ],
            [
              77.1097014,
              28.6482716
            ],
            [
              77.1095633,
              28.6481839
            ],
            [
              77.1094684,
              28.6482988
            ]
          ]
        ]
      }
    },
    {
      "type": "Feature",
      "id": "OSM-BUILDING-WAY-349984979",
      "properties": {
        "building_id": "OSM-BUILDING-WAY-349984979",
        "osm_id": "349984979",
        "osm_type": "way",
        "building": "yes",
        "name": null,
        "height": null,
        "building_levels": null,
        "underground_levels": null,
        "min_level": null,
        "roof_elevation": null,
        "ground_elevation": null,
        "source": "OpenStreetMap",
        "capture_source": "map (1).osm",
        "is_cadastral": false,
        "legal_status": "UNVERIFIED_PHYSICAL_SURFACE",
        "ownership_status": "UNKNOWN_UNREGISTERED",
        "notes": "Extracted from OpenStreetMap way. Does not represent cadastral parcel or legal land ownership.",
        "tags": {
          "building": "yes"
        }
      },
      "geometry": {
        "type": "Polygon",
        "coordinates": [
          [
            [
              77.1115815,
              28.6468296
            ],
            [
              77.1117156,
              28.6469165
            ],
            [
              77.1117553,
              28.6468693
            ],
            [
              77.1116212,
              28.6467824
            ],
            [
              77.1115815,
              28.6468296
            ]
          ]
        ]
      }
    },
    {
      "type": "Feature",
      "id": "OSM-BUILDING-WAY-349984982",
      "properties": {
        "building_id": "OSM-BUILDING-WAY-349984982",
        "osm_id": "349984982",
        "osm_type": "way",
        "building": "yes",
        "name": null,
        "height": null,
        "building_levels": null,
        "underground_levels": null,
        "min_level": null,
        "roof_elevation": null,
        "ground_elevation": null,
        "source": "OpenStreetMap",
        "capture_source": "map (1).osm",
        "is_cadastral": false,
        "legal_status": "UNVERIFIED_PHYSICAL_SURFACE",
        "ownership_status": "UNKNOWN_UNREGISTERED",
        "notes": "Extracted from OpenStreetMap way. Does not represent cadastral parcel or legal land ownership.",
        "tags": {
          "building": "yes"
        }
      },
      "geometry": {
        "type": "Polygon",
        "coordinates": [
          [
            [
              77.1089995,
              28.6482367
            ],
            [
              77.109131,
              28.6483116
            ],
            [
              77.1091852,
              28.6482383
            ],
            [
              77.1090537,
              28.6481634
            ],
            [
              77.1089995,
              28.6482367
            ]
          ]
        ]
      }
    },
    {
      "type": "Feature",
      "id": "OSM-BUILDING-WAY-349984984",
      "properties": {
        "building_id": "OSM-BUILDING-WAY-349984984",
        "osm_id": "349984984",
        "osm_type": "way",
        "building": "yes",
        "name": null,
        "height": null,
        "building_levels": null,
        "underground_levels": null,
        "min_level": null,
        "roof_elevation": null,
        "ground_elevation": null,
        "source": "OpenStreetMap",
        "capture_source": "map (1).osm",
        "is_cadastral": false,
        "legal_status": "UNVERIFIED_PHYSICAL_SURFACE",
        "ownership_status": "UNKNOWN_UNREGISTERED",
        "notes": "Extracted from OpenStreetMap way. Does not represent cadastral parcel or legal land ownership.",
        "tags": {
          "building": "yes"
        }
      },
      "geometry": {
        "type": "Polygon",
        "coordinates": [
          [
            [
              77.1088707,
              28.6483924
            ],
            [
              77.1090006,
              28.6484766
            ],
            [
              77.1090572,
              28.6484094
            ],
            [
              77.1089273,
              28.6483252
            ],
            [
              77.1088707,
              28.6483924
            ]
          ]
        ]
      }
    },
    {
      "type": "Feature",
      "id": "OSM-BUILDING-WAY-349984985",
      "properties": {
        "building_id": "OSM-BUILDING-WAY-349984985",
        "osm_id": "349984985",
        "osm_type": "way",
        "building": "yes",
        "name": null,
        "height": null,
        "building_levels": null,
        "underground_levels": null,
        "min_level": null,
        "roof_elevation": null,
        "ground_elevation": null,
        "source": "OpenStreetMap",
        "capture_source": "map (1).osm",
        "is_cadastral": false,
        "legal_status": "UNVERIFIED_PHYSICAL_SURFACE",
        "ownership_status": "UNKNOWN_UNREGISTERED",
        "notes": "Extracted from OpenStreetMap way. Does not represent cadastral parcel or legal land ownership.",
        "tags": {
          "building": "yes"
        }
      },
      "geometry": {
        "type": "Polygon",
        "coordinates": [
          [
            [
              77.1095371,
              28.6477207
            ],
            [
              77.1097153,
              28.6478206
            ],
            [
              77.1098034,
              28.6476997
            ],
            [
              77.1096252,
              28.6475998
            ],
            [
              77.1095371,
              28.6477207
            ]
          ]
        ]
      }
    },
    {
      "type": "Feature",
      "id": "OSM-BUILDING-WAY-349984986",
      "properties": {
        "building_id": "OSM-BUILDING-WAY-349984986",
        "osm_id": "349984986",
        "osm_type": "way",
        "building": "yes",
        "name": null,
        "height": null,
        "building_levels": null,
        "underground_levels": null,
        "min_level": null,
        "roof_elevation": null,
        "ground_elevation": null,
        "source": "OpenStreetMap",
        "capture_source": "map (1).osm",
        "is_cadastral": false,
        "legal_status": "UNVERIFIED_PHYSICAL_SURFACE",
        "ownership_status": "UNKNOWN_UNREGISTERED",
        "notes": "Extracted from OpenStreetMap way. Does not represent cadastral parcel or legal land ownership.",
        "tags": {
          "building": "yes"
        }
      },
      "geometry": {
        "type": "Polygon",
        "coordinates": [
          [
            [
              77.1097821,
              28.6489414
            ],
            [
              77.1098779,
              28.6489991
            ],
            [
              77.1099717,
              28.6488792
            ],
            [
              77.1098758,
              28.6488215
            ],
            [
              77.1097821,
              28.6489414
            ]
          ]
        ]
      }
    },
    {
      "type": "Feature",
      "id": "OSM-BUILDING-WAY-349984987",
      "properties": {
        "building_id": "OSM-BUILDING-WAY-349984987",
        "osm_id": "349984987",
        "osm_type": "way",
        "building": "yes",
        "name": null,
        "height": null,
        "building_levels": null,
        "underground_levels": null,
        "min_level": null,
        "roof_elevation": null,
        "ground_elevation": null,
        "source": "OpenStreetMap",
        "capture_source": "map (1).osm",
        "is_cadastral": false,
        "legal_status": "UNVERIFIED_PHYSICAL_SURFACE",
        "ownership_status": "UNKNOWN_UNREGISTERED",
        "notes": "Extracted from OpenStreetMap way. Does not represent cadastral parcel or legal land ownership.",
        "tags": {
          "building": "yes"
        }
      },
      "geometry": {
        "type": "Polygon",
        "coordinates": [
          [
            [
              77.1091474,
              28.6483577
            ],
            [
              77.1092858,
              28.6484275
            ],
            [
              77.1093118,
              28.6483879
            ],
            [
              77.1091734,
              28.648318
            ],
            [
              77.1091474,
              28.6483577
            ]
          ]
        ]
      }
    },
    {
      "type": "Feature",
      "id": "OSM-BUILDING-WAY-349984988",
      "properties": {
        "building_id": "OSM-BUILDING-WAY-349984988",
        "osm_id": "349984988",
        "osm_type": "way",
        "building": "yes",
        "name": null,
        "height": null,
        "building_levels": null,
        "underground_levels": null,
        "min_level": null,
        "roof_elevation": null,
        "ground_elevation": null,
        "source": "OpenStreetMap",
        "capture_source": "map (1).osm",
        "is_cadastral": false,
        "legal_status": "UNVERIFIED_PHYSICAL_SURFACE",
        "ownership_status": "UNKNOWN_UNREGISTERED",
        "notes": "Extracted from OpenStreetMap way. Does not represent cadastral parcel or legal land ownership.",
        "tags": {
          "building": "yes"
        }
      },
      "geometry": {
        "type": "Polygon",
        "coordinates": [
          [
            [
              77.1098121,
              28.6462583
            ],
            [
              77.1098739,
              28.6462977
            ],
            [
              77.1099722,
              28.6461787
            ],
            [
              77.1099104,
              28.6461394
            ],
            [
              77.1098121,
              28.6462583
            ]
          ]
        ]
      }
    },
    {
      "type": "Feature",
      "id": "OSM-BUILDING-WAY-349984990",
      "properties": {
        "building_id": "OSM-BUILDING-WAY-349984990",
        "osm_id": "349984990",
        "osm_type": "way",
        "building": "yes",
        "name": null,
        "height": null,
        "building_levels": null,
        "underground_levels": null,
        "min_level": null,
        "roof_elevation": null,
        "ground_elevation": null,
        "source": "OpenStreetMap",
        "capture_source": "map (1).osm",
        "is_cadastral": false,
        "legal_status": "UNVERIFIED_PHYSICAL_SURFACE",
        "ownership_status": "UNKNOWN_UNREGISTERED",
        "notes": "Extracted from OpenStreetMap way. Does not represent cadastral parcel or legal land ownership.",
        "tags": {
          "building": "yes"
        }
      },
      "geometry": {
        "type": "Polygon",
        "coordinates": [
          [
            [
              77.109273,
              28.6478994
            ],
            [
              77.1094073,
              28.6479727
            ],
            [
              77.1094445,
              28.6479202
            ],
            [
              77.1093103,
              28.6478468
            ],
            [
              77.109273,
              28.6478994
            ]
          ]
        ]
      }
    },
    {
      "type": "Feature",
      "id": "OSM-BUILDING-WAY-349984991",
      "properties": {
        "building_id": "OSM-BUILDING-WAY-349984991",
        "osm_id": "349984991",
        "osm_type": "way",
        "building": "yes",
        "name": null,
        "height": null,
        "building_levels": null,
        "underground_levels": null,
        "min_level": null,
        "roof_elevation": null,
        "ground_elevation": null,
        "source": "OpenStreetMap",
        "capture_source": "map (1).osm",
        "is_cadastral": false,
        "legal_status": "UNVERIFIED_PHYSICAL_SURFACE",
        "ownership_status": "UNKNOWN_UNREGISTERED",
        "notes": "Extracted from OpenStreetMap way. Does not represent cadastral parcel or legal land ownership.",
        "tags": {
          "building": "yes"
        }
      },
      "geometry": {
        "type": "Polygon",
        "coordinates": [
          [
            [
              77.1099689,
              28.6487849
            ],
            [
              77.1100552,
              28.6486644
            ],
            [
              77.1099441,
              28.6486032
            ],
            [
              77.1098578,
              28.6487237
            ],
            [
              77.1099689,
              28.6487849
            ]
          ]
        ]
      }
    },
    {
      "type": "Feature",
      "id": "OSM-BUILDING-WAY-349984992",
      "properties": {
        "building_id": "OSM-BUILDING-WAY-349984992",
        "osm_id": "349984992",
        "osm_type": "way",
        "building": "yes",
        "name": null,
        "height": null,
        "building_levels": null,
        "underground_levels": null,
        "min_level": null,
        "roof_elevation": null,
        "ground_elevation": null,
        "source": "OpenStreetMap",
        "capture_source": "map (1).osm",
        "is_cadastral": false,
        "legal_status": "UNVERIFIED_PHYSICAL_SURFACE",
        "ownership_status": "UNKNOWN_UNREGISTERED",
        "notes": "Extracted from OpenStreetMap way. Does not represent cadastral parcel or legal land ownership.",
        "tags": {
          "building": "yes"
        }
      },
      "geometry": {
        "type": "Polygon",
        "coordinates": [
          [
            [
              77.1093936,
              28.647145
            ],
            [
              77.1094851,
              28.6470469
            ],
            [
              77.1093746,
              28.6469675
            ],
            [
              77.1092831,
              28.6470656
            ],
            [
              77.1093936,
              28.647145
            ]
          ]
        ]
      }
    },
    {
      "type": "Feature",
      "id": "OSM-BUILDING-WAY-349984994",
      "properties": {
        "building_id": "OSM-BUILDING-WAY-349984994",
        "osm_id": "349984994",
        "osm_type": "way",
        "building": "yes",
        "name": null,
        "height": null,
        "building_levels": null,
        "underground_levels": null,
        "min_level": null,
        "roof_elevation": null,
        "ground_elevation": null,
        "source": "OpenStreetMap",
        "capture_source": "map (1).osm",
        "is_cadastral": false,
        "legal_status": "UNVERIFIED_PHYSICAL_SURFACE",
        "ownership_status": "UNKNOWN_UNREGISTERED",
        "notes": "Extracted from OpenStreetMap way. Does not represent cadastral parcel or legal land ownership.",
        "tags": {
          "building": "yes"
        }
      },
      "geometry": {
        "type": "Polygon",
        "coordinates": [
          [
            [
              77.1096845,
              28.6463972
            ],
            [
              77.1097457,
              28.6464365
            ],
            [
              77.1098383,
              28.6463255
            ],
            [
              77.1097771,
              28.6462862
            ],
            [
              77.1096845,
              28.6463972
            ]
          ]
        ]
      }
    },
    {
      "type": "Feature",
      "id": "OSM-BUILDING-WAY-349984995",
      "properties": {
        "building_id": "OSM-BUILDING-WAY-349984995",
        "osm_id": "349984995",
        "osm_type": "way",
        "building": "yes",
        "name": null,
        "height": null,
        "building_levels": null,
        "underground_levels": null,
        "min_level": null,
        "roof_elevation": null,
        "ground_elevation": null,
        "source": "OpenStreetMap",
        "capture_source": "map (1).osm",
        "is_cadastral": false,
        "legal_status": "UNVERIFIED_PHYSICAL_SURFACE",
        "ownership_status": "UNKNOWN_UNREGISTERED",
        "notes": "Extracted from OpenStreetMap way. Does not represent cadastral parcel or legal land ownership.",
        "tags": {
          "building": "yes"
        }
      },
      "geometry": {
        "type": "Polygon",
        "coordinates": [
          [
            [
              77.1119937,
              28.6457963
            ],
            [
              77.112075,
              28.6458446
            ],
            [
              77.1121117,
              28.645797
            ],
            [
              77.1120304,
              28.6457487
            ],
            [
              77.1119937,
              28.6457963
            ]
          ]
        ]
      }
    },
    {
      "type": "Feature",
      "id": "OSM-BUILDING-WAY-349984996",
      "properties": {
        "building_id": "OSM-BUILDING-WAY-349984996",
        "osm_id": "349984996",
        "osm_type": "way",
        "building": "yes",
        "name": null,
        "height": null,
        "building_levels": null,
        "underground_levels": null,
        "min_level": null,
        "roof_elevation": null,
        "ground_elevation": null,
        "source": "OpenStreetMap",
        "capture_source": "map (1).osm",
        "is_cadastral": false,
        "legal_status": "UNVERIFIED_PHYSICAL_SURFACE",
        "ownership_status": "UNKNOWN_UNREGISTERED",
        "notes": "Extracted from OpenStreetMap way. Does not represent cadastral parcel or legal land ownership.",
        "tags": {
          "building": "yes"
        }
      },
      "geometry": {
        "type": "Polygon",
        "coordinates": [
          [
            [
              77.1113294,
              28.6467821
            ],
            [
              77.1114174,
              28.6466826
            ],
            [
              77.1113595,
              28.6466436
            ],
            [
              77.1112749,
              28.6467482
            ],
            [
              77.1113294,
              28.6467821
            ]
          ]
        ]
      }
    },
    {
      "type": "Feature",
      "id": "OSM-BUILDING-WAY-349984997",
      "properties": {
        "building_id": "OSM-BUILDING-WAY-349984997",
        "osm_id": "349984997",
        "osm_type": "way",
        "building": "yes",
        "name": null,
        "height": null,
        "building_levels": null,
        "underground_levels": null,
        "min_level": null,
        "roof_elevation": null,
        "ground_elevation": null,
        "source": "OpenStreetMap",
        "capture_source": "map (1).osm",
        "is_cadastral": false,
        "legal_status": "UNVERIFIED_PHYSICAL_SURFACE",
        "ownership_status": "UNKNOWN_UNREGISTERED",
        "notes": "Extracted from OpenStreetMap way. Does not represent cadastral parcel or legal land ownership.",
        "tags": {
          "building": "yes"
        }
      },
      "geometry": {
        "type": "Polygon",
        "coordinates": [
          [
            [
              77.1116036,
              28.6484182
            ],
            [
              77.1117251,
              28.6484934
            ],
            [
              77.111778,
              28.6484277
            ],
            [
              77.1116565,
              28.6483524
            ],
            [
              77.1116036,
              28.6484182
            ]
          ]
        ]
      }
    },
    {
      "type": "Feature",
      "id": "OSM-BUILDING-WAY-349984998",
      "properties": {
        "building_id": "OSM-BUILDING-WAY-349984998",
        "osm_id": "349984998",
        "osm_type": "way",
        "building": "yes",
        "name": null,
        "height": null,
        "building_levels": null,
        "underground_levels": null,
        "min_level": null,
        "roof_elevation": null,
        "ground_elevation": null,
        "source": "OpenStreetMap",
        "capture_source": "map (1).osm",
        "is_cadastral": false,
        "legal_status": "UNVERIFIED_PHYSICAL_SURFACE",
        "ownership_status": "UNKNOWN_UNREGISTERED",
        "notes": "Extracted from OpenStreetMap way. Does not represent cadastral parcel or legal land ownership.",
        "tags": {
          "building": "yes"
        }
      },
      "geometry": {
        "type": "Polygon",
        "coordinates": [
          [
            [
              77.1082919,
              28.6482603
            ],
            [
              77.1083901,
              28.648313
            ],
            [
              77.1084715,
              28.6481959
            ],
            [
              77.1083733,
              28.6481433
            ],
            [
              77.1082919,
              28.6482603
            ]
          ]
        ]
      }
    },
    {
      "type": "Feature",
      "id": "OSM-BUILDING-WAY-349985000",
      "properties": {
        "building_id": "OSM-BUILDING-WAY-349985000",
        "osm_id": "349985000",
        "osm_type": "way",
        "building": "yes",
        "name": null,
        "height": null,
        "building_levels": null,
        "underground_levels": null,
        "min_level": null,
        "roof_elevation": null,
        "ground_elevation": null,
        "source": "OpenStreetMap",
        "capture_source": "map (1).osm",
        "is_cadastral": false,
        "legal_status": "UNVERIFIED_PHYSICAL_SURFACE",
        "ownership_status": "UNKNOWN_UNREGISTERED",
        "notes": "Extracted from OpenStreetMap way. Does not represent cadastral parcel or legal land ownership.",
        "tags": {
          "building": "yes"
        }
      },
      "geometry": {
        "type": "Polygon",
        "coordinates": [
          [
            [
              77.1121067,
              28.6473082
            ],
            [
              77.1121937,
              28.6471814
            ],
            [
              77.1121214,
              28.6471432
            ],
            [
              77.1120344,
              28.6472701
            ],
            [
              77.1121067,
              28.6473082
            ]
          ]
        ]
      }
    },
    {
      "type": "Feature",
      "id": "OSM-BUILDING-WAY-349985001",
      "properties": {
        "building_id": "OSM-BUILDING-WAY-349985001",
        "osm_id": "349985001",
        "osm_type": "way",
        "building": "yes",
        "name": null,
        "height": null,
        "building_levels": null,
        "underground_levels": null,
        "min_level": null,
        "roof_elevation": null,
        "ground_elevation": null,
        "source": "OpenStreetMap",
        "capture_source": "map (1).osm",
        "is_cadastral": false,
        "legal_status": "UNVERIFIED_PHYSICAL_SURFACE",
        "ownership_status": "UNKNOWN_UNREGISTERED",
        "notes": "Extracted from OpenStreetMap way. Does not represent cadastral parcel or legal land ownership.",
        "tags": {
          "building": "yes"
        }
      },
      "geometry": {
        "type": "Polygon",
        "coordinates": [
          [
            [
              77.1101701,
              28.6463268
            ],
            [
              77.1100848,
              28.6464406
            ],
            [
              77.1101277,
              28.6464654
            ],
            [
              77.110213,
              28.6463515
            ],
            [
              77.1101701,
              28.6463268
            ]
          ]
        ]
      }
    },
    {
      "type": "Feature",
      "id": "OSM-BUILDING-WAY-349985002",
      "properties": {
        "building_id": "OSM-BUILDING-WAY-349985002",
        "osm_id": "349985002",
        "osm_type": "way",
        "building": "yes",
        "name": null,
        "height": null,
        "building_levels": null,
        "underground_levels": null,
        "min_level": null,
        "roof_elevation": null,
        "ground_elevation": null,
        "source": "OpenStreetMap",
        "capture_source": "map (1).osm",
        "is_cadastral": false,
        "legal_status": "UNVERIFIED_PHYSICAL_SURFACE",
        "ownership_status": "UNKNOWN_UNREGISTERED",
        "notes": "Extracted from OpenStreetMap way. Does not represent cadastral parcel or legal land ownership.",
        "tags": {
          "building": "yes"
        }
      },
      "geometry": {
        "type": "Polygon",
        "coordinates": [
          [
            [
              77.1101982,
              28.6479821
            ],
            [
              77.1102828,
              28.6478658
            ],
            [
              77.1102249,
              28.6478333
            ],
            [
              77.1101402,
              28.6479496
            ],
            [
              77.1101982,
              28.6479821
            ]
          ]
        ]
      }
    },
    {
      "type": "Feature",
      "id": "OSM-BUILDING-WAY-349985003",
      "properties": {
        "building_id": "OSM-BUILDING-WAY-349985003",
        "osm_id": "349985003",
        "osm_type": "way",
        "building": "yes",
        "name": null,
        "height": null,
        "building_levels": null,
        "underground_levels": null,
        "min_level": null,
        "roof_elevation": null,
        "ground_elevation": null,
        "source": "OpenStreetMap",
        "capture_source": "map (1).osm",
        "is_cadastral": false,
        "legal_status": "UNVERIFIED_PHYSICAL_SURFACE",
        "ownership_status": "UNKNOWN_UNREGISTERED",
        "notes": "Extracted from OpenStreetMap way. Does not represent cadastral parcel or legal land ownership.",
        "tags": {
          "building": "yes"
        }
      },
      "geometry": {
        "type": "Polygon",
        "coordinates": [
          [
            [
              77.1095079,
              28.6480877
            ],
            [
              77.10957,
              28.6479935
            ],
            [
              77.1094569,
              28.6479361
            ],
            [
              77.1093948,
              28.6480302
            ],
            [
              77.1095079,
              28.6480877
            ]
          ]
        ]
      }
    },
    {
      "type": "Feature",
      "id": "OSM-BUILDING-WAY-349985004",
      "properties": {
        "building_id": "OSM-BUILDING-WAY-349985004",
        "osm_id": "349985004",
        "osm_type": "way",
        "building": "yes",
        "name": null,
        "height": null,
        "building_levels": null,
        "underground_levels": null,
        "min_level": null,
        "roof_elevation": null,
        "ground_elevation": null,
        "source": "OpenStreetMap",
        "capture_source": "map (1).osm",
        "is_cadastral": false,
        "legal_status": "UNVERIFIED_PHYSICAL_SURFACE",
        "ownership_status": "UNKNOWN_UNREGISTERED",
        "notes": "Extracted from OpenStreetMap way. Does not represent cadastral parcel or legal land ownership.",
        "tags": {
          "building": "yes"
        }
      },
      "geometry": {
        "type": "Polygon",
        "coordinates": [
          [
            [
              77.1099759,
              28.6462048
            ],
            [
              77.1098757,
              28.6463175
            ],
            [
              77.109922,
              28.6463492
            ],
            [
              77.1100222,
              28.6462366
            ],
            [
              77.1099759,
              28.6462048
            ]
          ]
        ]
      }
    },
    {
      "type": "Feature",
      "id": "OSM-BUILDING-WAY-349985005",
      "properties": {
        "building_id": "OSM-BUILDING-WAY-349985005",
        "osm_id": "349985005",
        "osm_type": "way",
        "building": "yes",
        "name": null,
        "height": null,
        "building_levels": null,
        "underground_levels": null,
        "min_level": null,
        "roof_elevation": null,
        "ground_elevation": null,
        "source": "OpenStreetMap",
        "capture_source": "map (1).osm",
        "is_cadastral": false,
        "legal_status": "UNVERIFIED_PHYSICAL_SURFACE",
        "ownership_status": "UNKNOWN_UNREGISTERED",
        "notes": "Extracted from OpenStreetMap way. Does not represent cadastral parcel or legal land ownership.",
        "tags": {
          "building": "yes"
        }
      },
      "geometry": {
        "type": "Polygon",
        "coordinates": [
          [
            [
              77.1102362,
              28.6469951
            ],
            [
              77.1103087,
              28.6470379
            ],
            [
              77.1103922,
              28.6469289
            ],
            [
              77.1103198,
              28.6468861
            ],
            [
              77.1102362,
              28.6469951
            ]
          ]
        ]
      }
    },
    {
      "type": "Feature",
      "id": "OSM-BUILDING-WAY-349985006",
      "properties": {
        "building_id": "OSM-BUILDING-WAY-349985006",
        "osm_id": "349985006",
        "osm_type": "way",
        "building": "yes",
        "name": null,
        "height": null,
        "building_levels": null,
        "underground_levels": null,
        "min_level": null,
        "roof_elevation": null,
        "ground_elevation": null,
        "source": "OpenStreetMap",
        "capture_source": "map (1).osm",
        "is_cadastral": false,
        "legal_status": "UNVERIFIED_PHYSICAL_SURFACE",
        "ownership_status": "UNKNOWN_UNREGISTERED",
        "notes": "Extracted from OpenStreetMap way. Does not represent cadastral parcel or legal land ownership.",
        "tags": {
          "building": "yes"
        }
      },
      "geometry": {
        "type": "Polygon",
        "coordinates": [
          [
            [
              77.109989,
              28.6476345
            ],
            [
              77.1101205,
              28.6477128
            ],
            [
              77.1102116,
              28.6475951
            ],
            [
              77.11008,
              28.6475168
            ],
            [
              77.109989,
              28.6476345
            ]
          ]
        ]
      }
    },
    {
      "type": "Feature",
      "id": "OSM-BUILDING-WAY-349985007",
      "properties": {
        "building_id": "OSM-BUILDING-WAY-349985007",
        "osm_id": "349985007",
        "osm_type": "way",
        "building": "yes",
        "name": null,
        "height": null,
        "building_levels": null,
        "underground_levels": null,
        "min_level": null,
        "roof_elevation": null,
        "ground_elevation": null,
        "source": "OpenStreetMap",
        "capture_source": "map (1).osm",
        "is_cadastral": false,
        "legal_status": "UNVERIFIED_PHYSICAL_SURFACE",
        "ownership_status": "UNKNOWN_UNREGISTERED",
        "notes": "Extracted from OpenStreetMap way. Does not represent cadastral parcel or legal land ownership.",
        "tags": {
          "building": "yes"
        }
      },
      "geometry": {
        "type": "Polygon",
        "coordinates": [
          [
            [
              77.1089445,
              28.6483284
            ],
            [
              77.1090765,
              28.6484064
            ],
            [
              77.1091234,
              28.6483453
            ],
            [
              77.1089914,
              28.6482673
            ],
            [
              77.1089445,
              28.6483284
            ]
          ]
        ]
      }
    },
    {
      "type": "Feature",
      "id": "OSM-BUILDING-WAY-349985008",
      "properties": {
        "building_id": "OSM-BUILDING-WAY-349985008",
        "osm_id": "349985008",
        "osm_type": "way",
        "building": "yes",
        "name": null,
        "height": null,
        "building_levels": null,
        "underground_levels": null,
        "min_level": null,
        "roof_elevation": null,
        "ground_elevation": null,
        "source": "OpenStreetMap",
        "capture_source": "map (1).osm",
        "is_cadastral": false,
        "legal_status": "UNVERIFIED_PHYSICAL_SURFACE",
        "ownership_status": "UNKNOWN_UNREGISTERED",
        "notes": "Extracted from OpenStreetMap way. Does not represent cadastral parcel or legal land ownership.",
        "tags": {
          "building": "yes"
        }
      },
      "geometry": {
        "type": "Polygon",
        "coordinates": [
          [
            [
              77.1100809,
              28.6464407
            ],
            [
              77.1101667,
              28.6463149
            ],
            [
              77.1101043,
              28.6462821
            ],
            [
              77.1100185,
              28.6464079
            ],
            [
              77.1100809,
              28.6464407
            ]
          ]
        ]
      }
    },
    {
      "type": "Feature",
      "id": "OSM-BUILDING-WAY-349985009",
      "properties": {
        "building_id": "OSM-BUILDING-WAY-349985009",
        "osm_id": "349985009",
        "osm_type": "way",
        "building": "yes",
        "name": null,
        "height": null,
        "building_levels": null,
        "underground_levels": null,
        "min_level": null,
        "roof_elevation": null,
        "ground_elevation": null,
        "source": "OpenStreetMap",
        "capture_source": "map (1).osm",
        "is_cadastral": false,
        "legal_status": "UNVERIFIED_PHYSICAL_SURFACE",
        "ownership_status": "UNKNOWN_UNREGISTERED",
        "notes": "Extracted from OpenStreetMap way. Does not represent cadastral parcel or legal land ownership.",
        "tags": {
          "building": "yes"
        }
      },
      "geometry": {
        "type": "Polygon",
        "coordinates": [
          [
            [
              77.1098852,
              28.6477662
            ],
            [
              77.1100253,
              28.6478444
            ],
            [
              77.1101116,
              28.6477253
            ],
            [
              77.1099714,
              28.6476471
            ],
            [
              77.1098852,
              28.6477662
            ]
          ]
        ]
      }
    },
    {
      "type": "Feature",
      "id": "OSM-BUILDING-WAY-349985010",
      "properties": {
        "building_id": "OSM-BUILDING-WAY-349985010",
        "osm_id": "349985010",
        "osm_type": "way",
        "building": "yes",
        "name": null,
        "height": null,
        "building_levels": null,
        "underground_levels": null,
        "min_level": null,
        "roof_elevation": null,
        "ground_elevation": null,
        "source": "OpenStreetMap",
        "capture_source": "map (1).osm",
        "is_cadastral": false,
        "legal_status": "UNVERIFIED_PHYSICAL_SURFACE",
        "ownership_status": "UNKNOWN_UNREGISTERED",
        "notes": "Extracted from OpenStreetMap way. Does not represent cadastral parcel or legal land ownership.",
        "tags": {
          "building": "yes"
        }
      },
      "geometry": {
        "type": "Polygon",
        "coordinates": [
          [
            [
              77.1094989,
              28.6477679
            ],
            [
              77.1094124,
              28.6478826
            ],
            [
              77.1095863,
              28.6479837
            ],
            [
              77.1096728,
              28.647869
            ],
            [
              77.1094989,
              28.6477679
            ]
          ]
        ]
      }
    },
    {
      "type": "Feature",
      "id": "OSM-BUILDING-WAY-349985013",
      "properties": {
        "building_id": "OSM-BUILDING-WAY-349985013",
        "osm_id": "349985013",
        "osm_type": "way",
        "building": "yes",
        "name": null,
        "height": null,
        "building_levels": null,
        "underground_levels": null,
        "min_level": null,
        "roof_elevation": null,
        "ground_elevation": null,
        "source": "OpenStreetMap",
        "capture_source": "map (1).osm",
        "is_cadastral": false,
        "legal_status": "UNVERIFIED_PHYSICAL_SURFACE",
        "ownership_status": "UNKNOWN_UNREGISTERED",
        "notes": "Extracted from OpenStreetMap way. Does not represent cadastral parcel or legal land ownership.",
        "tags": {
          "building": "yes"
        }
      },
      "geometry": {
        "type": "Polygon",
        "coordinates": [
          [
            [
              77.1097353,
              28.6472553
            ],
            [
              77.1098707,
              28.6473282
            ],
            [
              77.1099497,
              28.6472153
            ],
            [
              77.1098143,
              28.6471423
            ],
            [
              77.1097353,
              28.6472553
            ]
          ]
        ]
      }
    },
    {
      "type": "Feature",
      "id": "OSM-BUILDING-WAY-349985014",
      "properties": {
        "building_id": "OSM-BUILDING-WAY-349985014",
        "osm_id": "349985014",
        "osm_type": "way",
        "building": "yes",
        "name": null,
        "height": null,
        "building_levels": null,
        "underground_levels": null,
        "min_level": null,
        "roof_elevation": null,
        "ground_elevation": null,
        "source": "OpenStreetMap",
        "capture_source": "map (1).osm",
        "is_cadastral": false,
        "legal_status": "UNVERIFIED_PHYSICAL_SURFACE",
        "ownership_status": "UNKNOWN_UNREGISTERED",
        "notes": "Extracted from OpenStreetMap way. Does not represent cadastral parcel or legal land ownership.",
        "tags": {
          "building": "yes"
        }
      },
      "geometry": {
        "type": "Polygon",
        "coordinates": [
          [
            [
              77.1093205,
              28.6478219
            ],
            [
              77.1093916,
              28.6478599
            ],
            [
              77.1094639,
              28.6477559
            ],
            [
              77.1093928,
              28.6477178
            ],
            [
              77.1093205,
              28.6478219
            ]
          ]
        ]
      }
    },
    {
      "type": "Feature",
      "id": "OSM-BUILDING-WAY-349985016",
      "properties": {
        "building_id": "OSM-BUILDING-WAY-349985016",
        "osm_id": "349985016",
        "osm_type": "way",
        "building": "yes",
        "name": null,
        "height": null,
        "building_levels": null,
        "underground_levels": null,
        "min_level": null,
        "roof_elevation": null,
        "ground_elevation": null,
        "source": "OpenStreetMap",
        "capture_source": "map (1).osm",
        "is_cadastral": false,
        "legal_status": "UNVERIFIED_PHYSICAL_SURFACE",
        "ownership_status": "UNKNOWN_UNREGISTERED",
        "notes": "Extracted from OpenStreetMap way. Does not represent cadastral parcel or legal land ownership.",
        "tags": {
          "building": "yes"
        }
      },
      "geometry": {
        "type": "Polygon",
        "coordinates": [
          [
            [
              77.1098383,
              28.6471293
            ],
            [
              77.1099719,
              28.6472004
            ],
            [
              77.1100397,
              28.6471023
            ],
            [
              77.109906,
              28.6470312
            ],
            [
              77.1098383,
              28.6471293
            ]
          ]
        ]
      }
    },
    {
      "type": "Feature",
      "id": "OSM-BUILDING-WAY-349985018",
      "properties": {
        "building_id": "OSM-BUILDING-WAY-349985018",
        "osm_id": "349985018",
        "osm_type": "way",
        "building": "yes",
        "name": null,
        "height": null,
        "building_levels": null,
        "underground_levels": null,
        "min_level": null,
        "roof_elevation": null,
        "ground_elevation": null,
        "source": "OpenStreetMap",
        "capture_source": "map (1).osm",
        "is_cadastral": false,
        "legal_status": "UNVERIFIED_PHYSICAL_SURFACE",
        "ownership_status": "UNKNOWN_UNREGISTERED",
        "notes": "Extracted from OpenStreetMap way. Does not represent cadastral parcel or legal land ownership.",
        "tags": {
          "building": "yes"
        }
      },
      "geometry": {
        "type": "Polygon",
        "coordinates": [
          [
            [
              77.1094072,
              28.6471599
            ],
            [
              77.1094531,
              28.6471891
            ],
            [
              77.1095423,
              28.6470811
            ],
            [
              77.1094964,
              28.6470519
            ],
            [
              77.1094072,
              28.6471599
            ]
          ]
        ]
      }
    },
    {
      "type": "Feature",
      "id": "OSM-BUILDING-WAY-349985019",
      "properties": {
        "building_id": "OSM-BUILDING-WAY-349985019",
        "osm_id": "349985019",
        "osm_type": "way",
        "building": "yes",
        "name": null,
        "height": null,
        "building_levels": null,
        "underground_levels": null,
        "min_level": null,
        "roof_elevation": null,
        "ground_elevation": null,
        "source": "OpenStreetMap",
        "capture_source": "map (1).osm",
        "is_cadastral": false,
        "legal_status": "UNVERIFIED_PHYSICAL_SURFACE",
        "ownership_status": "UNKNOWN_UNREGISTERED",
        "notes": "Extracted from OpenStreetMap way. Does not represent cadastral parcel or legal land ownership.",
        "tags": {
          "building": "yes"
        }
      },
      "geometry": {
        "type": "Polygon",
        "coordinates": [
          [
            [
              77.1112685,
              28.6472479
            ],
            [
              77.1114027,
              28.6473348
            ],
            [
              77.1114424,
              28.6472876
            ],
            [
              77.1113082,
              28.6472007
            ],
            [
              77.1112685,
              28.6472479
            ]
          ]
        ]
      }
    },
    {
      "type": "Feature",
      "id": "OSM-BUILDING-WAY-349985020",
      "properties": {
        "building_id": "OSM-BUILDING-WAY-349985020",
        "osm_id": "349985020",
        "osm_type": "way",
        "building": "yes",
        "name": null,
        "height": null,
        "building_levels": null,
        "underground_levels": null,
        "min_level": null,
        "roof_elevation": null,
        "ground_elevation": null,
        "source": "OpenStreetMap",
        "capture_source": "map (1).osm",
        "is_cadastral": false,
        "legal_status": "UNVERIFIED_PHYSICAL_SURFACE",
        "ownership_status": "UNKNOWN_UNREGISTERED",
        "notes": "Extracted from OpenStreetMap way. Does not represent cadastral parcel or legal land ownership.",
        "tags": {
          "building": "yes"
        }
      },
      "geometry": {
        "type": "Polygon",
        "coordinates": [
          [
            [
              77.1105765,
              28.6477828
            ],
            [
              77.1106559,
              28.6478271
            ],
            [
              77.1107507,
              28.6476963
            ],
            [
              77.1106714,
              28.647652
            ],
            [
              77.1105765,
              28.6477828
            ]
          ]
        ]
      }
    },
    {
      "type": "Feature",
      "id": "OSM-BUILDING-WAY-349985021",
      "properties": {
        "building_id": "OSM-BUILDING-WAY-349985021",
        "osm_id": "349985021",
        "osm_type": "way",
        "building": "yes",
        "name": null,
        "height": null,
        "building_levels": null,
        "underground_levels": null,
        "min_level": null,
        "roof_elevation": null,
        "ground_elevation": null,
        "source": "OpenStreetMap",
        "capture_source": "map (1).osm",
        "is_cadastral": false,
        "legal_status": "UNVERIFIED_PHYSICAL_SURFACE",
        "ownership_status": "UNKNOWN_UNREGISTERED",
        "notes": "Extracted from OpenStreetMap way. Does not represent cadastral parcel or legal land ownership.",
        "tags": {
          "building": "yes"
        }
      },
      "geometry": {
        "type": "Polygon",
        "coordinates": [
          [
            [
              77.1092118,
              28.6486045
            ],
            [
              77.1093467,
              28.6486838
            ],
            [
              77.1094382,
              28.6485638
            ],
            [
              77.1093032,
              28.6484846
            ],
            [
              77.1092118,
              28.6486045
            ]
          ]
        ]
      }
    },
    {
      "type": "Feature",
      "id": "OSM-BUILDING-WAY-349985022",
      "properties": {
        "building_id": "OSM-BUILDING-WAY-349985022",
        "osm_id": "349985022",
        "osm_type": "way",
        "building": "yes",
        "name": null,
        "height": null,
        "building_levels": null,
        "underground_levels": null,
        "min_level": null,
        "roof_elevation": null,
        "ground_elevation": null,
        "source": "OpenStreetMap",
        "capture_source": "map (1).osm",
        "is_cadastral": false,
        "legal_status": "UNVERIFIED_PHYSICAL_SURFACE",
        "ownership_status": "UNKNOWN_UNREGISTERED",
        "notes": "Extracted from OpenStreetMap way. Does not represent cadastral parcel or legal land ownership.",
        "tags": {
          "building": "yes"
        }
      },
      "geometry": {
        "type": "Polygon",
        "coordinates": [
          [
            [
              77.1104286,
              28.6476926
            ],
            [
              77.1105532,
              28.6477713
            ],
            [
              77.1105792,
              28.6477396
            ],
            [
              77.1104545,
              28.6476609
            ],
            [
              77.1104286,
              28.6476926
            ]
          ]
        ]
      }
    },
    {
      "type": "Feature",
      "id": "OSM-BUILDING-WAY-349985023",
      "properties": {
        "building_id": "OSM-BUILDING-WAY-349985023",
        "osm_id": "349985023",
        "osm_type": "way",
        "building": "yes",
        "name": null,
        "height": null,
        "building_levels": null,
        "underground_levels": null,
        "min_level": null,
        "roof_elevation": null,
        "ground_elevation": null,
        "source": "OpenStreetMap",
        "capture_source": "map (1).osm",
        "is_cadastral": false,
        "legal_status": "UNVERIFIED_PHYSICAL_SURFACE",
        "ownership_status": "UNKNOWN_UNREGISTERED",
        "notes": "Extracted from OpenStreetMap way. Does not represent cadastral parcel or legal land ownership.",
        "tags": {
          "building": "yes"
        }
      },
      "geometry": {
        "type": "Polygon",
        "coordinates": [
          [
            [
              77.1104034,
              28.6470922
            ],
            [
              77.1105534,
              28.6471755
            ],
            [
              77.1106234,
              28.6470784
            ],
            [
              77.1104734,
              28.6469951
            ],
            [
              77.1104034,
              28.6470922
            ]
          ]
        ]
      }
    },
    {
      "type": "Feature",
      "id": "OSM-BUILDING-WAY-349985024",
      "properties": {
        "building_id": "OSM-BUILDING-WAY-349985024",
        "osm_id": "349985024",
        "osm_type": "way",
        "building": "yes",
        "name": null,
        "height": null,
        "building_levels": null,
        "underground_levels": null,
        "min_level": null,
        "roof_elevation": null,
        "ground_elevation": null,
        "source": "OpenStreetMap",
        "capture_source": "map (1).osm",
        "is_cadastral": false,
        "legal_status": "UNVERIFIED_PHYSICAL_SURFACE",
        "ownership_status": "UNKNOWN_UNREGISTERED",
        "notes": "Extracted from OpenStreetMap way. Does not represent cadastral parcel or legal land ownership.",
        "tags": {
          "building": "yes"
        }
      },
      "geometry": {
        "type": "Polygon",
        "coordinates": [
          [
            [
              77.1117651,
              28.6482002
            ],
            [
              77.1118922,
              28.6482663
            ],
            [
              77.1119498,
              28.6481811
            ],
            [
              77.1118227,
              28.6481149
            ],
            [
              77.1117651,
              28.6482002
            ]
          ]
        ]
      }
    },
    {
      "type": "Feature",
      "id": "OSM-BUILDING-WAY-349985025",
      "properties": {
        "building_id": "OSM-BUILDING-WAY-349985025",
        "osm_id": "349985025",
        "osm_type": "way",
        "building": "yes",
        "name": null,
        "height": null,
        "building_levels": null,
        "underground_levels": null,
        "min_level": null,
        "roof_elevation": null,
        "ground_elevation": null,
        "source": "OpenStreetMap",
        "capture_source": "map (1).osm",
        "is_cadastral": false,
        "legal_status": "UNVERIFIED_PHYSICAL_SURFACE",
        "ownership_status": "UNKNOWN_UNREGISTERED",
        "notes": "Extracted from OpenStreetMap way. Does not represent cadastral parcel or legal land ownership.",
        "tags": {
          "building": "yes"
        }
      },
      "geometry": {
        "type": "Polygon",
        "coordinates": [
          [
            [
              77.1093778,
              28.6486937
            ],
            [
              77.109438,
              28.6487262
            ],
            [
              77.1095215,
              28.6486073
            ],
            [
              77.1094614,
              28.6485747
            ],
            [
              77.1093778,
              28.6486937
            ]
          ]
        ]
      }
    },
    {
      "type": "Feature",
      "id": "OSM-BUILDING-WAY-349985026",
      "properties": {
        "building_id": "OSM-BUILDING-WAY-349985026",
        "osm_id": "349985026",
        "osm_type": "way",
        "building": "yes",
        "name": null,
        "height": null,
        "building_levels": null,
        "underground_levels": null,
        "min_level": null,
        "roof_elevation": null,
        "ground_elevation": null,
        "source": "OpenStreetMap",
        "capture_source": "map (1).osm",
        "is_cadastral": false,
        "legal_status": "UNVERIFIED_PHYSICAL_SURFACE",
        "ownership_status": "UNKNOWN_UNREGISTERED",
        "notes": "Extracted from OpenStreetMap way. Does not represent cadastral parcel or legal land ownership.",
        "tags": {
          "building": "yes"
        }
      },
      "geometry": {
        "type": "Polygon",
        "coordinates": [
          [
            [
              77.110425,
              28.6486531
            ],
            [
              77.1104561,
              28.64867
            ],
            [
              77.1105408,
              28.6485501
            ],
            [
              77.1105097,
              28.6485331
            ],
            [
              77.110425,
              28.6486531
            ]
          ]
        ]
      }
    },
    {
      "type": "Feature",
      "id": "OSM-BUILDING-WAY-349985027",
      "properties": {
        "building_id": "OSM-BUILDING-WAY-349985027",
        "osm_id": "349985027",
        "osm_type": "way",
        "building": "yes",
        "name": null,
        "height": null,
        "building_levels": null,
        "underground_levels": null,
        "min_level": null,
        "roof_elevation": null,
        "ground_elevation": null,
        "source": "OpenStreetMap",
        "capture_source": "map (1).osm",
        "is_cadastral": false,
        "legal_status": "UNVERIFIED_PHYSICAL_SURFACE",
        "ownership_status": "UNKNOWN_UNREGISTERED",
        "notes": "Extracted from OpenStreetMap way. Does not represent cadastral parcel or legal land ownership.",
        "tags": {
          "building": "yes"
        }
      },
      "geometry": {
        "type": "Polygon",
        "coordinates": [
          [
            [
              77.1113979,
              28.6473839
            ],
            [
              77.1115321,
              28.6474708
            ],
            [
              77.1115718,
              28.6474236
            ],
            [
              77.1114376,
              28.6473367
            ],
            [
              77.1113979,
              28.6473839
            ]
          ]
        ]
      }
    },
    {
      "type": "Feature",
      "id": "OSM-BUILDING-WAY-349985029",
      "properties": {
        "building_id": "OSM-BUILDING-WAY-349985029",
        "osm_id": "349985029",
        "osm_type": "way",
        "building": "yes",
        "name": null,
        "height": null,
        "building_levels": null,
        "underground_levels": null,
        "min_level": null,
        "roof_elevation": null,
        "ground_elevation": null,
        "source": "OpenStreetMap",
        "capture_source": "map (1).osm",
        "is_cadastral": false,
        "legal_status": "UNVERIFIED_PHYSICAL_SURFACE",
        "ownership_status": "UNKNOWN_UNREGISTERED",
        "notes": "Extracted from OpenStreetMap way. Does not represent cadastral parcel or legal land ownership.",
        "tags": {
          "building": "yes"
        }
      },
      "geometry": {
        "type": "Polygon",
        "coordinates": [
          [
            [
              77.110153,
              28.6466869
            ],
            [
              77.1102736,
              28.646758
            ],
            [
              77.1103455,
              28.6466641
            ],
            [
              77.1102327,
              28.64659
            ],
            [
              77.110153,
              28.6466869
            ]
          ]
        ]
      }
    },
    {
      "type": "Feature",
      "id": "OSM-BUILDING-WAY-349985030",
      "properties": {
        "building_id": "OSM-BUILDING-WAY-349985030",
        "osm_id": "349985030",
        "osm_type": "way",
        "building": "yes",
        "name": null,
        "height": null,
        "building_levels": null,
        "underground_levels": null,
        "min_level": null,
        "roof_elevation": null,
        "ground_elevation": null,
        "source": "OpenStreetMap",
        "capture_source": "map (1).osm",
        "is_cadastral": false,
        "legal_status": "UNVERIFIED_PHYSICAL_SURFACE",
        "ownership_status": "UNKNOWN_UNREGISTERED",
        "notes": "Extracted from OpenStreetMap way. Does not represent cadastral parcel or legal land ownership.",
        "tags": {
          "building": "yes"
        }
      },
      "geometry": {
        "type": "Polygon",
        "coordinates": [
          [
            [
              77.1103994,
              28.6481012
            ],
            [
              77.1104825,
              28.6480031
            ],
            [
              77.1104016,
              28.6479504
            ],
            [
              77.1103186,
              28.6480485
            ],
            [
              77.1103994,
              28.6481012
            ]
          ]
        ]
      }
    },
    {
      "type": "Feature",
      "id": "OSM-BUILDING-WAY-349985032",
      "properties": {
        "building_id": "OSM-BUILDING-WAY-349985032",
        "osm_id": "349985032",
        "osm_type": "way",
        "building": "yes",
        "name": null,
        "height": null,
        "building_levels": null,
        "underground_levels": null,
        "min_level": null,
        "roof_elevation": null,
        "ground_elevation": null,
        "source": "OpenStreetMap",
        "capture_source": "map (1).osm",
        "is_cadastral": false,
        "legal_status": "UNVERIFIED_PHYSICAL_SURFACE",
        "ownership_status": "UNKNOWN_UNREGISTERED",
        "notes": "Extracted from OpenStreetMap way. Does not represent cadastral parcel or legal land ownership.",
        "tags": {
          "building": "yes"
        }
      },
      "geometry": {
        "type": "Polygon",
        "coordinates": [
          [
            [
              77.1102334,
              28.6465091
            ],
            [
              77.1103158,
              28.6464011
            ],
            [
              77.1102306,
              28.646351
            ],
            [
              77.1101482,
              28.6464591
            ],
            [
              77.1102334,
              28.6465091
            ]
          ]
        ]
      }
    },
    {
      "type": "Feature",
      "id": "OSM-BUILDING-WAY-349985033",
      "properties": {
        "building_id": "OSM-BUILDING-WAY-349985033",
        "osm_id": "349985033",
        "osm_type": "way",
        "building": "yes",
        "name": null,
        "height": null,
        "building_levels": null,
        "underground_levels": null,
        "min_level": null,
        "roof_elevation": null,
        "ground_elevation": null,
        "source": "OpenStreetMap",
        "capture_source": "map (1).osm",
        "is_cadastral": false,
        "legal_status": "UNVERIFIED_PHYSICAL_SURFACE",
        "ownership_status": "UNKNOWN_UNREGISTERED",
        "notes": "Extracted from OpenStreetMap way. Does not represent cadastral parcel or legal land ownership.",
        "tags": {
          "building": "yes"
        }
      },
      "geometry": {
        "type": "Polygon",
        "coordinates": [
          [
            [
              77.1106247,
              28.6472221
            ],
            [
              77.1106805,
              28.6472536
            ],
            [
              77.1107517,
              28.6471564
            ],
            [
              77.1106959,
              28.6471249
            ],
            [
              77.1106247,
              28.6472221
            ]
          ]
        ]
      }
    },
    {
      "type": "Feature",
      "id": "OSM-BUILDING-WAY-349985035",
      "properties": {
        "building_id": "OSM-BUILDING-WAY-349985035",
        "osm_id": "349985035",
        "osm_type": "way",
        "building": "yes",
        "name": null,
        "height": null,
        "building_levels": null,
        "underground_levels": null,
        "min_level": null,
        "roof_elevation": null,
        "ground_elevation": null,
        "source": "OpenStreetMap",
        "capture_source": "map (1).osm",
        "is_cadastral": false,
        "legal_status": "UNVERIFIED_PHYSICAL_SURFACE",
        "ownership_status": "UNKNOWN_UNREGISTERED",
        "notes": "Extracted from OpenStreetMap way. Does not represent cadastral parcel or legal land ownership.",
        "tags": {
          "building": "yes"
        }
      },
      "geometry": {
        "type": "Polygon",
        "coordinates": [
          [
            [
              77.1101981,
              28.6482642
            ],
            [
              77.1103192,
              28.6483368
            ],
            [
              77.1103678,
              28.6482744
            ],
            [
              77.1102466,
              28.6482018
            ],
            [
              77.1101981,
              28.6482642
            ]
          ]
        ]
      }
    },
    {
      "type": "Feature",
      "id": "OSM-BUILDING-WAY-349985036",
      "properties": {
        "building_id": "OSM-BUILDING-WAY-349985036",
        "osm_id": "349985036",
        "osm_type": "way",
        "building": "yes",
        "name": null,
        "height": null,
        "building_levels": null,
        "underground_levels": null,
        "min_level": null,
        "roof_elevation": null,
        "ground_elevation": null,
        "source": "OpenStreetMap",
        "capture_source": "map (1).osm",
        "is_cadastral": false,
        "legal_status": "UNVERIFIED_PHYSICAL_SURFACE",
        "ownership_status": "UNKNOWN_UNREGISTERED",
        "notes": "Extracted from OpenStreetMap way. Does not represent cadastral parcel or legal land ownership.",
        "tags": {
          "building": "yes"
        }
      },
      "geometry": {
        "type": "Polygon",
        "coordinates": [
          [
            [
              77.1122271,
              28.6459391
            ],
            [
              77.1123482,
              28.6460209
            ],
            [
              77.1124281,
              28.6459297
            ],
            [
              77.112307,
              28.645848
            ],
            [
              77.1122271,
              28.6459391
            ]
          ]
        ]
      }
    },
    {
      "type": "Feature",
      "id": "OSM-BUILDING-WAY-349985037",
      "properties": {
        "building_id": "OSM-BUILDING-WAY-349985037",
        "osm_id": "349985037",
        "osm_type": "way",
        "building": "yes",
        "name": null,
        "height": null,
        "building_levels": null,
        "underground_levels": null,
        "min_level": null,
        "roof_elevation": null,
        "ground_elevation": null,
        "source": "OpenStreetMap",
        "capture_source": "map (1).osm",
        "is_cadastral": false,
        "legal_status": "UNVERIFIED_PHYSICAL_SURFACE",
        "ownership_status": "UNKNOWN_UNREGISTERED",
        "notes": "Extracted from OpenStreetMap way. Does not represent cadastral parcel or legal land ownership.",
        "tags": {
          "building": "yes"
        }
      },
      "geometry": {
        "type": "Polygon",
        "coordinates": [
          [
            [
              77.1111105,
              28.6478886
            ],
            [
              77.1111763,
              28.6479251
            ],
            [
              77.1112576,
              28.6478121
            ],
            [
              77.1111918,
              28.6477756
            ],
            [
              77.1111105,
              28.6478886
            ]
          ]
        ]
      }
    },
    {
      "type": "Feature",
      "id": "OSM-BUILDING-WAY-349985039",
      "properties": {
        "building_id": "OSM-BUILDING-WAY-349985039",
        "osm_id": "349985039",
        "osm_type": "way",
        "building": "yes",
        "name": null,
        "height": null,
        "building_levels": null,
        "underground_levels": null,
        "min_level": null,
        "roof_elevation": null,
        "ground_elevation": null,
        "source": "OpenStreetMap",
        "capture_source": "map (1).osm",
        "is_cadastral": false,
        "legal_status": "UNVERIFIED_PHYSICAL_SURFACE",
        "ownership_status": "UNKNOWN_UNREGISTERED",
        "notes": "Extracted from OpenStreetMap way. Does not represent cadastral parcel or legal land ownership.",
        "tags": {
          "building": "yes"
        }
      },
      "geometry": {
        "type": "Polygon",
        "coordinates": [
          [
            [
              77.1101159,
              28.6481052
            ],
            [
              77.1102443,
              28.6481782
            ],
            [
              77.1103087,
              28.648091
            ],
            [
              77.1101803,
              28.648018
            ],
            [
              77.1101159,
              28.6481052
            ]
          ]
        ]
      }
    },
    {
      "type": "Feature",
      "id": "OSM-BUILDING-WAY-349985042",
      "properties": {
        "building_id": "OSM-BUILDING-WAY-349985042",
        "osm_id": "349985042",
        "osm_type": "way",
        "building": "yes",
        "name": null,
        "height": null,
        "building_levels": null,
        "underground_levels": null,
        "min_level": null,
        "roof_elevation": null,
        "ground_elevation": null,
        "source": "OpenStreetMap",
        "capture_source": "map (1).osm",
        "is_cadastral": false,
        "legal_status": "UNVERIFIED_PHYSICAL_SURFACE",
        "ownership_status": "UNKNOWN_UNREGISTERED",
        "notes": "Extracted from OpenStreetMap way. Does not represent cadastral parcel or legal land ownership.",
        "tags": {
          "building": "yes"
        }
      },
      "geometry": {
        "type": "Polygon",
        "coordinates": [
          [
            [
              77.1099142,
              28.6470103
            ],
            [
              77.1100468,
              28.6470859
            ],
            [
              77.1101202,
              28.6469868
            ],
            [
              77.1099876,
              28.6469111
            ],
            [
              77.1099142,
              28.6470103
            ]
          ]
        ]
      }
    },
    {
      "type": "Feature",
      "id": "OSM-BUILDING-WAY-349985043",
      "properties": {
        "building_id": "OSM-BUILDING-WAY-349985043",
        "osm_id": "349985043",
        "osm_type": "way",
        "building": "yes",
        "name": null,
        "height": null,
        "building_levels": null,
        "underground_levels": null,
        "min_level": null,
        "roof_elevation": null,
        "ground_elevation": null,
        "source": "OpenStreetMap",
        "capture_source": "map (1).osm",
        "is_cadastral": false,
        "legal_status": "UNVERIFIED_PHYSICAL_SURFACE",
        "ownership_status": "UNKNOWN_UNREGISTERED",
        "notes": "Extracted from OpenStreetMap way. Does not represent cadastral parcel or legal land ownership.",
        "tags": {
          "building": "yes"
        }
      },
      "geometry": {
        "type": "Polygon",
        "coordinates": [
          [
            [
              77.1113723,
              28.6470728
            ],
            [
              77.1115065,
              28.6471597
            ],
            [
              77.1115462,
              28.6471125
            ],
            [
              77.111412,
              28.6470256
            ],
            [
              77.1113723,
              28.6470728
            ]
          ]
        ]
      }
    },
    {
      "type": "Feature",
      "id": "OSM-BUILDING-WAY-349985044",
      "properties": {
        "building_id": "OSM-BUILDING-WAY-349985044",
        "osm_id": "349985044",
        "osm_type": "way",
        "building": "yes",
        "name": null,
        "height": null,
        "building_levels": null,
        "underground_levels": null,
        "min_level": null,
        "roof_elevation": null,
        "ground_elevation": null,
        "source": "OpenStreetMap",
        "capture_source": "map (1).osm",
        "is_cadastral": false,
        "legal_status": "UNVERIFIED_PHYSICAL_SURFACE",
        "ownership_status": "UNKNOWN_UNREGISTERED",
        "notes": "Extracted from OpenStreetMap way. Does not represent cadastral parcel or legal land ownership.",
        "tags": {
          "building": "yes"
        }
      },
      "geometry": {
        "type": "Polygon",
        "coordinates": [
          [
            [
              77.1083933,
              28.6478592
            ],
            [
              77.1084544,
              28.6478955
            ],
            [
              77.1085518,
              28.6477694
            ],
            [
              77.1084907,
              28.6477331
            ],
            [
              77.1083933,
              28.6478592
            ]
          ]
        ]
      }
    },
    {
      "type": "Feature",
      "id": "OSM-BUILDING-WAY-349985045",
      "properties": {
        "building_id": "OSM-BUILDING-WAY-349985045",
        "osm_id": "349985045",
        "osm_type": "way",
        "building": "yes",
        "name": null,
        "height": null,
        "building_levels": null,
        "underground_levels": null,
        "min_level": null,
        "roof_elevation": null,
        "ground_elevation": null,
        "source": "OpenStreetMap",
        "capture_source": "map (1).osm",
        "is_cadastral": false,
        "legal_status": "UNVERIFIED_PHYSICAL_SURFACE",
        "ownership_status": "UNKNOWN_UNREGISTERED",
        "notes": "Extracted from OpenStreetMap way. Does not represent cadastral parcel or legal land ownership.",
        "tags": {
          "building": "yes"
        }
      },
      "geometry": {
        "type": "Polygon",
        "coordinates": [
          [
            [
              77.1101247,
              28.6477396
            ],
            [
              77.110205,
              28.6477868
            ],
            [
              77.1103024,
              28.6476593
            ],
            [
              77.1102221,
              28.6476121
            ],
            [
              77.1101247,
              28.6477396
            ]
          ]
        ]
      }
    },
    {
      "type": "Feature",
      "id": "OSM-BUILDING-WAY-349985046",
      "properties": {
        "building_id": "OSM-BUILDING-WAY-349985046",
        "osm_id": "349985046",
        "osm_type": "way",
        "building": "yes",
        "name": null,
        "height": null,
        "building_levels": null,
        "underground_levels": null,
        "min_level": null,
        "roof_elevation": null,
        "ground_elevation": null,
        "source": "OpenStreetMap",
        "capture_source": "map (1).osm",
        "is_cadastral": false,
        "legal_status": "UNVERIFIED_PHYSICAL_SURFACE",
        "ownership_status": "UNKNOWN_UNREGISTERED",
        "notes": "Extracted from OpenStreetMap way. Does not represent cadastral parcel or legal land ownership.",
        "tags": {
          "building": "yes"
        }
      },
      "geometry": {
        "type": "Polygon",
        "coordinates": [
          [
            [
              77.10977,
              28.6474791
            ],
            [
              77.1096616,
              28.6476076
            ],
            [
              77.109791,
              28.6476917
            ],
            [
              77.1098994,
              28.6475632
            ],
            [
              77.10977,
              28.6474791
            ]
          ]
        ]
      }
    },
    {
      "type": "Feature",
      "id": "OSM-BUILDING-WAY-349985047",
      "properties": {
        "building_id": "OSM-BUILDING-WAY-349985047",
        "osm_id": "349985047",
        "osm_type": "way",
        "building": "yes",
        "name": null,
        "height": null,
        "building_levels": null,
        "underground_levels": null,
        "min_level": null,
        "roof_elevation": null,
        "ground_elevation": null,
        "source": "OpenStreetMap",
        "capture_source": "map (1).osm",
        "is_cadastral": false,
        "legal_status": "UNVERIFIED_PHYSICAL_SURFACE",
        "ownership_status": "UNKNOWN_UNREGISTERED",
        "notes": "Extracted from OpenStreetMap way. Does not represent cadastral parcel or legal land ownership.",
        "tags": {
          "building": "yes"
        }
      },
      "geometry": {
        "type": "Polygon",
        "coordinates": [
          [
            [
              77.1103674,
              28.6486134
            ],
            [
              77.1104126,
              28.6486432
            ],
            [
              77.1105027,
              28.6485377
            ],
            [
              77.1104575,
              28.648508
            ],
            [
              77.1103674,
              28.6486134
            ]
          ]
        ]
      }
    },
    {
      "type": "Feature",
      "id": "OSM-BUILDING-WAY-349985048",
      "properties": {
        "building_id": "OSM-BUILDING-WAY-349985048",
        "osm_id": "349985048",
        "osm_type": "way",
        "building": "yes",
        "name": null,
        "height": null,
        "building_levels": null,
        "underground_levels": null,
        "min_level": null,
        "roof_elevation": null,
        "ground_elevation": null,
        "source": "OpenStreetMap",
        "capture_source": "map (1).osm",
        "is_cadastral": false,
        "legal_status": "UNVERIFIED_PHYSICAL_SURFACE",
        "ownership_status": "UNKNOWN_UNREGISTERED",
        "notes": "Extracted from OpenStreetMap way. Does not represent cadastral parcel or legal land ownership.",
        "tags": {
          "building": "yes"
        }
      },
      "geometry": {
        "type": "Polygon",
        "coordinates": [
          [
            [
              77.1108049,
              28.6479153
            ],
            [
              77.1108882,
              28.6477828
            ],
            [
              77.1108246,
              28.6477488
            ],
            [
              77.1107365,
              28.6478757
            ],
            [
              77.1108049,
              28.6479153
            ]
          ]
        ]
      }
    },
    {
      "type": "Feature",
      "id": "OSM-BUILDING-WAY-349985049",
      "properties": {
        "building_id": "OSM-BUILDING-WAY-349985049",
        "osm_id": "349985049",
        "osm_type": "way",
        "building": "yes",
        "name": null,
        "height": null,
        "building_levels": null,
        "underground_levels": null,
        "min_level": null,
        "roof_elevation": null,
        "ground_elevation": null,
        "source": "OpenStreetMap",
        "capture_source": "map (1).osm",
        "is_cadastral": false,
        "legal_status": "UNVERIFIED_PHYSICAL_SURFACE",
        "ownership_status": "UNKNOWN_UNREGISTERED",
        "notes": "Extracted from OpenStreetMap way. Does not represent cadastral parcel or legal land ownership.",
        "tags": {
          "building": "yes"
        }
      },
      "geometry": {
        "type": "Polygon",
        "coordinates": [
          [
            [
              77.1101888,
              28.647011
            ],
            [
              77.1099765,
              28.6473272
            ],
            [
              77.1101138,
              28.6473982
            ],
            [
              77.1103262,
              28.647082
            ],
            [
              77.1101888,
              28.647011
            ]
          ]
        ]
      }
    },
    {
      "type": "Feature",
      "id": "OSM-BUILDING-WAY-349985050",
      "properties": {
        "building_id": "OSM-BUILDING-WAY-349985050",
        "osm_id": "349985050",
        "osm_type": "way",
        "building": "yes",
        "name": null,
        "height": null,
        "building_levels": null,
        "underground_levels": null,
        "min_level": null,
        "roof_elevation": null,
        "ground_elevation": null,
        "source": "OpenStreetMap",
        "capture_source": "map (1).osm",
        "is_cadastral": false,
        "legal_status": "UNVERIFIED_PHYSICAL_SURFACE",
        "ownership_status": "UNKNOWN_UNREGISTERED",
        "notes": "Extracted from OpenStreetMap way. Does not represent cadastral parcel or legal land ownership.",
        "tags": {
          "building": "yes"
        }
      },
      "geometry": {
        "type": "Polygon",
        "coordinates": [
          [
            [
              77.1083334,
              28.6480928
            ],
            [
              77.1084428,
              28.6481526
            ],
            [
              77.1085243,
              28.6480377
            ],
            [
              77.1084148,
              28.6479779
            ],
            [
              77.1083334,
              28.6480928
            ]
          ]
        ]
      }
    },
    {
      "type": "Feature",
      "id": "OSM-BUILDING-WAY-349985051",
      "properties": {
        "building_id": "OSM-BUILDING-WAY-349985051",
        "osm_id": "349985051",
        "osm_type": "way",
        "building": "yes",
        "name": null,
        "height": null,
        "building_levels": null,
        "underground_levels": null,
        "min_level": null,
        "roof_elevation": null,
        "ground_elevation": null,
        "source": "OpenStreetMap",
        "capture_source": "map (1).osm",
        "is_cadastral": false,
        "legal_status": "UNVERIFIED_PHYSICAL_SURFACE",
        "ownership_status": "UNKNOWN_UNREGISTERED",
        "notes": "Extracted from OpenStreetMap way. Does not represent cadastral parcel or legal land ownership.",
        "tags": {
          "building": "yes"
        }
      },
      "geometry": {
        "type": "Polygon",
        "coordinates": [
          [
            [
              77.1094602,
              28.6474819
            ],
            [
              77.1095464,
              28.647367
            ],
            [
              77.109463,
              28.6473188
            ],
            [
              77.1093768,
              28.6474337
            ],
            [
              77.1094602,
              28.6474819
            ]
          ]
        ]
      }
    },
    {
      "type": "Feature",
      "id": "OSM-BUILDING-WAY-349985052",
      "properties": {
        "building_id": "OSM-BUILDING-WAY-349985052",
        "osm_id": "349985052",
        "osm_type": "way",
        "building": "yes",
        "name": null,
        "height": null,
        "building_levels": null,
        "underground_levels": null,
        "min_level": null,
        "roof_elevation": null,
        "ground_elevation": null,
        "source": "OpenStreetMap",
        "capture_source": "map (1).osm",
        "is_cadastral": false,
        "legal_status": "UNVERIFIED_PHYSICAL_SURFACE",
        "ownership_status": "UNKNOWN_UNREGISTERED",
        "notes": "Extracted from OpenStreetMap way. Does not represent cadastral parcel or legal land ownership.",
        "tags": {
          "building": "yes"
        }
      },
      "geometry": {
        "type": "Polygon",
        "coordinates": [
          [
            [
              77.1117841,
              28.6466521
            ],
            [
              77.1118212,
              28.6466091
            ],
            [
              77.1117152,
              28.6465386
            ],
            [
              77.1116781,
              28.6465816
            ],
            [
              77.1117841,
              28.6466521
            ]
          ]
        ]
      }
    },
    {
      "type": "Feature",
      "id": "OSM-BUILDING-WAY-349985053",
      "properties": {
        "building_id": "OSM-BUILDING-WAY-349985053",
        "osm_id": "349985053",
        "osm_type": "way",
        "building": "yes",
        "name": null,
        "height": null,
        "building_levels": null,
        "underground_levels": null,
        "min_level": null,
        "roof_elevation": null,
        "ground_elevation": null,
        "source": "OpenStreetMap",
        "capture_source": "map (1).osm",
        "is_cadastral": false,
        "legal_status": "UNVERIFIED_PHYSICAL_SURFACE",
        "ownership_status": "UNKNOWN_UNREGISTERED",
        "notes": "Extracted from OpenStreetMap way. Does not represent cadastral parcel or legal land ownership.",
        "tags": {
          "building": "yes"
        }
      },
      "geometry": {
        "type": "Polygon",
        "coordinates": [
          [
            [
              77.1095596,
              28.6489652
            ],
            [
              77.1096172,
              28.6490048
            ],
            [
              77.1097006,
              28.6489116
            ],
            [
              77.109643,
              28.648872
            ],
            [
              77.1095596,
              28.6489652
            ]
          ]
        ]
      }
    },
    {
      "type": "Feature",
      "id": "OSM-BUILDING-WAY-349985054",
      "properties": {
        "building_id": "OSM-BUILDING-WAY-349985054",
        "osm_id": "349985054",
        "osm_type": "way",
        "building": "yes",
        "name": null,
        "height": null,
        "building_levels": null,
        "underground_levels": null,
        "min_level": null,
        "roof_elevation": null,
        "ground_elevation": null,
        "source": "OpenStreetMap",
        "capture_source": "map (1).osm",
        "is_cadastral": false,
        "legal_status": "UNVERIFIED_PHYSICAL_SURFACE",
        "ownership_status": "UNKNOWN_UNREGISTERED",
        "notes": "Extracted from OpenStreetMap way. Does not represent cadastral parcel or legal land ownership.",
        "tags": {
          "building": "yes"
        }
      },
      "geometry": {
        "type": "Polygon",
        "coordinates": [
          [
            [
              77.1123952,
              28.6475904
            ],
            [
              77.1122436,
              28.647503
            ],
            [
              77.1121366,
              28.6476459
            ],
            [
              77.1122882,
              28.6477333
            ],
            [
              77.1123952,
              28.6475904
            ]
          ]
        ]
      }
    },
    {
      "type": "Feature",
      "id": "OSM-BUILDING-WAY-349985055",
      "properties": {
        "building_id": "OSM-BUILDING-WAY-349985055",
        "osm_id": "349985055",
        "osm_type": "way",
        "building": "yes",
        "name": null,
        "height": null,
        "building_levels": null,
        "underground_levels": null,
        "min_level": null,
        "roof_elevation": null,
        "ground_elevation": null,
        "source": "OpenStreetMap",
        "capture_source": "map (1).osm",
        "is_cadastral": false,
        "legal_status": "UNVERIFIED_PHYSICAL_SURFACE",
        "ownership_status": "UNKNOWN_UNREGISTERED",
        "notes": "Extracted from OpenStreetMap way. Does not represent cadastral parcel or legal land ownership.",
        "tags": {
          "building": "yes"
        }
      },
      "geometry": {
        "type": "Polygon",
        "coordinates": [
          [
            [
              77.1111648,
              28.64896
            ],
            [
              77.1112103,
              28.6488984
            ],
            [
              77.1110801,
              28.6488245
            ],
            [
              77.1110347,
              28.6488861
            ],
            [
              77.1111648,
              28.64896
            ]
          ]
        ]
      }
    },
    {
      "type": "Feature",
      "id": "OSM-BUILDING-WAY-349985056",
      "properties": {
        "building_id": "OSM-BUILDING-WAY-349985056",
        "osm_id": "349985056",
        "osm_type": "way",
        "building": "yes",
        "name": null,
        "height": null,
        "building_levels": null,
        "underground_levels": null,
        "min_level": null,
        "roof_elevation": null,
        "ground_elevation": null,
        "source": "OpenStreetMap",
        "capture_source": "map (1).osm",
        "is_cadastral": false,
        "legal_status": "UNVERIFIED_PHYSICAL_SURFACE",
        "ownership_status": "UNKNOWN_UNREGISTERED",
        "notes": "Extracted from OpenStreetMap way. Does not represent cadastral parcel or legal land ownership.",
        "tags": {
          "building": "yes"
        }
      },
      "geometry": {
        "type": "Polygon",
        "coordinates": [
          [
            [
              77.1091474,
              28.6486818
            ],
            [
              77.1092926,
              28.6487783
            ],
            [
              77.1093529,
              28.6487083
            ],
            [
              77.1092077,
              28.6486119
            ],
            [
              77.1091474,
              28.6486818
            ]
          ]
        ]
      }
    },
    {
      "type": "Feature",
      "id": "OSM-BUILDING-WAY-349985057",
      "properties": {
        "building_id": "OSM-BUILDING-WAY-349985057",
        "osm_id": "349985057",
        "osm_type": "way",
        "building": "yes",
        "name": null,
        "height": null,
        "building_levels": null,
        "underground_levels": null,
        "min_level": null,
        "roof_elevation": null,
        "ground_elevation": null,
        "source": "OpenStreetMap",
        "capture_source": "map (1).osm",
        "is_cadastral": false,
        "legal_status": "UNVERIFIED_PHYSICAL_SURFACE",
        "ownership_status": "UNKNOWN_UNREGISTERED",
        "notes": "Extracted from OpenStreetMap way. Does not represent cadastral parcel or legal land ownership.",
        "tags": {
          "building": "yes"
        }
      },
      "geometry": {
        "type": "Polygon",
        "coordinates": [
          [
            [
              77.1102327,
              28.64659
            ],
            [
              77.1103688,
              28.646666
            ],
            [
              77.1104583,
              28.6465427
            ],
            [
              77.1103222,
              28.6464667
            ],
            [
              77.1102327,
              28.64659
            ]
          ]
        ]
      }
    },
    {
      "type": "Feature",
      "id": "OSM-BUILDING-WAY-349985058",
      "properties": {
        "building_id": "OSM-BUILDING-WAY-349985058",
        "osm_id": "349985058",
        "osm_type": "way",
        "building": "yes",
        "name": null,
        "height": null,
        "building_levels": null,
        "underground_levels": null,
        "min_level": null,
        "roof_elevation": null,
        "ground_elevation": null,
        "source": "OpenStreetMap",
        "capture_source": "map (1).osm",
        "is_cadastral": false,
        "legal_status": "UNVERIFIED_PHYSICAL_SURFACE",
        "ownership_status": "UNKNOWN_UNREGISTERED",
        "notes": "Extracted from OpenStreetMap way. Does not represent cadastral parcel or legal land ownership.",
        "tags": {
          "building": "yes"
        }
      },
      "geometry": {
        "type": "Polygon",
        "coordinates": [
          [
            [
              77.1103977,
              28.6473267
            ],
            [
              77.110571,
              28.6474206
            ],
            [
              77.1106569,
              28.6472987
            ],
            [
              77.1104836,
              28.6472048
            ],
            [
              77.1103977,
              28.6473267
            ]
          ]
        ]
      }
    },
    {
      "type": "Feature",
      "id": "OSM-BUILDING-WAY-349985059",
      "properties": {
        "building_id": "OSM-BUILDING-WAY-349985059",
        "osm_id": "349985059",
        "osm_type": "way",
        "building": "yes",
        "name": null,
        "height": null,
        "building_levels": null,
        "underground_levels": null,
        "min_level": null,
        "roof_elevation": null,
        "ground_elevation": null,
        "source": "OpenStreetMap",
        "capture_source": "map (1).osm",
        "is_cadastral": false,
        "legal_status": "UNVERIFIED_PHYSICAL_SURFACE",
        "ownership_status": "UNKNOWN_UNREGISTERED",
        "notes": "Extracted from OpenStreetMap way. Does not represent cadastral parcel or legal land ownership.",
        "tags": {
          "building": "yes"
        }
      },
      "geometry": {
        "type": "Polygon",
        "coordinates": [
          [
            [
              77.1091927,
              28.6473287
            ],
            [
              77.1092808,
              28.6473832
            ],
            [
              77.1093767,
              28.6472641
            ],
            [
              77.1092886,
              28.6472095
            ],
            [
              77.1091927,
              28.6473287
            ]
          ]
        ]
      }
    },
    {
      "type": "Feature",
      "id": "OSM-BUILDING-WAY-349985060",
      "properties": {
        "building_id": "OSM-BUILDING-WAY-349985060",
        "osm_id": "349985060",
        "osm_type": "way",
        "building": "yes",
        "name": null,
        "height": null,
        "building_levels": null,
        "underground_levels": null,
        "min_level": null,
        "roof_elevation": null,
        "ground_elevation": null,
        "source": "OpenStreetMap",
        "capture_source": "map (1).osm",
        "is_cadastral": false,
        "legal_status": "UNVERIFIED_PHYSICAL_SURFACE",
        "ownership_status": "UNKNOWN_UNREGISTERED",
        "notes": "Extracted from OpenStreetMap way. Does not represent cadastral parcel or legal land ownership.",
        "tags": {
          "building": "yes"
        }
      },
      "geometry": {
        "type": "Polygon",
        "coordinates": [
          [
            [
              77.1096251,
              28.6486768
            ],
            [
              77.1095317,
              28.6487891
            ],
            [
              77.1096153,
              28.6488427
            ],
            [
              77.1097087,
              28.6487303
            ],
            [
              77.1096251,
              28.6486768
            ]
          ]
        ]
      }
    },
    {
      "type": "Feature",
      "id": "OSM-BUILDING-WAY-349985061",
      "properties": {
        "building_id": "OSM-BUILDING-WAY-349985061",
        "osm_id": "349985061",
        "osm_type": "way",
        "building": "yes",
        "name": null,
        "height": null,
        "building_levels": null,
        "underground_levels": null,
        "min_level": null,
        "roof_elevation": null,
        "ground_elevation": null,
        "source": "OpenStreetMap",
        "capture_source": "map (1).osm",
        "is_cadastral": false,
        "legal_status": "UNVERIFIED_PHYSICAL_SURFACE",
        "ownership_status": "UNKNOWN_UNREGISTERED",
        "notes": "Extracted from OpenStreetMap way. Does not represent cadastral parcel or legal land ownership.",
        "tags": {
          "building": "yes"
        }
      },
      "geometry": {
        "type": "Polygon",
        "coordinates": [
          [
            [
              77.1109093,
              28.6467449
            ],
            [
              77.1110179,
              28.6468039
            ],
            [
              77.111106,
              28.646679
            ],
            [
              77.1109974,
              28.64662
            ],
            [
              77.1109093,
              28.6467449
            ]
          ]
        ]
      }
    },
    {
      "type": "Feature",
      "id": "OSM-BUILDING-WAY-349985062",
      "properties": {
        "building_id": "OSM-BUILDING-WAY-349985062",
        "osm_id": "349985062",
        "osm_type": "way",
        "building": "yes",
        "name": null,
        "height": null,
        "building_levels": null,
        "underground_levels": null,
        "min_level": null,
        "roof_elevation": null,
        "ground_elevation": null,
        "source": "OpenStreetMap",
        "capture_source": "map (1).osm",
        "is_cadastral": false,
        "legal_status": "UNVERIFIED_PHYSICAL_SURFACE",
        "ownership_status": "UNKNOWN_UNREGISTERED",
        "notes": "Extracted from OpenStreetMap way. Does not represent cadastral parcel or legal land ownership.",
        "tags": {
          "building": "yes"
        }
      },
      "geometry": {
        "type": "Polygon",
        "coordinates": [
          [
            [
              77.1103785,
              28.6470893
            ],
            [
              77.110461,
              28.6469911
            ],
            [
              77.1103962,
              28.6469492
            ],
            [
              77.1103138,
              28.6470474
            ],
            [
              77.1103785,
              28.6470893
            ]
          ]
        ]
      }
    },
    {
      "type": "Feature",
      "id": "OSM-BUILDING-WAY-349985065",
      "properties": {
        "building_id": "OSM-BUILDING-WAY-349985065",
        "osm_id": "349985065",
        "osm_type": "way",
        "building": "yes",
        "name": null,
        "height": null,
        "building_levels": null,
        "underground_levels": null,
        "min_level": null,
        "roof_elevation": null,
        "ground_elevation": null,
        "source": "OpenStreetMap",
        "capture_source": "map (1).osm",
        "is_cadastral": false,
        "legal_status": "UNVERIFIED_PHYSICAL_SURFACE",
        "ownership_status": "UNKNOWN_UNREGISTERED",
        "notes": "Extracted from OpenStreetMap way. Does not represent cadastral parcel or legal land ownership.",
        "tags": {
          "building": "yes"
        }
      },
      "geometry": {
        "type": "Polygon",
        "coordinates": [
          [
            [
              77.1099194,
              28.648351
            ],
            [
              77.1100572,
              28.648434
            ],
            [
              77.1101017,
              28.6483772
            ],
            [
              77.1099639,
              28.6482942
            ],
            [
              77.1099194,
              28.648351
            ]
          ]
        ]
      }
    },
    {
      "type": "Feature",
      "id": "OSM-BUILDING-WAY-349985067",
      "properties": {
        "building_id": "OSM-BUILDING-WAY-349985067",
        "osm_id": "349985067",
        "osm_type": "way",
        "building": "yes",
        "name": null,
        "height": null,
        "building_levels": null,
        "underground_levels": null,
        "min_level": null,
        "roof_elevation": null,
        "ground_elevation": null,
        "source": "OpenStreetMap",
        "capture_source": "map (1).osm",
        "is_cadastral": false,
        "legal_status": "UNVERIFIED_PHYSICAL_SURFACE",
        "ownership_status": "UNKNOWN_UNREGISTERED",
        "notes": "Extracted from OpenStreetMap way. Does not represent cadastral parcel or legal land ownership.",
        "tags": {
          "building": "yes"
        }
      },
      "geometry": {
        "type": "Polygon",
        "coordinates": [
          [
            [
              77.1111792,
              28.6468985
            ],
            [
              77.11128,
              28.6469583
            ],
            [
              77.1113624,
              28.6468512
            ],
            [
              77.1112617,
              28.6467915
            ],
            [
              77.1111792,
              28.6468985
            ]
          ]
        ]
      }
    },
    {
      "type": "Feature",
      "id": "OSM-BUILDING-WAY-349985069",
      "properties": {
        "building_id": "OSM-BUILDING-WAY-349985069",
        "osm_id": "349985069",
        "osm_type": "way",
        "building": "yes",
        "name": null,
        "height": null,
        "building_levels": null,
        "underground_levels": null,
        "min_level": null,
        "roof_elevation": null,
        "ground_elevation": null,
        "source": "OpenStreetMap",
        "capture_source": "map (1).osm",
        "is_cadastral": false,
        "legal_status": "UNVERIFIED_PHYSICAL_SURFACE",
        "ownership_status": "UNKNOWN_UNREGISTERED",
        "notes": "Extracted from OpenStreetMap way. Does not represent cadastral parcel or legal land ownership.",
        "tags": {
          "building": "yes"
        }
      },
      "geometry": {
        "type": "Polygon",
        "coordinates": [
          [
            [
              77.1101171,
              28.6483817
            ],
            [
              77.1102395,
              28.6484462
            ],
            [
              77.1102937,
              28.6483669
            ],
            [
              77.1101713,
              28.6483024
            ],
            [
              77.1101171,
              28.6483817
            ]
          ]
        ]
      }
    },
    {
      "type": "Feature",
      "id": "OSM-BUILDING-WAY-349985070",
      "properties": {
        "building_id": "OSM-BUILDING-WAY-349985070",
        "osm_id": "349985070",
        "osm_type": "way",
        "building": "yes",
        "name": null,
        "height": null,
        "building_levels": null,
        "underground_levels": null,
        "min_level": null,
        "roof_elevation": null,
        "ground_elevation": null,
        "source": "OpenStreetMap",
        "capture_source": "map (1).osm",
        "is_cadastral": false,
        "legal_status": "UNVERIFIED_PHYSICAL_SURFACE",
        "ownership_status": "UNKNOWN_UNREGISTERED",
        "notes": "Extracted from OpenStreetMap way. Does not represent cadastral parcel or legal land ownership.",
        "tags": {
          "building": "yes"
        }
      },
      "geometry": {
        "type": "Polygon",
        "coordinates": [
          [
            [
              77.1087464,
              28.6476213
            ],
            [
              77.1088769,
              28.6476998
            ],
            [
              77.1089198,
              28.6476447
            ],
            [
              77.1087893,
              28.6475663
            ],
            [
              77.1087464,
              28.6476213
            ]
          ]
        ]
      }
    },
    {
      "type": "Feature",
      "id": "OSM-BUILDING-WAY-349985071",
      "properties": {
        "building_id": "OSM-BUILDING-WAY-349985071",
        "osm_id": "349985071",
        "osm_type": "way",
        "building": "yes",
        "name": null,
        "height": null,
        "building_levels": null,
        "underground_levels": null,
        "min_level": null,
        "roof_elevation": null,
        "ground_elevation": null,
        "source": "OpenStreetMap",
        "capture_source": "map (1).osm",
        "is_cadastral": false,
        "legal_status": "UNVERIFIED_PHYSICAL_SURFACE",
        "ownership_status": "UNKNOWN_UNREGISTERED",
        "notes": "Extracted from OpenStreetMap way. Does not represent cadastral parcel or legal land ownership.",
        "tags": {
          "building": "yes"
        }
      },
      "geometry": {
        "type": "Polygon",
        "coordinates": [
          [
            [
              77.111441,
              28.6473306
            ],
            [
              77.1115752,
              28.6474175
            ],
            [
              77.1116149,
              28.6473703
            ],
            [
              77.1114807,
              28.6472834
            ],
            [
              77.111441,
              28.6473306
            ]
          ]
        ]
      }
    },
    {
      "type": "Feature",
      "id": "OSM-BUILDING-WAY-349985072",
      "properties": {
        "building_id": "OSM-BUILDING-WAY-349985072",
        "osm_id": "349985072",
        "osm_type": "way",
        "building": "yes",
        "name": null,
        "height": null,
        "building_levels": null,
        "underground_levels": null,
        "min_level": null,
        "roof_elevation": null,
        "ground_elevation": null,
        "source": "OpenStreetMap",
        "capture_source": "map (1).osm",
        "is_cadastral": false,
        "legal_status": "UNVERIFIED_PHYSICAL_SURFACE",
        "ownership_status": "UNKNOWN_UNREGISTERED",
        "notes": "Extracted from OpenStreetMap way. Does not represent cadastral parcel or legal land ownership.",
        "tags": {
          "building": "yes"
        }
      },
      "geometry": {
        "type": "Polygon",
        "coordinates": [
          [
            [
              77.1100357,
              28.6484878
            ],
            [
              77.1101622,
              28.6485591
            ],
            [
              77.110213,
              28.6484897
            ],
            [
              77.1100866,
              28.6484184
            ],
            [
              77.1100357,
              28.6484878
            ]
          ]
        ]
      }
    },
    {
      "type": "Feature",
      "id": "OSM-BUILDING-WAY-349985073",
      "properties": {
        "building_id": "OSM-BUILDING-WAY-349985073",
        "osm_id": "349985073",
        "osm_type": "way",
        "building": "yes",
        "name": null,
        "height": null,
        "building_levels": null,
        "underground_levels": null,
        "min_level": null,
        "roof_elevation": null,
        "ground_elevation": null,
        "source": "OpenStreetMap",
        "capture_source": "map (1).osm",
        "is_cadastral": false,
        "legal_status": "UNVERIFIED_PHYSICAL_SURFACE",
        "ownership_status": "UNKNOWN_UNREGISTERED",
        "notes": "Extracted from OpenStreetMap way. Does not represent cadastral parcel or legal land ownership.",
        "tags": {
          "building": "yes"
        }
      },
      "geometry": {
        "type": "Polygon",
        "coordinates": [
          [
            [
              77.108592,
              28.64775
            ],
            [
              77.1086383,
              28.6476848
            ],
            [
              77.1085069,
              28.6476129
            ],
            [
              77.1084606,
              28.647678
            ],
            [
              77.108592,
              28.64775
            ]
          ]
        ]
      }
    },
    {
      "type": "Feature",
      "id": "OSM-BUILDING-WAY-349985074",
      "properties": {
        "building_id": "OSM-BUILDING-WAY-349985074",
        "osm_id": "349985074",
        "osm_type": "way",
        "building": "yes",
        "name": null,
        "height": null,
        "building_levels": null,
        "underground_levels": null,
        "min_level": null,
        "roof_elevation": null,
        "ground_elevation": null,
        "source": "OpenStreetMap",
        "capture_source": "map (1).osm",
        "is_cadastral": false,
        "legal_status": "UNVERIFIED_PHYSICAL_SURFACE",
        "ownership_status": "UNKNOWN_UNREGISTERED",
        "notes": "Extracted from OpenStreetMap way. Does not represent cadastral parcel or legal land ownership.",
        "tags": {
          "building": "yes"
        }
      },
      "geometry": {
        "type": "Polygon",
        "coordinates": [
          [
            [
              77.1108409,
              28.6483975
            ],
            [
              77.1109671,
              28.648485
            ],
            [
              77.1110054,
              28.6484424
            ],
            [
              77.1108793,
              28.6483549
            ],
            [
              77.1108409,
              28.6483975
            ]
          ]
        ]
      }
    },
    {
      "type": "Feature",
      "id": "OSM-BUILDING-WAY-349985075",
      "properties": {
        "building_id": "OSM-BUILDING-WAY-349985075",
        "osm_id": "349985075",
        "osm_type": "way",
        "building": "yes",
        "name": null,
        "height": null,
        "building_levels": null,
        "underground_levels": null,
        "min_level": null,
        "roof_elevation": null,
        "ground_elevation": null,
        "source": "OpenStreetMap",
        "capture_source": "map (1).osm",
        "is_cadastral": false,
        "legal_status": "UNVERIFIED_PHYSICAL_SURFACE",
        "ownership_status": "UNKNOWN_UNREGISTERED",
        "notes": "Extracted from OpenStreetMap way. Does not represent cadastral parcel or legal land ownership.",
        "tags": {
          "building": "yes"
        }
      },
      "geometry": {
        "type": "Polygon",
        "coordinates": [
          [
            [
              77.1110004,
              28.6478257
            ],
            [
              77.1110377,
              28.6478484
            ],
            [
              77.1111176,
              28.6477478
            ],
            [
              77.1110804,
              28.647725
            ],
            [
              77.1110004,
              28.6478257
            ]
          ]
        ]
      }
    },
    {
      "type": "Feature",
      "id": "OSM-BUILDING-WAY-349985076",
      "properties": {
        "building_id": "OSM-BUILDING-WAY-349985076",
        "osm_id": "349985076",
        "osm_type": "way",
        "building": "yes",
        "name": null,
        "height": null,
        "building_levels": null,
        "underground_levels": null,
        "min_level": null,
        "roof_elevation": null,
        "ground_elevation": null,
        "source": "OpenStreetMap",
        "capture_source": "map (1).osm",
        "is_cadastral": false,
        "legal_status": "UNVERIFIED_PHYSICAL_SURFACE",
        "ownership_status": "UNKNOWN_UNREGISTERED",
        "notes": "Extracted from OpenStreetMap way. Does not represent cadastral parcel or legal land ownership.",
        "tags": {
          "building": "yes"
        }
      },
      "geometry": {
        "type": "Polygon",
        "coordinates": [
          [
            [
              77.1100572,
              28.6481766
            ],
            [
              77.1101781,
              28.6482498
            ],
            [
              77.1102233,
              28.6481923
            ],
            [
              77.1101024,
              28.6481191
            ],
            [
              77.1100572,
              28.6481766
            ]
          ]
        ]
      }
    },
    {
      "type": "Feature",
      "id": "OSM-BUILDING-WAY-349985077",
      "properties": {
        "building_id": "OSM-BUILDING-WAY-349985077",
        "osm_id": "349985077",
        "osm_type": "way",
        "building": "yes",
        "name": null,
        "height": null,
        "building_levels": null,
        "underground_levels": null,
        "min_level": null,
        "roof_elevation": null,
        "ground_elevation": null,
        "source": "OpenStreetMap",
        "capture_source": "map (1).osm",
        "is_cadastral": false,
        "legal_status": "UNVERIFIED_PHYSICAL_SURFACE",
        "ownership_status": "UNKNOWN_UNREGISTERED",
        "notes": "Extracted from OpenStreetMap way. Does not represent cadastral parcel or legal land ownership.",
        "tags": {
          "building": "yes"
        }
      },
      "geometry": {
        "type": "Polygon",
        "coordinates": [
          [
            [
              77.1085909,
              28.6478
            ],
            [
              77.1087211,
              28.647882
            ],
            [
              77.1088061,
              28.6477781
            ],
            [
              77.1086759,
              28.6476961
            ],
            [
              77.1085909,
              28.6478
            ]
          ]
        ]
      }
    },
    {
      "type": "Feature",
      "id": "OSM-BUILDING-WAY-349985078",
      "properties": {
        "building_id": "OSM-BUILDING-WAY-349985078",
        "osm_id": "349985078",
        "osm_type": "way",
        "building": "yes",
        "name": null,
        "height": null,
        "building_levels": null,
        "underground_levels": null,
        "min_level": null,
        "roof_elevation": null,
        "ground_elevation": null,
        "source": "OpenStreetMap",
        "capture_source": "map (1).osm",
        "is_cadastral": false,
        "legal_status": "UNVERIFIED_PHYSICAL_SURFACE",
        "ownership_status": "UNKNOWN_UNREGISTERED",
        "notes": "Extracted from OpenStreetMap way. Does not represent cadastral parcel or legal land ownership.",
        "tags": {
          "building": "yes"
        }
      },
      "geometry": {
        "type": "Polygon",
        "coordinates": [
          [
            [
              77.109758,
              28.647935
            ],
            [
              77.1099003,
              28.6480287
            ],
            [
              77.1099482,
              28.6479726
            ],
            [
              77.1098059,
              28.647879
            ],
            [
              77.109758,
              28.647935
            ]
          ]
        ]
      }
    },
    {
      "type": "Feature",
      "id": "OSM-BUILDING-WAY-349985079",
      "properties": {
        "building_id": "OSM-BUILDING-WAY-349985079",
        "osm_id": "349985079",
        "osm_type": "way",
        "building": "yes",
        "name": null,
        "height": null,
        "building_levels": null,
        "underground_levels": null,
        "min_level": null,
        "roof_elevation": null,
        "ground_elevation": null,
        "source": "OpenStreetMap",
        "capture_source": "map (1).osm",
        "is_cadastral": false,
        "legal_status": "UNVERIFIED_PHYSICAL_SURFACE",
        "ownership_status": "UNKNOWN_UNREGISTERED",
        "notes": "Extracted from OpenStreetMap way. Does not represent cadastral parcel or legal land ownership.",
        "tags": {
          "building": "yes"
        }
      },
      "geometry": {
        "type": "Polygon",
        "coordinates": [
          [
            [
              77.1097107,
              28.64712
            ],
            [
              77.1097946,
              28.6470135
            ],
            [
              77.1097342,
              28.6469769
            ],
            [
              77.1096504,
              28.6470834
            ],
            [
              77.1097107,
              28.64712
            ]
          ]
        ]
      }
    },
    {
      "type": "Feature",
      "id": "OSM-BUILDING-WAY-349985080",
      "properties": {
        "building_id": "OSM-BUILDING-WAY-349985080",
        "osm_id": "349985080",
        "osm_type": "way",
        "building": "yes",
        "name": null,
        "height": null,
        "building_levels": null,
        "underground_levels": null,
        "min_level": null,
        "roof_elevation": null,
        "ground_elevation": null,
        "source": "OpenStreetMap",
        "capture_source": "map (1).osm",
        "is_cadastral": false,
        "legal_status": "UNVERIFIED_PHYSICAL_SURFACE",
        "ownership_status": "UNKNOWN_UNREGISTERED",
        "notes": "Extracted from OpenStreetMap way. Does not represent cadastral parcel or legal land ownership.",
        "tags": {
          "building": "yes"
        }
      },
      "geometry": {
        "type": "Polygon",
        "coordinates": [
          [
            [
              77.1118599,
              28.6479718
            ],
            [
              77.1120346,
              28.6480703
            ],
            [
              77.1121177,
              28.6479568
            ],
            [
              77.1119429,
              28.6478583
            ],
            [
              77.1118599,
              28.6479718
            ]
          ]
        ]
      }
    },
    {
      "type": "Feature",
      "id": "OSM-BUILDING-WAY-349985081",
      "properties": {
        "building_id": "OSM-BUILDING-WAY-349985081",
        "osm_id": "349985081",
        "osm_type": "way",
        "building": "yes",
        "name": null,
        "height": null,
        "building_levels": null,
        "underground_levels": null,
        "min_level": null,
        "roof_elevation": null,
        "ground_elevation": null,
        "source": "OpenStreetMap",
        "capture_source": "map (1).osm",
        "is_cadastral": false,
        "legal_status": "UNVERIFIED_PHYSICAL_SURFACE",
        "ownership_status": "UNKNOWN_UNREGISTERED",
        "notes": "Extracted from OpenStreetMap way. Does not represent cadastral parcel or legal land ownership.",
        "tags": {
          "building": "yes"
        }
      },
      "geometry": {
        "type": "Polygon",
        "coordinates": [
          [
            [
              77.1108336,
              28.6487274
            ],
            [
              77.1109238,
              28.6486118
            ],
            [
              77.1108429,
              28.6485632
            ],
            [
              77.1107527,
              28.6486788
            ],
            [
              77.1108336,
              28.6487274
            ]
          ]
        ]
      }
    },
    {
      "type": "Feature",
      "id": "OSM-BUILDING-WAY-349985082",
      "properties": {
        "building_id": "OSM-BUILDING-WAY-349985082",
        "osm_id": "349985082",
        "osm_type": "way",
        "building": "yes",
        "name": null,
        "height": null,
        "building_levels": null,
        "underground_levels": null,
        "min_level": null,
        "roof_elevation": null,
        "ground_elevation": null,
        "source": "OpenStreetMap",
        "capture_source": "map (1).osm",
        "is_cadastral": false,
        "legal_status": "UNVERIFIED_PHYSICAL_SURFACE",
        "ownership_status": "UNKNOWN_UNREGISTERED",
        "notes": "Extracted from OpenStreetMap way. Does not represent cadastral parcel or legal land ownership.",
        "tags": {
          "building": "yes"
        }
      },
      "geometry": {
        "type": "Polygon",
        "coordinates": [
          [
            [
              77.1113639,
              28.6489597
            ],
            [
              77.1114214,
              28.648877
            ],
            [
              77.1112933,
              28.6488085
            ],
            [
              77.1112358,
              28.6488912
            ],
            [
              77.1113639,
              28.6489597
            ]
          ]
        ]
      }
    },
    {
      "type": "Feature",
      "id": "OSM-BUILDING-WAY-349985083",
      "properties": {
        "building_id": "OSM-BUILDING-WAY-349985083",
        "osm_id": "349985083",
        "osm_type": "way",
        "building": "yes",
        "name": null,
        "height": null,
        "building_levels": null,
        "underground_levels": null,
        "min_level": null,
        "roof_elevation": null,
        "ground_elevation": null,
        "source": "OpenStreetMap",
        "capture_source": "map (1).osm",
        "is_cadastral": false,
        "legal_status": "UNVERIFIED_PHYSICAL_SURFACE",
        "ownership_status": "UNKNOWN_UNREGISTERED",
        "notes": "Extracted from OpenStreetMap way. Does not represent cadastral parcel or legal land ownership.",
        "tags": {
          "building": "yes"
        }
      },
      "geometry": {
        "type": "Polygon",
        "coordinates": [
          [
            [
              77.1084889,
              28.6479169
            ],
            [
              77.1086244,
              28.6479952
            ],
            [
              77.1087106,
              28.6478803
            ],
            [
              77.1085751,
              28.647802
            ],
            [
              77.1084889,
              28.6479169
            ]
          ]
        ]
      }
    },
    {
      "type": "Feature",
      "id": "OSM-BUILDING-WAY-349985084",
      "properties": {
        "building_id": "OSM-BUILDING-WAY-349985084",
        "osm_id": "349985084",
        "osm_type": "way",
        "building": "yes",
        "name": null,
        "height": null,
        "building_levels": null,
        "underground_levels": null,
        "min_level": null,
        "roof_elevation": null,
        "ground_elevation": null,
        "source": "OpenStreetMap",
        "capture_source": "map (1).osm",
        "is_cadastral": false,
        "legal_status": "UNVERIFIED_PHYSICAL_SURFACE",
        "ownership_status": "UNKNOWN_UNREGISTERED",
        "notes": "Extracted from OpenStreetMap way. Does not represent cadastral parcel or legal land ownership.",
        "tags": {
          "building": "yes"
        }
      },
      "geometry": {
        "type": "Polygon",
        "coordinates": [
          [
            [
              77.1095803,
              28.6481538
            ],
            [
              77.1097116,
              28.6482323
            ],
            [
              77.1097595,
              28.6481706
            ],
            [
              77.1096283,
              28.6480921
            ],
            [
              77.1095803,
              28.6481538
            ]
          ]
        ]
      }
    },
    {
      "type": "Feature",
      "id": "OSM-BUILDING-WAY-349985085",
      "properties": {
        "building_id": "OSM-BUILDING-WAY-349985085",
        "osm_id": "349985085",
        "osm_type": "way",
        "building": "yes",
        "name": null,
        "height": null,
        "building_levels": null,
        "underground_levels": null,
        "min_level": null,
        "roof_elevation": null,
        "ground_elevation": null,
        "source": "OpenStreetMap",
        "capture_source": "map (1).osm",
        "is_cadastral": false,
        "legal_status": "UNVERIFIED_PHYSICAL_SURFACE",
        "ownership_status": "UNKNOWN_UNREGISTERED",
        "notes": "Extracted from OpenStreetMap way. Does not represent cadastral parcel or legal land ownership.",
        "tags": {
          "building": "yes"
        }
      },
      "geometry": {
        "type": "Polygon",
        "coordinates": [
          [
            [
              77.1093931,
              28.646949
            ],
            [
              77.1094587,
              28.6469863
            ],
            [
              77.1095425,
              28.6468727
            ],
            [
              77.1094769,
              28.6468354
            ],
            [
              77.1093931,
              28.646949
            ]
          ]
        ]
      }
    },
    {
      "type": "Feature",
      "id": "OSM-BUILDING-WAY-349985086",
      "properties": {
        "building_id": "OSM-BUILDING-WAY-349985086",
        "osm_id": "349985086",
        "osm_type": "way",
        "building": "yes",
        "name": null,
        "height": null,
        "building_levels": null,
        "underground_levels": null,
        "min_level": null,
        "roof_elevation": null,
        "ground_elevation": null,
        "source": "OpenStreetMap",
        "capture_source": "map (1).osm",
        "is_cadastral": false,
        "legal_status": "UNVERIFIED_PHYSICAL_SURFACE",
        "ownership_status": "UNKNOWN_UNREGISTERED",
        "notes": "Extracted from OpenStreetMap way. Does not represent cadastral parcel or legal land ownership.",
        "tags": {
          "building": "yes"
        }
      },
      "geometry": {
        "type": "Polygon",
        "coordinates": [
          [
            [
              77.1130503,
              28.6486887
            ],
            [
              77.1131348,
              28.6487411
            ],
            [
              77.1132082,
              28.6486499
            ],
            [
              77.1131237,
              28.6485975
            ],
            [
              77.1130503,
              28.6486887
            ]
          ]
        ]
      }
    },
    {
      "type": "Feature",
      "id": "OSM-BUILDING-WAY-349985088",
      "properties": {
        "building_id": "OSM-BUILDING-WAY-349985088",
        "osm_id": "349985088",
        "osm_type": "way",
        "building": "yes",
        "name": null,
        "height": null,
        "building_levels": null,
        "underground_levels": null,
        "min_level": null,
        "roof_elevation": null,
        "ground_elevation": null,
        "source": "OpenStreetMap",
        "capture_source": "map (1).osm",
        "is_cadastral": false,
        "legal_status": "UNVERIFIED_PHYSICAL_SURFACE",
        "ownership_status": "UNKNOWN_UNREGISTERED",
        "notes": "Extracted from OpenStreetMap way. Does not represent cadastral parcel or legal land ownership.",
        "tags": {
          "building": "yes"
        }
      },
      "geometry": {
        "type": "Polygon",
        "coordinates": [
          [
            [
              77.1120015,
              28.6477924
            ],
            [
              77.1121953,
              28.6478918
            ],
            [
              77.112284,
              28.6477586
            ],
            [
              77.1120901,
              28.6476592
            ],
            [
              77.1120015,
              28.6477924
            ]
          ]
        ]
      }
    },
    {
      "type": "Feature",
      "id": "OSM-BUILDING-WAY-349985089",
      "properties": {
        "building_id": "OSM-BUILDING-WAY-349985089",
        "osm_id": "349985089",
        "osm_type": "way",
        "building": "yes",
        "name": null,
        "height": null,
        "building_levels": null,
        "underground_levels": null,
        "min_level": null,
        "roof_elevation": null,
        "ground_elevation": null,
        "source": "OpenStreetMap",
        "capture_source": "map (1).osm",
        "is_cadastral": false,
        "legal_status": "UNVERIFIED_PHYSICAL_SURFACE",
        "ownership_status": "UNKNOWN_UNREGISTERED",
        "notes": "Extracted from OpenStreetMap way. Does not represent cadastral parcel or legal land ownership.",
        "tags": {
          "building": "yes"
        }
      },
      "geometry": {
        "type": "Polygon",
        "coordinates": [
          [
            [
              77.1109326,
              28.6487835
            ],
            [
              77.111022,
              28.6486538
            ],
            [
              77.1109366,
              28.6486085
            ],
            [
              77.1108472,
              28.6487381
            ],
            [
              77.1109326,
              28.6487835
            ]
          ]
        ]
      }
    },
    {
      "type": "Feature",
      "id": "OSM-BUILDING-WAY-349985090",
      "properties": {
        "building_id": "OSM-BUILDING-WAY-349985090",
        "osm_id": "349985090",
        "osm_type": "way",
        "building": "yes",
        "name": null,
        "height": null,
        "building_levels": null,
        "underground_levels": null,
        "min_level": null,
        "roof_elevation": null,
        "ground_elevation": null,
        "source": "OpenStreetMap",
        "capture_source": "map (1).osm",
        "is_cadastral": false,
        "legal_status": "UNVERIFIED_PHYSICAL_SURFACE",
        "ownership_status": "UNKNOWN_UNREGISTERED",
        "notes": "Extracted from OpenStreetMap way. Does not represent cadastral parcel or legal land ownership.",
        "tags": {
          "building": "yes"
        }
      },
      "geometry": {
        "type": "Polygon",
        "coordinates": [
          [
            [
              77.1096414,
              28.648071
            ],
            [
              77.1097875,
              28.6481518
            ],
            [
              77.1098338,
              28.6480873
            ],
            [
              77.1096877,
              28.6480065
            ],
            [
              77.1096414,
              28.648071
            ]
          ]
        ]
      }
    },
    {
      "type": "Feature",
      "id": "OSM-BUILDING-WAY-349985091",
      "properties": {
        "building_id": "OSM-BUILDING-WAY-349985091",
        "osm_id": "349985091",
        "osm_type": "way",
        "building": "yes",
        "name": null,
        "height": null,
        "building_levels": null,
        "underground_levels": null,
        "min_level": null,
        "roof_elevation": null,
        "ground_elevation": null,
        "source": "OpenStreetMap",
        "capture_source": "map (1).osm",
        "is_cadastral": false,
        "legal_status": "UNVERIFIED_PHYSICAL_SURFACE",
        "ownership_status": "UNKNOWN_UNREGISTERED",
        "notes": "Extracted from OpenStreetMap way. Does not represent cadastral parcel or legal land ownership.",
        "tags": {
          "building": "yes"
        }
      },
      "geometry": {
        "type": "Polygon",
        "coordinates": [
          [
            [
              77.1114241,
              28.6477672
            ],
            [
              77.1115724,
              28.6478526
            ],
            [
              77.1116763,
              28.6477139
            ],
            [
              77.1115279,
              28.6476284
            ],
            [
              77.1114241,
              28.6477672
            ]
          ]
        ]
      }
    },
    {
      "type": "Feature",
      "id": "OSM-BUILDING-WAY-349985092",
      "properties": {
        "building_id": "OSM-BUILDING-WAY-349985092",
        "osm_id": "349985092",
        "osm_type": "way",
        "building": "yes",
        "name": null,
        "height": null,
        "building_levels": null,
        "underground_levels": null,
        "min_level": null,
        "roof_elevation": null,
        "ground_elevation": null,
        "source": "OpenStreetMap",
        "capture_source": "map (1).osm",
        "is_cadastral": false,
        "legal_status": "UNVERIFIED_PHYSICAL_SURFACE",
        "ownership_status": "UNKNOWN_UNREGISTERED",
        "notes": "Extracted from OpenStreetMap way. Does not represent cadastral parcel or legal land ownership.",
        "tags": {
          "building": "yes"
        }
      },
      "geometry": {
        "type": "Polygon",
        "coordinates": [
          [
            [
              77.1106004,
              28.6485796
            ],
            [
              77.110674,
              28.6486174
            ],
            [
              77.1107555,
              28.6484955
            ],
            [
              77.1106818,
              28.6484576
            ],
            [
              77.1106004,
              28.6485796
            ]
          ]
        ]
      }
    },
    {
      "type": "Feature",
      "id": "OSM-BUILDING-WAY-349985093",
      "properties": {
        "building_id": "OSM-BUILDING-WAY-349985093",
        "osm_id": "349985093",
        "osm_type": "way",
        "building": "yes",
        "name": null,
        "height": null,
        "building_levels": null,
        "underground_levels": null,
        "min_level": null,
        "roof_elevation": null,
        "ground_elevation": null,
        "source": "OpenStreetMap",
        "capture_source": "map (1).osm",
        "is_cadastral": false,
        "legal_status": "UNVERIFIED_PHYSICAL_SURFACE",
        "ownership_status": "UNKNOWN_UNREGISTERED",
        "notes": "Extracted from OpenStreetMap way. Does not represent cadastral parcel or legal land ownership.",
        "tags": {
          "building": "yes"
        }
      },
      "geometry": {
        "type": "Polygon",
        "coordinates": [
          [
            [
              77.1104421,
              28.6463221
            ],
            [
              77.1103689,
              28.6464168
            ],
            [
              77.1104879,
              28.6464876
            ],
            [
              77.110561,
              28.6463929
            ],
            [
              77.1104421,
              28.6463221
            ]
          ]
        ]
      }
    },
    {
      "type": "Feature",
      "id": "OSM-BUILDING-WAY-349985094",
      "properties": {
        "building_id": "OSM-BUILDING-WAY-349985094",
        "osm_id": "349985094",
        "osm_type": "way",
        "building": "yes",
        "name": null,
        "height": null,
        "building_levels": null,
        "underground_levels": null,
        "min_level": null,
        "roof_elevation": null,
        "ground_elevation": null,
        "source": "OpenStreetMap",
        "capture_source": "map (1).osm",
        "is_cadastral": false,
        "legal_status": "UNVERIFIED_PHYSICAL_SURFACE",
        "ownership_status": "UNKNOWN_UNREGISTERED",
        "notes": "Extracted from OpenStreetMap way. Does not represent cadastral parcel or legal land ownership.",
        "tags": {
          "building": "yes"
        }
      },
      "geometry": {
        "type": "Polygon",
        "coordinates": [
          [
            [
              77.1110615,
              28.6482091
            ],
            [
              77.1111838,
              28.6482949
            ],
            [
              77.1112064,
              28.6482702
            ],
            [
              77.1110841,
              28.6481843
            ],
            [
              77.1110615,
              28.6482091
            ]
          ]
        ]
      }
    },
    {
      "type": "Feature",
      "id": "OSM-BUILDING-WAY-349985095",
      "properties": {
        "building_id": "OSM-BUILDING-WAY-349985095",
        "osm_id": "349985095",
        "osm_type": "way",
        "building": "yes",
        "name": null,
        "height": null,
        "building_levels": null,
        "underground_levels": null,
        "min_level": null,
        "roof_elevation": null,
        "ground_elevation": null,
        "source": "OpenStreetMap",
        "capture_source": "map (1).osm",
        "is_cadastral": false,
        "legal_status": "UNVERIFIED_PHYSICAL_SURFACE",
        "ownership_status": "UNKNOWN_UNREGISTERED",
        "notes": "Extracted from OpenStreetMap way. Does not represent cadastral parcel or legal land ownership.",
        "tags": {
          "building": "yes"
        }
      },
      "geometry": {
        "type": "Polygon",
        "coordinates": [
          [
            [
              77.1096582,
              28.6474273
            ],
            [
              77.1095642,
              28.6475448
            ],
            [
              77.1096552,
              28.6476009
            ],
            [
              77.1097492,
              28.6474833
            ],
            [
              77.1096582,
              28.6474273
            ]
          ]
        ]
      }
    },
    {
      "type": "Feature",
      "id": "OSM-BUILDING-WAY-349985096",
      "properties": {
        "building_id": "OSM-BUILDING-WAY-349985096",
        "osm_id": "349985096",
        "osm_type": "way",
        "building": "yes",
        "name": null,
        "height": null,
        "building_levels": null,
        "underground_levels": null,
        "min_level": null,
        "roof_elevation": null,
        "ground_elevation": null,
        "source": "OpenStreetMap",
        "capture_source": "map (1).osm",
        "is_cadastral": false,
        "legal_status": "UNVERIFIED_PHYSICAL_SURFACE",
        "ownership_status": "UNKNOWN_UNREGISTERED",
        "notes": "Extracted from OpenStreetMap way. Does not represent cadastral parcel or legal land ownership.",
        "tags": {
          "building": "yes"
        }
      },
      "geometry": {
        "type": "Polygon",
        "coordinates": [
          [
            [
              77.1100855,
              28.6467995
            ],
            [
              77.1102009,
              28.6468665
            ],
            [
              77.1102495,
              28.6468021
            ],
            [
              77.1101341,
              28.6467351
            ],
            [
              77.1100855,
              28.6467995
            ]
          ]
        ]
      }
    },
    {
      "type": "Feature",
      "id": "OSM-BUILDING-WAY-349985097",
      "properties": {
        "building_id": "OSM-BUILDING-WAY-349985097",
        "osm_id": "349985097",
        "osm_type": "way",
        "building": "yes",
        "name": null,
        "height": null,
        "building_levels": null,
        "underground_levels": null,
        "min_level": null,
        "roof_elevation": null,
        "ground_elevation": null,
        "source": "OpenStreetMap",
        "capture_source": "map (1).osm",
        "is_cadastral": false,
        "legal_status": "UNVERIFIED_PHYSICAL_SURFACE",
        "ownership_status": "UNKNOWN_UNREGISTERED",
        "notes": "Extracted from OpenStreetMap way. Does not represent cadastral parcel or legal land ownership.",
        "tags": {
          "building": "yes"
        }
      },
      "geometry": {
        "type": "Polygon",
        "coordinates": [
          [
            [
              77.1091113,
              28.6487273
            ],
            [
              77.1092604,
              28.6488304
            ],
            [
              77.1092936,
              28.6487934
            ],
            [
              77.1091445,
              28.6486904
            ],
            [
              77.1091113,
              28.6487273
            ]
          ]
        ]
      }
    },
    {
      "type": "Feature",
      "id": "OSM-BUILDING-WAY-349985098",
      "properties": {
        "building_id": "OSM-BUILDING-WAY-349985098",
        "osm_id": "349985098",
        "osm_type": "way",
        "building": "yes",
        "name": null,
        "height": null,
        "building_levels": null,
        "underground_levels": null,
        "min_level": null,
        "roof_elevation": null,
        "ground_elevation": null,
        "source": "OpenStreetMap",
        "capture_source": "map (1).osm",
        "is_cadastral": false,
        "legal_status": "UNVERIFIED_PHYSICAL_SURFACE",
        "ownership_status": "UNKNOWN_UNREGISTERED",
        "notes": "Extracted from OpenStreetMap way. Does not represent cadastral parcel or legal land ownership.",
        "tags": {
          "building": "yes"
        }
      },
      "geometry": {
        "type": "Polygon",
        "coordinates": [
          [
            [
              77.1118091,
              28.647467
            ],
            [
              77.1117074,
              28.647602
            ],
            [
              77.1118017,
              28.6476566
            ],
            [
              77.1119033,
              28.6475217
            ],
            [
              77.1118091,
              28.647467
            ]
          ]
        ]
      }
    },
    {
      "type": "Feature",
      "id": "OSM-BUILDING-WAY-349985099",
      "properties": {
        "building_id": "OSM-BUILDING-WAY-349985099",
        "osm_id": "349985099",
        "osm_type": "way",
        "building": "yes",
        "name": null,
        "height": null,
        "building_levels": null,
        "underground_levels": null,
        "min_level": null,
        "roof_elevation": null,
        "ground_elevation": null,
        "source": "OpenStreetMap",
        "capture_source": "map (1).osm",
        "is_cadastral": false,
        "legal_status": "UNVERIFIED_PHYSICAL_SURFACE",
        "ownership_status": "UNKNOWN_UNREGISTERED",
        "notes": "Extracted from OpenStreetMap way. Does not represent cadastral parcel or legal land ownership.",
        "tags": {
          "building": "yes"
        }
      },
      "geometry": {
        "type": "Polygon",
        "coordinates": [
          [
            [
              77.1105485,
              28.6468093
            ],
            [
              77.1104935,
              28.6468885
            ],
            [
              77.1106143,
              28.6469558
            ],
            [
              77.110675,
              28.6468817
            ],
            [
              77.1105485,
              28.6468093
            ]
          ]
        ]
      }
    },
    {
      "type": "Feature",
      "id": "OSM-BUILDING-WAY-349985101",
      "properties": {
        "building_id": "OSM-BUILDING-WAY-349985101",
        "osm_id": "349985101",
        "osm_type": "way",
        "building": "yes",
        "name": null,
        "height": null,
        "building_levels": null,
        "underground_levels": null,
        "min_level": null,
        "roof_elevation": null,
        "ground_elevation": null,
        "source": "OpenStreetMap",
        "capture_source": "map (1).osm",
        "is_cadastral": false,
        "legal_status": "UNVERIFIED_PHYSICAL_SURFACE",
        "ownership_status": "UNKNOWN_UNREGISTERED",
        "notes": "Extracted from OpenStreetMap way. Does not represent cadastral parcel or legal land ownership.",
        "tags": {
          "building": "yes"
        }
      },
      "geometry": {
        "type": "Polygon",
        "coordinates": [
          [
            [
              77.1113258,
              28.6479603
            ],
            [
              77.1113946,
              28.6479983
            ],
            [
              77.1114827,
              28.6478754
            ],
            [
              77.1114139,
              28.6478374
            ],
            [
              77.1113258,
              28.6479603
            ]
          ]
        ]
      }
    },
    {
      "type": "Feature",
      "id": "OSM-BUILDING-WAY-349985102",
      "properties": {
        "building_id": "OSM-BUILDING-WAY-349985102",
        "osm_id": "349985102",
        "osm_type": "way",
        "building": "yes",
        "name": null,
        "height": null,
        "building_levels": null,
        "underground_levels": null,
        "min_level": null,
        "roof_elevation": null,
        "ground_elevation": null,
        "source": "OpenStreetMap",
        "capture_source": "map (1).osm",
        "is_cadastral": false,
        "legal_status": "UNVERIFIED_PHYSICAL_SURFACE",
        "ownership_status": "UNKNOWN_UNREGISTERED",
        "notes": "Extracted from OpenStreetMap way. Does not represent cadastral parcel or legal land ownership.",
        "tags": {
          "building": "yes"
        }
      },
      "geometry": {
        "type": "Polygon",
        "coordinates": [
          [
            [
              77.1107049,
              28.6466161
            ],
            [
              77.1108971,
              28.6467267
            ],
            [
              77.1109875,
              28.6466058
            ],
            [
              77.1107953,
              28.6464951
            ],
            [
              77.1107049,
              28.6466161
            ]
          ]
        ]
      }
    },
    {
      "type": "Feature",
      "id": "OSM-BUILDING-WAY-349985104",
      "properties": {
        "building_id": "OSM-BUILDING-WAY-349985104",
        "osm_id": "349985104",
        "osm_type": "way",
        "building": "yes",
        "name": null,
        "height": null,
        "building_levels": null,
        "underground_levels": null,
        "min_level": null,
        "roof_elevation": null,
        "ground_elevation": null,
        "source": "OpenStreetMap",
        "capture_source": "map (1).osm",
        "is_cadastral": false,
        "legal_status": "UNVERIFIED_PHYSICAL_SURFACE",
        "ownership_status": "UNKNOWN_UNREGISTERED",
        "notes": "Extracted from OpenStreetMap way. Does not represent cadastral parcel or legal land ownership.",
        "tags": {
          "building": "yes"
        }
      },
      "geometry": {
        "type": "Polygon",
        "coordinates": [
          [
            [
              77.1105931,
              28.646517
            ],
            [
              77.1107138,
              28.646586
            ],
            [
              77.1107816,
              28.6464949
            ],
            [
              77.1106609,
              28.6464258
            ],
            [
              77.1105931,
              28.646517
            ]
          ]
        ]
      }
    },
    {
      "type": "Feature",
      "id": "OSM-BUILDING-WAY-349985105",
      "properties": {
        "building_id": "OSM-BUILDING-WAY-349985105",
        "osm_id": "349985105",
        "osm_type": "way",
        "building": "yes",
        "name": null,
        "height": null,
        "building_levels": null,
        "underground_levels": null,
        "min_level": null,
        "roof_elevation": null,
        "ground_elevation": null,
        "source": "OpenStreetMap",
        "capture_source": "map (1).osm",
        "is_cadastral": false,
        "legal_status": "UNVERIFIED_PHYSICAL_SURFACE",
        "ownership_status": "UNKNOWN_UNREGISTERED",
        "notes": "Extracted from OpenStreetMap way. Does not represent cadastral parcel or legal land ownership.",
        "tags": {
          "building": "yes"
        }
      },
      "geometry": {
        "type": "Polygon",
        "coordinates": [
          [
            [
              77.1114929,
              28.6480684
            ],
            [
              77.1115473,
              28.6480979
            ],
            [
              77.1116286,
              28.647983
            ],
            [
              77.1115743,
              28.6479534
            ],
            [
              77.1114929,
              28.6480684
            ]
          ]
        ]
      }
    },
    {
      "type": "Feature",
      "id": "OSM-BUILDING-WAY-349985106",
      "properties": {
        "building_id": "OSM-BUILDING-WAY-349985106",
        "osm_id": "349985106",
        "osm_type": "way",
        "building": "yes",
        "name": null,
        "height": null,
        "building_levels": null,
        "underground_levels": null,
        "min_level": null,
        "roof_elevation": null,
        "ground_elevation": null,
        "source": "OpenStreetMap",
        "capture_source": "map (1).osm",
        "is_cadastral": false,
        "legal_status": "UNVERIFIED_PHYSICAL_SURFACE",
        "ownership_status": "UNKNOWN_UNREGISTERED",
        "notes": "Extracted from OpenStreetMap way. Does not represent cadastral parcel or legal land ownership.",
        "tags": {
          "building": "yes"
        }
      },
      "geometry": {
        "type": "Polygon",
        "coordinates": [
          [
            [
              77.1099522,
              28.6485879
            ],
            [
              77.1100647,
              28.6486556
            ],
            [
              77.1101193,
              28.6485859
            ],
            [
              77.1100067,
              28.6485181
            ],
            [
              77.1099522,
              28.6485879
            ]
          ]
        ]
      }
    },
    {
      "type": "Feature",
      "id": "OSM-BUILDING-WAY-349985107",
      "properties": {
        "building_id": "OSM-BUILDING-WAY-349985107",
        "osm_id": "349985107",
        "osm_type": "way",
        "building": "yes",
        "name": null,
        "height": null,
        "building_levels": null,
        "underground_levels": null,
        "min_level": null,
        "roof_elevation": null,
        "ground_elevation": null,
        "source": "OpenStreetMap",
        "capture_source": "map (1).osm",
        "is_cadastral": false,
        "legal_status": "UNVERIFIED_PHYSICAL_SURFACE",
        "ownership_status": "UNKNOWN_UNREGISTERED",
        "notes": "Extracted from OpenStreetMap way. Does not represent cadastral parcel or legal land ownership.",
        "tags": {
          "building": "yes"
        }
      },
      "geometry": {
        "type": "Polygon",
        "coordinates": [
          [
            [
              77.1098787,
              28.6467807
            ],
            [
              77.1099656,
              28.6466508
            ],
            [
              77.1099134,
              28.6466239
            ],
            [
              77.1098264,
              28.6467537
            ],
            [
              77.1098787,
              28.6467807
            ]
          ]
        ]
      }
    },
    {
      "type": "Feature",
      "id": "OSM-BUILDING-WAY-349985108",
      "properties": {
        "building_id": "OSM-BUILDING-WAY-349985108",
        "osm_id": "349985108",
        "osm_type": "way",
        "building": "yes",
        "name": null,
        "height": null,
        "building_levels": null,
        "underground_levels": null,
        "min_level": null,
        "roof_elevation": null,
        "ground_elevation": null,
        "source": "OpenStreetMap",
        "capture_source": "map (1).osm",
        "is_cadastral": false,
        "legal_status": "UNVERIFIED_PHYSICAL_SURFACE",
        "ownership_status": "UNKNOWN_UNREGISTERED",
        "notes": "Extracted from OpenStreetMap way. Does not represent cadastral parcel or legal land ownership.",
        "tags": {
          "building": "yes"
        }
      },
      "geometry": {
        "type": "Polygon",
        "coordinates": [
          [
            [
              77.1110426,
              28.6467895
            ],
            [
              77.1111173,
              28.6468346
            ],
            [
              77.1111896,
              28.6467425
            ],
            [
              77.1111149,
              28.6466973
            ],
            [
              77.1110426,
              28.6467895
            ]
          ]
        ]
      }
    },
    {
      "type": "Feature",
      "id": "OSM-BUILDING-WAY-349985109",
      "properties": {
        "building_id": "OSM-BUILDING-WAY-349985109",
        "osm_id": "349985109",
        "osm_type": "way",
        "building": "yes",
        "name": null,
        "height": null,
        "building_levels": null,
        "underground_levels": null,
        "min_level": null,
        "roof_elevation": null,
        "ground_elevation": null,
        "source": "OpenStreetMap",
        "capture_source": "map (1).osm",
        "is_cadastral": false,
        "legal_status": "UNVERIFIED_PHYSICAL_SURFACE",
        "ownership_status": "UNKNOWN_UNREGISTERED",
        "notes": "Extracted from OpenStreetMap way. Does not represent cadastral parcel or legal land ownership.",
        "tags": {
          "building": "yes"
        }
      },
      "geometry": {
        "type": "Polygon",
        "coordinates": [
          [
            [
              77.1114826,
              28.6472788
            ],
            [
              77.1116167,
              28.6473657
            ],
            [
              77.1116564,
              28.6473185
            ],
            [
              77.1115223,
              28.6472316
            ],
            [
              77.1114826,
              28.6472788
            ]
          ]
        ]
      }
    },
    {
      "type": "Feature",
      "id": "OSM-BUILDING-WAY-349985111",
      "properties": {
        "building_id": "OSM-BUILDING-WAY-349985111",
        "osm_id": "349985111",
        "osm_type": "way",
        "building": "yes",
        "name": null,
        "height": null,
        "building_levels": null,
        "underground_levels": null,
        "min_level": null,
        "roof_elevation": null,
        "ground_elevation": null,
        "source": "OpenStreetMap",
        "capture_source": "map (1).osm",
        "is_cadastral": false,
        "legal_status": "UNVERIFIED_PHYSICAL_SURFACE",
        "ownership_status": "UNKNOWN_UNREGISTERED",
        "notes": "Extracted from OpenStreetMap way. Does not represent cadastral parcel or legal land ownership.",
        "tags": {
          "building": "yes"
        }
      },
      "geometry": {
        "type": "Polygon",
        "coordinates": [
          [
            [
              77.1109737,
              28.6485751
            ],
            [
              77.111098,
              28.6486465
            ],
            [
              77.1111306,
              28.6486028
            ],
            [
              77.1110063,
              28.6485314
            ],
            [
              77.1109737,
              28.6485751
            ]
          ]
        ]
      }
    },
    {
      "type": "Feature",
      "id": "OSM-BUILDING-WAY-349985113",
      "properties": {
        "building_id": "OSM-BUILDING-WAY-349985113",
        "osm_id": "349985113",
        "osm_type": "way",
        "building": "yes",
        "name": null,
        "height": null,
        "building_levels": null,
        "underground_levels": null,
        "min_level": null,
        "roof_elevation": null,
        "ground_elevation": null,
        "source": "OpenStreetMap",
        "capture_source": "map (1).osm",
        "is_cadastral": false,
        "legal_status": "UNVERIFIED_PHYSICAL_SURFACE",
        "ownership_status": "UNKNOWN_UNREGISTERED",
        "notes": "Extracted from OpenStreetMap way. Does not represent cadastral parcel or legal land ownership.",
        "tags": {
          "building": "yes"
        }
      },
      "geometry": {
        "type": "Polygon",
        "coordinates": [
          [
            [
              77.1088631,
              28.6474863
            ],
            [
              77.1089768,
              28.6475501
            ],
            [
              77.1090207,
              28.6474898
            ],
            [
              77.1089071,
              28.647426
            ],
            [
              77.1088631,
              28.6474863
            ]
          ]
        ]
      }
    },
    {
      "type": "Feature",
      "id": "OSM-BUILDING-WAY-349985115",
      "properties": {
        "building_id": "OSM-BUILDING-WAY-349985115",
        "osm_id": "349985115",
        "osm_type": "way",
        "building": "yes",
        "name": null,
        "height": null,
        "building_levels": null,
        "underground_levels": null,
        "min_level": null,
        "roof_elevation": null,
        "ground_elevation": null,
        "source": "OpenStreetMap",
        "capture_source": "map (1).osm",
        "is_cadastral": false,
        "legal_status": "UNVERIFIED_PHYSICAL_SURFACE",
        "ownership_status": "UNKNOWN_UNREGISTERED",
        "notes": "Extracted from OpenStreetMap way. Does not represent cadastral parcel or legal land ownership.",
        "tags": {
          "building": "yes"
        }
      },
      "geometry": {
        "type": "Polygon",
        "coordinates": [
          [
            [
              77.111665,
              28.6478632
            ],
            [
              77.1117488,
              28.647749
            ],
            [
              77.1116928,
              28.6477173
            ],
            [
              77.111609,
              28.6478315
            ],
            [
              77.111665,
              28.6478632
            ]
          ]
        ]
      }
    },
    {
      "type": "Feature",
      "id": "OSM-BUILDING-WAY-349985116",
      "properties": {
        "building_id": "OSM-BUILDING-WAY-349985116",
        "osm_id": "349985116",
        "osm_type": "way",
        "building": "yes",
        "name": null,
        "height": null,
        "building_levels": null,
        "underground_levels": null,
        "min_level": null,
        "roof_elevation": null,
        "ground_elevation": null,
        "source": "OpenStreetMap",
        "capture_source": "map (1).osm",
        "is_cadastral": false,
        "legal_status": "UNVERIFIED_PHYSICAL_SURFACE",
        "ownership_status": "UNKNOWN_UNREGISTERED",
        "notes": "Extracted from OpenStreetMap way. Does not represent cadastral parcel or legal land ownership.",
        "tags": {
          "building": "yes"
        }
      },
      "geometry": {
        "type": "Polygon",
        "coordinates": [
          [
            [
              77.109773,
              28.6471463
            ],
            [
              77.1098425,
              28.647051
            ],
            [
              77.1097966,
              28.6470252
            ],
            [
              77.1097271,
              28.6471205
            ],
            [
              77.109773,
              28.6471463
            ]
          ]
        ]
      }
    },
    {
      "type": "Feature",
      "id": "OSM-BUILDING-WAY-349985119",
      "properties": {
        "building_id": "OSM-BUILDING-WAY-349985119",
        "osm_id": "349985119",
        "osm_type": "way",
        "building": "yes",
        "name": null,
        "height": null,
        "building_levels": null,
        "underground_levels": null,
        "min_level": null,
        "roof_elevation": null,
        "ground_elevation": null,
        "source": "OpenStreetMap",
        "capture_source": "map (1).osm",
        "is_cadastral": false,
        "legal_status": "UNVERIFIED_PHYSICAL_SURFACE",
        "ownership_status": "UNKNOWN_UNREGISTERED",
        "notes": "Extracted from OpenStreetMap way. Does not represent cadastral parcel or legal land ownership.",
        "tags": {
          "building": "yes"
        }
      },
      "geometry": {
        "type": "Polygon",
        "coordinates": [
          [
            [
              77.1109041,
              28.648335
            ],
            [
              77.1110329,
              28.6484153
            ],
            [
              77.1111072,
              28.6483235
            ],
            [
              77.1109785,
              28.6482432
            ],
            [
              77.1109041,
              28.648335
            ]
          ]
        ]
      }
    },
    {
      "type": "Feature",
      "id": "OSM-BUILDING-WAY-349985120",
      "properties": {
        "building_id": "OSM-BUILDING-WAY-349985120",
        "osm_id": "349985120",
        "osm_type": "way",
        "building": "yes",
        "name": null,
        "height": null,
        "building_levels": null,
        "underground_levels": null,
        "min_level": null,
        "roof_elevation": null,
        "ground_elevation": null,
        "source": "OpenStreetMap",
        "capture_source": "map (1).osm",
        "is_cadastral": false,
        "legal_status": "UNVERIFIED_PHYSICAL_SURFACE",
        "ownership_status": "UNKNOWN_UNREGISTERED",
        "notes": "Extracted from OpenStreetMap way. Does not represent cadastral parcel or legal land ownership.",
        "tags": {
          "building": "yes"
        }
      },
      "geometry": {
        "type": "Polygon",
        "coordinates": [
          [
            [
              77.1108407,
              28.6477348
            ],
            [
              77.1109107,
              28.647772
            ],
            [
              77.1110009,
              28.6476409
            ],
            [
              77.110931,
              28.6476038
            ],
            [
              77.1108407,
              28.6477348
            ]
          ]
        ]
      }
    },
    {
      "type": "Feature",
      "id": "OSM-BUILDING-WAY-349985121",
      "properties": {
        "building_id": "OSM-BUILDING-WAY-349985121",
        "osm_id": "349985121",
        "osm_type": "way",
        "building": "yes",
        "name": null,
        "height": null,
        "building_levels": null,
        "underground_levels": null,
        "min_level": null,
        "roof_elevation": null,
        "ground_elevation": null,
        "source": "OpenStreetMap",
        "capture_source": "map (1).osm",
        "is_cadastral": false,
        "legal_status": "UNVERIFIED_PHYSICAL_SURFACE",
        "ownership_status": "UNKNOWN_UNREGISTERED",
        "notes": "Extracted from OpenStreetMap way. Does not represent cadastral parcel or legal land ownership.",
        "tags": {
          "building": "yes"
        }
      },
      "geometry": {
        "type": "Polygon",
        "coordinates": [
          [
            [
              77.1100007,
              28.6479154
            ],
            [
              77.1099336,
              28.6479958
            ],
            [
              77.110047,
              28.6480687
            ],
            [
              77.1101141,
              28.6479883
            ],
            [
              77.1100007,
              28.6479154
            ]
          ]
        ]
      }
    },
    {
      "type": "Feature",
      "id": "OSM-BUILDING-WAY-349985122",
      "properties": {
        "building_id": "OSM-BUILDING-WAY-349985122",
        "osm_id": "349985122",
        "osm_type": "way",
        "building": "yes",
        "name": null,
        "height": null,
        "building_levels": null,
        "underground_levels": null,
        "min_level": null,
        "roof_elevation": null,
        "ground_elevation": null,
        "source": "OpenStreetMap",
        "capture_source": "map (1).osm",
        "is_cadastral": false,
        "legal_status": "UNVERIFIED_PHYSICAL_SURFACE",
        "ownership_status": "UNKNOWN_UNREGISTERED",
        "notes": "Extracted from OpenStreetMap way. Does not represent cadastral parcel or legal land ownership.",
        "tags": {
          "building": "yes"
        }
      },
      "geometry": {
        "type": "Polygon",
        "coordinates": [
          [
            [
              77.1117824,
              28.6479445
            ],
            [
              77.1118444,
              28.6479809
            ],
            [
              77.1119299,
              28.6478688
            ],
            [
              77.1118678,
              28.6478324
            ],
            [
              77.1117824,
              28.6479445
            ]
          ]
        ]
      }
    },
    {
      "type": "Feature",
      "id": "OSM-BUILDING-WAY-349985123",
      "properties": {
        "building_id": "OSM-BUILDING-WAY-349985123",
        "osm_id": "349985123",
        "osm_type": "way",
        "building": "yes",
        "name": null,
        "height": null,
        "building_levels": null,
        "underground_levels": null,
        "min_level": null,
        "roof_elevation": null,
        "ground_elevation": null,
        "source": "OpenStreetMap",
        "capture_source": "map (1).osm",
        "is_cadastral": false,
        "legal_status": "UNVERIFIED_PHYSICAL_SURFACE",
        "ownership_status": "UNKNOWN_UNREGISTERED",
        "notes": "Extracted from OpenStreetMap way. Does not represent cadastral parcel or legal land ownership.",
        "tags": {
          "building": "yes"
        }
      },
      "geometry": {
        "type": "Polygon",
        "coordinates": [
          [
            [
              77.1109853,
              28.6488129
            ],
            [
              77.1110739,
              28.6486868
            ],
            [
              77.1110257,
              28.6486607
            ],
            [
              77.110937,
              28.6487868
            ],
            [
              77.1109853,
              28.6488129
            ]
          ]
        ]
      }
    },
    {
      "type": "Feature",
      "id": "OSM-BUILDING-WAY-349985124",
      "properties": {
        "building_id": "OSM-BUILDING-WAY-349985124",
        "osm_id": "349985124",
        "osm_type": "way",
        "building": "yes",
        "name": null,
        "height": null,
        "building_levels": null,
        "underground_levels": null,
        "min_level": null,
        "roof_elevation": null,
        "ground_elevation": null,
        "source": "OpenStreetMap",
        "capture_source": "map (1).osm",
        "is_cadastral": false,
        "legal_status": "UNVERIFIED_PHYSICAL_SURFACE",
        "ownership_status": "UNKNOWN_UNREGISTERED",
        "notes": "Extracted from OpenStreetMap way. Does not represent cadastral parcel or legal land ownership.",
        "tags": {
          "building": "yes"
        }
      },
      "geometry": {
        "type": "Polygon",
        "coordinates": [
          [
            [
              77.1112073,
              28.648636
            ],
            [
              77.1114783,
              28.6488121
            ],
            [
              77.1115742,
              28.6486986
            ],
            [
              77.1113032,
              28.6485224
            ],
            [
              77.1112073,
              28.648636
            ]
          ]
        ]
      }
    },
    {
      "type": "Feature",
      "id": "OSM-BUILDING-WAY-349985125",
      "properties": {
        "building_id": "OSM-BUILDING-WAY-349985125",
        "osm_id": "349985125",
        "osm_type": "way",
        "building": "yes",
        "name": null,
        "height": null,
        "building_levels": null,
        "underground_levels": null,
        "min_level": null,
        "roof_elevation": null,
        "ground_elevation": null,
        "source": "OpenStreetMap",
        "capture_source": "map (1).osm",
        "is_cadastral": false,
        "legal_status": "UNVERIFIED_PHYSICAL_SURFACE",
        "ownership_status": "UNKNOWN_UNREGISTERED",
        "notes": "Extracted from OpenStreetMap way. Does not represent cadastral parcel or legal land ownership.",
        "tags": {
          "building": "yes"
        }
      },
      "geometry": {
        "type": "Polygon",
        "coordinates": [
          [
            [
              77.111792,
              28.6463603
            ],
            [
              77.1117109,
              28.6464765
            ],
            [
              77.1118387,
              28.6465452
            ],
            [
              77.1119198,
              28.646429
            ],
            [
              77.111792,
              28.6463603
            ]
          ]
        ]
      }
    },
    {
      "type": "Feature",
      "id": "OSM-BUILDING-WAY-349985126",
      "properties": {
        "building_id": "OSM-BUILDING-WAY-349985126",
        "osm_id": "349985126",
        "osm_type": "way",
        "building": "yes",
        "name": null,
        "height": null,
        "building_levels": null,
        "underground_levels": null,
        "min_level": null,
        "roof_elevation": null,
        "ground_elevation": null,
        "source": "OpenStreetMap",
        "capture_source": "map (1).osm",
        "is_cadastral": false,
        "legal_status": "UNVERIFIED_PHYSICAL_SURFACE",
        "ownership_status": "UNKNOWN_UNREGISTERED",
        "notes": "Extracted from OpenStreetMap way. Does not represent cadastral parcel or legal land ownership.",
        "tags": {
          "building": "yes"
        }
      },
      "geometry": {
        "type": "Polygon",
        "coordinates": [
          [
            [
              77.109647,
              28.6470668
            ],
            [
              77.1097349,
              28.646961
            ],
            [
              77.1096219,
              28.6468888
            ],
            [
              77.1095341,
              28.6469946
            ],
            [
              77.109647,
              28.6470668
            ]
          ]
        ]
      }
    },
    {
      "type": "Feature",
      "id": "OSM-BUILDING-WAY-349985129",
      "properties": {
        "building_id": "OSM-BUILDING-WAY-349985129",
        "osm_id": "349985129",
        "osm_type": "way",
        "building": "yes",
        "name": null,
        "height": null,
        "building_levels": null,
        "underground_levels": null,
        "min_level": null,
        "roof_elevation": null,
        "ground_elevation": null,
        "source": "OpenStreetMap",
        "capture_source": "map (1).osm",
        "is_cadastral": false,
        "legal_status": "UNVERIFIED_PHYSICAL_SURFACE",
        "ownership_status": "UNKNOWN_UNREGISTERED",
        "notes": "Extracted from OpenStreetMap way. Does not represent cadastral parcel or legal land ownership.",
        "tags": {
          "building": "yes"
        }
      },
      "geometry": {
        "type": "Polygon",
        "coordinates": [
          [
            [
              77.1110909,
              28.6481744
            ],
            [
              77.1112218,
              28.6482467
            ],
            [
              77.1112659,
              28.6481852
            ],
            [
              77.111135,
              28.648113
            ],
            [
              77.1110909,
              28.6481744
            ]
          ]
        ]
      }
    },
    {
      "type": "Feature",
      "id": "OSM-BUILDING-WAY-349985131",
      "properties": {
        "building_id": "OSM-BUILDING-WAY-349985131",
        "osm_id": "349985131",
        "osm_type": "way",
        "building": "yes",
        "name": null,
        "height": null,
        "building_levels": null,
        "underground_levels": null,
        "min_level": null,
        "roof_elevation": null,
        "ground_elevation": null,
        "source": "OpenStreetMap",
        "capture_source": "map (1).osm",
        "is_cadastral": false,
        "legal_status": "UNVERIFIED_PHYSICAL_SURFACE",
        "ownership_status": "UNKNOWN_UNREGISTERED",
        "notes": "Extracted from OpenStreetMap way. Does not represent cadastral parcel or legal land ownership.",
        "tags": {
          "building": "yes"
        }
      },
      "geometry": {
        "type": "Polygon",
        "coordinates": [
          [
            [
              77.1100791,
              28.6459513
            ],
            [
              77.1099668,
              28.6460872
            ],
            [
              77.1102876,
              28.6462913
            ],
            [
              77.1103998,
              28.6461555
            ],
            [
              77.1100791,
              28.6459513
            ]
          ]
        ]
      }
    },
    {
      "type": "Feature",
      "id": "OSM-BUILDING-WAY-349985133",
      "properties": {
        "building_id": "OSM-BUILDING-WAY-349985133",
        "osm_id": "349985133",
        "osm_type": "way",
        "building": "yes",
        "name": null,
        "height": null,
        "building_levels": null,
        "underground_levels": null,
        "min_level": null,
        "roof_elevation": null,
        "ground_elevation": null,
        "source": "OpenStreetMap",
        "capture_source": "map (1).osm",
        "is_cadastral": false,
        "legal_status": "UNVERIFIED_PHYSICAL_SURFACE",
        "ownership_status": "UNKNOWN_UNREGISTERED",
        "notes": "Extracted from OpenStreetMap way. Does not represent cadastral parcel or legal land ownership.",
        "tags": {
          "building": "yes"
        }
      },
      "geometry": {
        "type": "Polygon",
        "coordinates": [
          [
            [
              77.111988,
              28.6464324
            ],
            [
              77.1121228,
              28.6465066
            ],
            [
              77.1122008,
              28.6463976
            ],
            [
              77.1120659,
              28.6463234
            ],
            [
              77.111988,
              28.6464324
            ]
          ]
        ]
      }
    },
    {
      "type": "Feature",
      "id": "OSM-BUILDING-WAY-349985134",
      "properties": {
        "building_id": "OSM-BUILDING-WAY-349985134",
        "osm_id": "349985134",
        "osm_type": "way",
        "building": "yes",
        "name": null,
        "height": null,
        "building_levels": null,
        "underground_levels": null,
        "min_level": null,
        "roof_elevation": null,
        "ground_elevation": null,
        "source": "OpenStreetMap",
        "capture_source": "map (1).osm",
        "is_cadastral": false,
        "legal_status": "UNVERIFIED_PHYSICAL_SURFACE",
        "ownership_status": "UNKNOWN_UNREGISTERED",
        "notes": "Extracted from OpenStreetMap way. Does not represent cadastral parcel or legal land ownership.",
        "tags": {
          "building": "yes"
        }
      },
      "geometry": {
        "type": "Polygon",
        "coordinates": [
          [
            [
              77.1107587,
              28.6470267
            ],
            [
              77.1108099,
              28.6470602
            ],
            [
              77.1108609,
              28.6469972
            ],
            [
              77.1108014,
              28.646962
            ],
            [
              77.1107587,
              28.6470267
            ]
          ]
        ]
      }
    },
    {
      "type": "Feature",
      "id": "OSM-BUILDING-WAY-349985136",
      "properties": {
        "building_id": "OSM-BUILDING-WAY-349985136",
        "osm_id": "349985136",
        "osm_type": "way",
        "building": "yes",
        "name": null,
        "height": null,
        "building_levels": null,
        "underground_levels": null,
        "min_level": null,
        "roof_elevation": null,
        "ground_elevation": null,
        "source": "OpenStreetMap",
        "capture_source": "map (1).osm",
        "is_cadastral": false,
        "legal_status": "UNVERIFIED_PHYSICAL_SURFACE",
        "ownership_status": "UNKNOWN_UNREGISTERED",
        "notes": "Extracted from OpenStreetMap way. Does not represent cadastral parcel or legal land ownership.",
        "tags": {
          "building": "yes"
        }
      },
      "geometry": {
        "type": "Polygon",
        "coordinates": [
          [
            [
              77.1112682,
              28.6481744
            ],
            [
              77.1113055,
              28.6481248
            ],
            [
              77.1111804,
              28.6480524
            ],
            [
              77.1111432,
              28.648102
            ],
            [
              77.1112682,
              28.6481744
            ]
          ]
        ]
      }
    },
    {
      "type": "Feature",
      "id": "OSM-BUILDING-WAY-349985137",
      "properties": {
        "building_id": "OSM-BUILDING-WAY-349985137",
        "osm_id": "349985137",
        "osm_type": "way",
        "building": "yes",
        "name": null,
        "height": null,
        "building_levels": null,
        "underground_levels": null,
        "min_level": null,
        "roof_elevation": null,
        "ground_elevation": null,
        "source": "OpenStreetMap",
        "capture_source": "map (1).osm",
        "is_cadastral": false,
        "legal_status": "UNVERIFIED_PHYSICAL_SURFACE",
        "ownership_status": "UNKNOWN_UNREGISTERED",
        "notes": "Extracted from OpenStreetMap way. Does not represent cadastral parcel or legal land ownership.",
        "tags": {
          "building": "yes"
        }
      },
      "geometry": {
        "type": "Polygon",
        "coordinates": [
          [
            [
              77.1119448,
              28.6464003
            ],
            [
              77.1120095,
              28.6463127
            ],
            [
              77.1118939,
              28.646247
            ],
            [
              77.1118292,
              28.6463346
            ],
            [
              77.1119448,
              28.6464003
            ]
          ]
        ]
      }
    },
    {
      "type": "Feature",
      "id": "OSM-BUILDING-WAY-349985138",
      "properties": {
        "building_id": "OSM-BUILDING-WAY-349985138",
        "osm_id": "349985138",
        "osm_type": "way",
        "building": "yes",
        "name": null,
        "height": null,
        "building_levels": null,
        "underground_levels": null,
        "min_level": null,
        "roof_elevation": null,
        "ground_elevation": null,
        "source": "OpenStreetMap",
        "capture_source": "map (1).osm",
        "is_cadastral": false,
        "legal_status": "UNVERIFIED_PHYSICAL_SURFACE",
        "ownership_status": "UNKNOWN_UNREGISTERED",
        "notes": "Extracted from OpenStreetMap way. Does not represent cadastral parcel or legal land ownership.",
        "tags": {
          "building": "yes"
        }
      },
      "geometry": {
        "type": "Polygon",
        "coordinates": [
          [
            [
              77.1096822,
              28.6468257
            ],
            [
              77.1097968,
              28.6468901
            ],
            [
              77.1098694,
              28.6467906
            ],
            [
              77.1097549,
              28.6467262
            ],
            [
              77.1096822,
              28.6468257
            ]
          ]
        ]
      }
    },
    {
      "type": "Feature",
      "id": "OSM-BUILDING-WAY-349985139",
      "properties": {
        "building_id": "OSM-BUILDING-WAY-349985139",
        "osm_id": "349985139",
        "osm_type": "way",
        "building": "yes",
        "name": null,
        "height": null,
        "building_levels": null,
        "underground_levels": null,
        "min_level": null,
        "roof_elevation": null,
        "ground_elevation": null,
        "source": "OpenStreetMap",
        "capture_source": "map (1).osm",
        "is_cadastral": false,
        "legal_status": "UNVERIFIED_PHYSICAL_SURFACE",
        "ownership_status": "UNKNOWN_UNREGISTERED",
        "notes": "Extracted from OpenStreetMap way. Does not represent cadastral parcel or legal land ownership.",
        "tags": {
          "building": "yes"
        }
      },
      "geometry": {
        "type": "Polygon",
        "coordinates": [
          [
            [
              77.1098634,
              28.6469267
            ],
            [
              77.1099311,
              28.6468311
            ],
            [
              77.1098714,
              28.6467985
            ],
            [
              77.1098037,
              28.6468942
            ],
            [
              77.1098634,
              28.6469267
            ]
          ]
        ]
      }
    },
    {
      "type": "Feature",
      "id": "OSM-BUILDING-WAY-349985140",
      "properties": {
        "building_id": "OSM-BUILDING-WAY-349985140",
        "osm_id": "349985140",
        "osm_type": "way",
        "building": "yes",
        "name": null,
        "height": null,
        "building_levels": null,
        "underground_levels": null,
        "min_level": null,
        "roof_elevation": null,
        "ground_elevation": null,
        "source": "OpenStreetMap",
        "capture_source": "map (1).osm",
        "is_cadastral": false,
        "legal_status": "UNVERIFIED_PHYSICAL_SURFACE",
        "ownership_status": "UNKNOWN_UNREGISTERED",
        "notes": "Extracted from OpenStreetMap way. Does not represent cadastral parcel or legal land ownership.",
        "tags": {
          "building": "yes"
        }
      },
      "geometry": {
        "type": "Polygon",
        "coordinates": [
          [
            [
              77.1094588,
              28.6467214
            ],
            [
              77.1095792,
              28.6467899
            ],
            [
              77.1096558,
              28.6466862
            ],
            [
              77.1095355,
              28.6466177
            ],
            [
              77.1094588,
              28.6467214
            ]
          ]
        ]
      }
    },
    {
      "type": "Feature",
      "id": "OSM-BUILDING-WAY-349985143",
      "properties": {
        "building_id": "OSM-BUILDING-WAY-349985143",
        "osm_id": "349985143",
        "osm_type": "way",
        "building": "yes",
        "name": null,
        "height": null,
        "building_levels": null,
        "underground_levels": null,
        "min_level": null,
        "roof_elevation": null,
        "ground_elevation": null,
        "source": "OpenStreetMap",
        "capture_source": "map (1).osm",
        "is_cadastral": false,
        "legal_status": "UNVERIFIED_PHYSICAL_SURFACE",
        "ownership_status": "UNKNOWN_UNREGISTERED",
        "notes": "Extracted from OpenStreetMap way. Does not represent cadastral parcel or legal land ownership.",
        "tags": {
          "building": "yes"
        }
      },
      "geometry": {
        "type": "Polygon",
        "coordinates": [
          [
            [
              77.1090458,
              28.6484538
            ],
            [
              77.1091787,
              28.6485299
            ],
            [
              77.1092318,
              28.6484586
            ],
            [
              77.1090989,
              28.6483824
            ],
            [
              77.1090458,
              28.6484538
            ]
          ]
        ]
      }
    },
    {
      "type": "Feature",
      "id": "OSM-BUILDING-WAY-349985144",
      "properties": {
        "building_id": "OSM-BUILDING-WAY-349985144",
        "osm_id": "349985144",
        "osm_type": "way",
        "building": "yes",
        "name": null,
        "height": null,
        "building_levels": null,
        "underground_levels": null,
        "min_level": null,
        "roof_elevation": null,
        "ground_elevation": null,
        "source": "OpenStreetMap",
        "capture_source": "map (1).osm",
        "is_cadastral": false,
        "legal_status": "UNVERIFIED_PHYSICAL_SURFACE",
        "ownership_status": "UNKNOWN_UNREGISTERED",
        "notes": "Extracted from OpenStreetMap way. Does not represent cadastral parcel or legal land ownership.",
        "tags": {
          "building": "yes"
        }
      },
      "geometry": {
        "type": "Polygon",
        "coordinates": [
          [
            [
              77.1109629,
              28.6464213
            ],
            [
              77.1108469,
              28.6463507
            ],
            [
              77.1107755,
              28.6464412
            ],
            [
              77.1108915,
              28.6465117
            ],
            [
              77.1109629,
              28.6464213
            ]
          ]
        ]
      }
    },
    {
      "type": "Feature",
      "id": "OSM-BUILDING-WAY-349985145",
      "properties": {
        "building_id": "OSM-BUILDING-WAY-349985145",
        "osm_id": "349985145",
        "osm_type": "way",
        "building": "yes",
        "name": null,
        "height": null,
        "building_levels": null,
        "underground_levels": null,
        "min_level": null,
        "roof_elevation": null,
        "ground_elevation": null,
        "source": "OpenStreetMap",
        "capture_source": "map (1).osm",
        "is_cadastral": false,
        "legal_status": "UNVERIFIED_PHYSICAL_SURFACE",
        "ownership_status": "UNKNOWN_UNREGISTERED",
        "notes": "Extracted from OpenStreetMap way. Does not represent cadastral parcel or legal land ownership.",
        "tags": {
          "building": "yes"
        }
      },
      "geometry": {
        "type": "Polygon",
        "coordinates": [
          [
            [
              77.1111927,
              28.6466847
            ],
            [
              77.1112776,
              28.6467394
            ],
            [
              77.1113599,
              28.6466351
            ],
            [
              77.1112728,
              28.6465794
            ],
            [
              77.1111927,
              28.6466847
            ]
          ]
        ]
      }
    },
    {
      "type": "Feature",
      "id": "OSM-BUILDING-WAY-349985146",
      "properties": {
        "building_id": "OSM-BUILDING-WAY-349985146",
        "osm_id": "349985146",
        "osm_type": "way",
        "building": "yes",
        "name": null,
        "height": null,
        "building_levels": null,
        "underground_levels": null,
        "min_level": null,
        "roof_elevation": null,
        "ground_elevation": null,
        "source": "OpenStreetMap",
        "capture_source": "map (1).osm",
        "is_cadastral": false,
        "legal_status": "UNVERIFIED_PHYSICAL_SURFACE",
        "ownership_status": "UNKNOWN_UNREGISTERED",
        "notes": "Extracted from OpenStreetMap way. Does not represent cadastral parcel or legal land ownership.",
        "tags": {
          "building": "yes"
        }
      },
      "geometry": {
        "type": "Polygon",
        "coordinates": [
          [
            [
              77.1088978,
              28.6486143
            ],
            [
              77.1090198,
              28.6486846
            ],
            [
              77.1091192,
              28.6485518
            ],
            [
              77.1089972,
              28.6484815
            ],
            [
              77.1088978,
              28.6486143
            ]
          ]
        ]
      }
    },
    {
      "type": "Feature",
      "id": "OSM-BUILDING-WAY-349985149",
      "properties": {
        "building_id": "OSM-BUILDING-WAY-349985149",
        "osm_id": "349985149",
        "osm_type": "way",
        "building": "yes",
        "name": null,
        "height": null,
        "building_levels": null,
        "underground_levels": null,
        "min_level": null,
        "roof_elevation": null,
        "ground_elevation": null,
        "source": "OpenStreetMap",
        "capture_source": "map (1).osm",
        "is_cadastral": false,
        "legal_status": "UNVERIFIED_PHYSICAL_SURFACE",
        "ownership_status": "UNKNOWN_UNREGISTERED",
        "notes": "Extracted from OpenStreetMap way. Does not represent cadastral parcel or legal land ownership.",
        "tags": {
          "building": "yes"
        }
      },
      "geometry": {
        "type": "Polygon",
        "coordinates": [
          [
            [
              77.1107837,
              28.6475107
            ],
            [
              77.1106929,
              28.647633
            ],
            [
              77.1107412,
              28.6476606
            ],
            [
              77.110832,
              28.6475384
            ],
            [
              77.1107837,
              28.6475107
            ]
          ]
        ]
      }
    },
    {
      "type": "Feature",
      "id": "OSM-BUILDING-WAY-349985151",
      "properties": {
        "building_id": "OSM-BUILDING-WAY-349985151",
        "osm_id": "349985151",
        "osm_type": "way",
        "building": "yes",
        "name": null,
        "height": null,
        "building_levels": null,
        "underground_levels": null,
        "min_level": null,
        "roof_elevation": null,
        "ground_elevation": null,
        "source": "OpenStreetMap",
        "capture_source": "map (1).osm",
        "is_cadastral": false,
        "legal_status": "UNVERIFIED_PHYSICAL_SURFACE",
        "ownership_status": "UNKNOWN_UNREGISTERED",
        "notes": "Extracted from OpenStreetMap way. Does not represent cadastral parcel or legal land ownership.",
        "tags": {
          "building": "yes"
        }
      },
      "geometry": {
        "type": "Polygon",
        "coordinates": [
          [
            [
              77.1106925,
              28.6463942
            ],
            [
              77.1107621,
              28.6464374
            ],
            [
              77.1108355,
              28.6463462
            ],
            [
              77.1107659,
              28.6463031
            ],
            [
              77.1106925,
              28.6463942
            ]
          ]
        ]
      }
    },
    {
      "type": "Feature",
      "id": "OSM-BUILDING-WAY-349985153",
      "properties": {
        "building_id": "OSM-BUILDING-WAY-349985153",
        "osm_id": "349985153",
        "osm_type": "way",
        "building": "yes",
        "name": null,
        "height": null,
        "building_levels": null,
        "underground_levels": null,
        "min_level": null,
        "roof_elevation": null,
        "ground_elevation": null,
        "source": "OpenStreetMap",
        "capture_source": "map (1).osm",
        "is_cadastral": false,
        "legal_status": "UNVERIFIED_PHYSICAL_SURFACE",
        "ownership_status": "UNKNOWN_UNREGISTERED",
        "notes": "Extracted from OpenStreetMap way. Does not represent cadastral parcel or legal land ownership.",
        "tags": {
          "building": "yes"
        }
      },
      "geometry": {
        "type": "Polygon",
        "coordinates": [
          [
            [
              77.1118729,
              28.6467212
            ],
            [
              77.1119223,
              28.6467527
            ],
            [
              77.1119494,
              28.64672
            ],
            [
              77.1119,
              28.6466885
            ],
            [
              77.1118729,
              28.6467212
            ]
          ]
        ]
      }
    },
    {
      "type": "Feature",
      "id": "OSM-BUILDING-WAY-349985155",
      "properties": {
        "building_id": "OSM-BUILDING-WAY-349985155",
        "osm_id": "349985155",
        "osm_type": "way",
        "building": "yes",
        "name": null,
        "height": null,
        "building_levels": null,
        "underground_levels": null,
        "min_level": null,
        "roof_elevation": null,
        "ground_elevation": null,
        "source": "OpenStreetMap",
        "capture_source": "map (1).osm",
        "is_cadastral": false,
        "legal_status": "UNVERIFIED_PHYSICAL_SURFACE",
        "ownership_status": "UNKNOWN_UNREGISTERED",
        "notes": "Extracted from OpenStreetMap way. Does not represent cadastral parcel or legal land ownership.",
        "tags": {
          "building": "yes"
        }
      },
      "geometry": {
        "type": "Polygon",
        "coordinates": [
          [
            [
              77.1111736,
              28.6466885
            ],
            [
              77.1112653,
              28.6465686
            ],
            [
              77.1111849,
              28.6465181
            ],
            [
              77.1110908,
              28.646639
            ],
            [
              77.1111736,
              28.6466885
            ]
          ]
        ]
      }
    },
    {
      "type": "Feature",
      "id": "OSM-BUILDING-WAY-349985157",
      "properties": {
        "building_id": "OSM-BUILDING-WAY-349985157",
        "osm_id": "349985157",
        "osm_type": "way",
        "building": "yes",
        "name": null,
        "height": null,
        "building_levels": null,
        "underground_levels": null,
        "min_level": null,
        "roof_elevation": null,
        "ground_elevation": null,
        "source": "OpenStreetMap",
        "capture_source": "map (1).osm",
        "is_cadastral": false,
        "legal_status": "UNVERIFIED_PHYSICAL_SURFACE",
        "ownership_status": "UNKNOWN_UNREGISTERED",
        "notes": "Extracted from OpenStreetMap way. Does not represent cadastral parcel or legal land ownership.",
        "tags": {
          "building": "yes"
        }
      },
      "geometry": {
        "type": "Polygon",
        "coordinates": [
          [
            [
              77.1087696,
              28.6485275
            ],
            [
              77.1088387,
              28.6485639
            ],
            [
              77.10892,
              28.648445
            ],
            [
              77.108851,
              28.6484086
            ],
            [
              77.1087696,
              28.6485275
            ]
          ]
        ]
      }
    },
    {
      "type": "Feature",
      "id": "OSM-BUILDING-WAY-349985163",
      "properties": {
        "building_id": "OSM-BUILDING-WAY-349985163",
        "osm_id": "349985163",
        "osm_type": "way",
        "building": "yes",
        "name": null,
        "height": null,
        "building_levels": null,
        "underground_levels": null,
        "min_level": null,
        "roof_elevation": null,
        "ground_elevation": null,
        "source": "OpenStreetMap",
        "capture_source": "map (1).osm",
        "is_cadastral": false,
        "legal_status": "UNVERIFIED_PHYSICAL_SURFACE",
        "ownership_status": "UNKNOWN_UNREGISTERED",
        "notes": "Extracted from OpenStreetMap way. Does not represent cadastral parcel or legal land ownership.",
        "tags": {
          "building": "yes"
        }
      },
      "geometry": {
        "type": "Polygon",
        "coordinates": [
          [
            [
              77.1109794,
              28.6465736
            ],
            [
              77.111077,
              28.6466321
            ],
            [
              77.1111741,
              28.6465072
            ],
            [
              77.1110765,
              28.6464488
            ],
            [
              77.1109794,
              28.6465736
            ]
          ]
        ]
      }
    },
    {
      "type": "Feature",
      "id": "OSM-BUILDING-WAY-349985167",
      "properties": {
        "building_id": "OSM-BUILDING-WAY-349985167",
        "osm_id": "349985167",
        "osm_type": "way",
        "building": "yes",
        "name": null,
        "height": null,
        "building_levels": null,
        "underground_levels": null,
        "min_level": null,
        "roof_elevation": null,
        "ground_elevation": null,
        "source": "OpenStreetMap",
        "capture_source": "map (1).osm",
        "is_cadastral": false,
        "legal_status": "UNVERIFIED_PHYSICAL_SURFACE",
        "ownership_status": "UNKNOWN_UNREGISTERED",
        "notes": "Extracted from OpenStreetMap way. Does not represent cadastral parcel or legal land ownership.",
        "tags": {
          "building": "yes"
        }
      },
      "geometry": {
        "type": "Polygon",
        "coordinates": [
          [
            [
              77.1117294,
              28.6469367
            ],
            [
              77.1118771,
              28.6470365
            ],
            [
              77.1119319,
              28.646974
            ],
            [
              77.1117842,
              28.6468743
            ],
            [
              77.1117294,
              28.6469367
            ]
          ]
        ]
      }
    },
    {
      "type": "Feature",
      "id": "OSM-BUILDING-WAY-349985169",
      "properties": {
        "building_id": "OSM-BUILDING-WAY-349985169",
        "osm_id": "349985169",
        "osm_type": "way",
        "building": "yes",
        "name": null,
        "height": null,
        "building_levels": null,
        "underground_levels": null,
        "min_level": null,
        "roof_elevation": null,
        "ground_elevation": null,
        "source": "OpenStreetMap",
        "capture_source": "map (1).osm",
        "is_cadastral": false,
        "legal_status": "UNVERIFIED_PHYSICAL_SURFACE",
        "ownership_status": "UNKNOWN_UNREGISTERED",
        "notes": "Extracted from OpenStreetMap way. Does not represent cadastral parcel or legal land ownership.",
        "tags": {
          "building": "yes"
        }
      },
      "geometry": {
        "type": "Polygon",
        "coordinates": [
          [
            [
              77.1105402,
              28.6487274
            ],
            [
              77.1105828,
              28.6487525
            ],
            [
              77.1106709,
              28.6486376
            ],
            [
              77.1106283,
              28.6486124
            ],
            [
              77.1105402,
              28.6487274
            ]
          ]
        ]
      }
    },
    {
      "type": "Feature",
      "id": "OSM-BUILDING-WAY-349985172",
      "properties": {
        "building_id": "OSM-BUILDING-WAY-349985172",
        "osm_id": "349985172",
        "osm_type": "way",
        "building": "yes",
        "name": null,
        "height": null,
        "building_levels": null,
        "underground_levels": null,
        "min_level": null,
        "roof_elevation": null,
        "ground_elevation": null,
        "source": "OpenStreetMap",
        "capture_source": "map (1).osm",
        "is_cadastral": false,
        "legal_status": "UNVERIFIED_PHYSICAL_SURFACE",
        "ownership_status": "UNKNOWN_UNREGISTERED",
        "notes": "Extracted from OpenStreetMap way. Does not represent cadastral parcel or legal land ownership.",
        "tags": {
          "building": "yes"
        }
      },
      "geometry": {
        "type": "Polygon",
        "coordinates": [
          [
            [
              77.1088718,
              28.647148
            ],
            [
              77.1089523,
              28.6471924
            ],
            [
              77.1090438,
              28.6470645
            ],
            [
              77.1089633,
              28.6470202
            ],
            [
              77.1088718,
              28.647148
            ]
          ]
        ]
      }
    },
    {
      "type": "Feature",
      "id": "OSM-BUILDING-WAY-349985174",
      "properties": {
        "building_id": "OSM-BUILDING-WAY-349985174",
        "osm_id": "349985174",
        "osm_type": "way",
        "building": "yes",
        "name": null,
        "height": null,
        "building_levels": null,
        "underground_levels": null,
        "min_level": null,
        "roof_elevation": null,
        "ground_elevation": null,
        "source": "OpenStreetMap",
        "capture_source": "map (1).osm",
        "is_cadastral": false,
        "legal_status": "UNVERIFIED_PHYSICAL_SURFACE",
        "ownership_status": "UNKNOWN_UNREGISTERED",
        "notes": "Extracted from OpenStreetMap way. Does not represent cadastral parcel or legal land ownership.",
        "tags": {
          "building": "yes"
        }
      },
      "geometry": {
        "type": "Polygon",
        "coordinates": [
          [
            [
              77.1122222,
              28.6461952
            ],
            [
              77.1123398,
              28.6462674
            ],
            [
              77.1124189,
              28.6461683
            ],
            [
              77.1123012,
              28.6460961
            ],
            [
              77.1122222,
              28.6461952
            ]
          ]
        ]
      }
    },
    {
      "type": "Feature",
      "id": "OSM-BUILDING-WAY-349985176",
      "properties": {
        "building_id": "OSM-BUILDING-WAY-349985176",
        "osm_id": "349985176",
        "osm_type": "way",
        "building": "yes",
        "name": null,
        "height": null,
        "building_levels": null,
        "underground_levels": null,
        "min_level": null,
        "roof_elevation": null,
        "ground_elevation": null,
        "source": "OpenStreetMap",
        "capture_source": "map (1).osm",
        "is_cadastral": false,
        "legal_status": "UNVERIFIED_PHYSICAL_SURFACE",
        "ownership_status": "UNKNOWN_UNREGISTERED",
        "notes": "Extracted from OpenStreetMap way. Does not represent cadastral parcel or legal land ownership.",
        "tags": {
          "building": "yes"
        }
      },
      "geometry": {
        "type": "Polygon",
        "coordinates": [
          [
            [
              77.1087532,
              28.6472972
            ],
            [
              77.1088878,
              28.6473829
            ],
            [
              77.1089296,
              28.6473323
            ],
            [
              77.108795,
              28.6472466
            ],
            [
              77.1087532,
              28.6472972
            ]
          ]
        ]
      }
    },
    {
      "type": "Feature",
      "id": "OSM-BUILDING-WAY-349985178",
      "properties": {
        "building_id": "OSM-BUILDING-WAY-349985178",
        "osm_id": "349985178",
        "osm_type": "way",
        "building": "yes",
        "name": null,
        "height": null,
        "building_levels": null,
        "underground_levels": null,
        "min_level": null,
        "roof_elevation": null,
        "ground_elevation": null,
        "source": "OpenStreetMap",
        "capture_source": "map (1).osm",
        "is_cadastral": false,
        "legal_status": "UNVERIFIED_PHYSICAL_SURFACE",
        "ownership_status": "UNKNOWN_UNREGISTERED",
        "notes": "Extracted from OpenStreetMap way. Does not represent cadastral parcel or legal land ownership.",
        "tags": {
          "building": "yes"
        }
      },
      "geometry": {
        "type": "Polygon",
        "coordinates": [
          [
            [
              77.1121431,
              28.6462861
            ],
            [
              77.1122568,
              28.646364
            ],
            [
              77.1123272,
              28.6462849
            ],
            [
              77.1122135,
              28.646207
            ],
            [
              77.1121431,
              28.6462861
            ]
          ]
        ]
      }
    },
    {
      "type": "Feature",
      "id": "OSM-BUILDING-WAY-349985180",
      "properties": {
        "building_id": "OSM-BUILDING-WAY-349985180",
        "osm_id": "349985180",
        "osm_type": "way",
        "building": "yes",
        "name": null,
        "height": null,
        "building_levels": null,
        "underground_levels": null,
        "min_level": null,
        "roof_elevation": null,
        "ground_elevation": null,
        "source": "OpenStreetMap",
        "capture_source": "map (1).osm",
        "is_cadastral": false,
        "legal_status": "UNVERIFIED_PHYSICAL_SURFACE",
        "ownership_status": "UNKNOWN_UNREGISTERED",
        "notes": "Extracted from OpenStreetMap way. Does not represent cadastral parcel or legal land ownership.",
        "tags": {
          "building": "yes"
        }
      },
      "geometry": {
        "type": "Polygon",
        "coordinates": [
          [
            [
              77.1102443,
              28.6485351
            ],
            [
              77.1103509,
              28.6486061
            ],
            [
              77.1103785,
              28.648574
            ],
            [
              77.110272,
              28.6485031
            ],
            [
              77.1102443,
              28.6485351
            ]
          ]
        ]
      }
    },
    {
      "type": "Feature",
      "id": "OSM-BUILDING-WAY-349985184",
      "properties": {
        "building_id": "OSM-BUILDING-WAY-349985184",
        "osm_id": "349985184",
        "osm_type": "way",
        "building": "yes",
        "name": null,
        "height": null,
        "building_levels": null,
        "underground_levels": null,
        "min_level": null,
        "roof_elevation": null,
        "ground_elevation": null,
        "source": "OpenStreetMap",
        "capture_source": "map (1).osm",
        "is_cadastral": false,
        "legal_status": "UNVERIFIED_PHYSICAL_SURFACE",
        "ownership_status": "UNKNOWN_UNREGISTERED",
        "notes": "Extracted from OpenStreetMap way. Does not represent cadastral parcel or legal land ownership.",
        "tags": {
          "building": "yes"
        }
      },
      "geometry": {
        "type": "Polygon",
        "coordinates": [
          [
            [
              77.1099454,
              28.6465557
            ],
            [
              77.1100323,
              28.6464447
            ],
            [
              77.1099744,
              28.6464098
            ],
            [
              77.1098874,
              28.6465208
            ],
            [
              77.1099454,
              28.6465557
            ]
          ]
        ]
      }
    },
    {
      "type": "Feature",
      "id": "OSM-BUILDING-WAY-349985186",
      "properties": {
        "building_id": "OSM-BUILDING-WAY-349985186",
        "osm_id": "349985186",
        "osm_type": "way",
        "building": "yes",
        "name": null,
        "height": null,
        "building_levels": null,
        "underground_levels": null,
        "min_level": null,
        "roof_elevation": null,
        "ground_elevation": null,
        "source": "OpenStreetMap",
        "capture_source": "map (1).osm",
        "is_cadastral": false,
        "legal_status": "UNVERIFIED_PHYSICAL_SURFACE",
        "ownership_status": "UNKNOWN_UNREGISTERED",
        "notes": "Extracted from OpenStreetMap way. Does not represent cadastral parcel or legal land ownership.",
        "tags": {
          "building": "yes"
        }
      },
      "geometry": {
        "type": "Polygon",
        "coordinates": [
          [
            [
              77.1127655,
              28.6466441
            ],
            [
              77.1128342,
              28.6465502
            ],
            [
              77.1125199,
              28.6463732
            ],
            [
              77.1124512,
              28.6464671
            ],
            [
              77.1127655,
              28.6466441
            ]
          ]
        ]
      }
    },
    {
      "type": "Feature",
      "id": "OSM-BUILDING-WAY-349985190",
      "properties": {
        "building_id": "OSM-BUILDING-WAY-349985190",
        "osm_id": "349985190",
        "osm_type": "way",
        "building": "yes",
        "name": null,
        "height": null,
        "building_levels": null,
        "underground_levels": null,
        "min_level": null,
        "roof_elevation": null,
        "ground_elevation": null,
        "source": "OpenStreetMap",
        "capture_source": "map (1).osm",
        "is_cadastral": false,
        "legal_status": "UNVERIFIED_PHYSICAL_SURFACE",
        "ownership_status": "UNKNOWN_UNREGISTERED",
        "notes": "Extracted from OpenStreetMap way. Does not represent cadastral parcel or legal land ownership.",
        "tags": {
          "building": "yes"
        }
      },
      "geometry": {
        "type": "Polygon",
        "coordinates": [
          [
            [
              77.1115404,
              28.6482031
            ],
            [
              77.1116805,
              28.6482827
            ],
            [
              77.1117302,
              28.6482153
            ],
            [
              77.1115901,
              28.6481357
            ],
            [
              77.1115404,
              28.6482031
            ]
          ]
        ]
      }
    },
    {
      "type": "Feature",
      "id": "OSM-BUILDING-WAY-349985192",
      "properties": {
        "building_id": "OSM-BUILDING-WAY-349985192",
        "osm_id": "349985192",
        "osm_type": "way",
        "building": "yes",
        "name": null,
        "height": null,
        "building_levels": null,
        "underground_levels": null,
        "min_level": null,
        "roof_elevation": null,
        "ground_elevation": null,
        "source": "OpenStreetMap",
        "capture_source": "map (1).osm",
        "is_cadastral": false,
        "legal_status": "UNVERIFIED_PHYSICAL_SURFACE",
        "ownership_status": "UNKNOWN_UNREGISTERED",
        "notes": "Extracted from OpenStreetMap way. Does not represent cadastral parcel or legal land ownership.",
        "tags": {
          "building": "yes"
        }
      },
      "geometry": {
        "type": "Polygon",
        "coordinates": [
          [
            [
              77.1086754,
              28.6474236
            ],
            [
              77.1087982,
              28.647496
            ],
            [
              77.1088445,
              28.6474356
            ],
            [
              77.1087217,
              28.6473631
            ],
            [
              77.1086754,
              28.6474236
            ]
          ]
        ]
      }
    },
    {
      "type": "Feature",
      "id": "OSM-BUILDING-WAY-349985196",
      "properties": {
        "building_id": "OSM-BUILDING-WAY-349985196",
        "osm_id": "349985196",
        "osm_type": "way",
        "building": "yes",
        "name": null,
        "height": null,
        "building_levels": null,
        "underground_levels": null,
        "min_level": null,
        "roof_elevation": null,
        "ground_elevation": null,
        "source": "OpenStreetMap",
        "capture_source": "map (1).osm",
        "is_cadastral": false,
        "legal_status": "UNVERIFIED_PHYSICAL_SURFACE",
        "ownership_status": "UNKNOWN_UNREGISTERED",
        "notes": "Extracted from OpenStreetMap way. Does not represent cadastral parcel or legal land ownership.",
        "tags": {
          "building": "yes"
        }
      },
      "geometry": {
        "type": "Polygon",
        "coordinates": [
          [
            [
              77.1099169,
              28.6469528
            ],
            [
              77.1099825,
              28.6468676
            ],
            [
              77.1099377,
              28.6468405
            ],
            [
              77.1098722,
              28.6469243
            ],
            [
              77.1099169,
              28.6469528
            ]
          ]
        ]
      }
    },
    {
      "type": "Feature",
      "id": "OSM-BUILDING-WAY-349985198",
      "properties": {
        "building_id": "OSM-BUILDING-WAY-349985198",
        "osm_id": "349985198",
        "osm_type": "way",
        "building": "yes",
        "name": null,
        "height": null,
        "building_levels": null,
        "underground_levels": null,
        "min_level": null,
        "roof_elevation": null,
        "ground_elevation": null,
        "source": "OpenStreetMap",
        "capture_source": "map (1).osm",
        "is_cadastral": false,
        "legal_status": "UNVERIFIED_PHYSICAL_SURFACE",
        "ownership_status": "UNKNOWN_UNREGISTERED",
        "notes": "Extracted from OpenStreetMap way. Does not represent cadastral parcel or legal land ownership.",
        "tags": {
          "building": "yes"
        }
      },
      "geometry": {
        "type": "Polygon",
        "coordinates": [
          [
            [
              77.1114184,
              28.6483558
            ],
            [
              77.1115234,
              28.6484202
            ],
            [
              77.1115484,
              28.6483888
            ],
            [
              77.1114434,
              28.6483244
            ],
            [
              77.1114184,
              28.6483558
            ]
          ]
        ]
      }
    },
    {
      "type": "Feature",
      "id": "OSM-BUILDING-WAY-349985202",
      "properties": {
        "building_id": "OSM-BUILDING-WAY-349985202",
        "osm_id": "349985202",
        "osm_type": "way",
        "building": "yes",
        "name": null,
        "height": null,
        "building_levels": null,
        "underground_levels": null,
        "min_level": null,
        "roof_elevation": null,
        "ground_elevation": null,
        "source": "OpenStreetMap",
        "capture_source": "map (1).osm",
        "is_cadastral": false,
        "legal_status": "UNVERIFIED_PHYSICAL_SURFACE",
        "ownership_status": "UNKNOWN_UNREGISTERED",
        "notes": "Extracted from OpenStreetMap way. Does not represent cadastral parcel or legal land ownership.",
        "tags": {
          "building": "yes"
        }
      },
      "geometry": {
        "type": "Polygon",
        "coordinates": [
          [
            [
              77.1097484,
              28.6484942
            ],
            [
              77.1098011,
              28.6484242
            ],
            [
              77.1096746,
              28.6483509
            ],
            [
              77.1096219,
              28.648421
            ],
            [
              77.1097484,
              28.6484942
            ]
          ]
        ]
      }
    },
    {
      "type": "Feature",
      "id": "OSM-BUILDING-WAY-349985204",
      "properties": {
        "building_id": "OSM-BUILDING-WAY-349985204",
        "osm_id": "349985204",
        "osm_type": "way",
        "building": "yes",
        "name": null,
        "height": null,
        "building_levels": null,
        "underground_levels": null,
        "min_level": null,
        "roof_elevation": null,
        "ground_elevation": null,
        "source": "OpenStreetMap",
        "capture_source": "map (1).osm",
        "is_cadastral": false,
        "legal_status": "UNVERIFIED_PHYSICAL_SURFACE",
        "ownership_status": "UNKNOWN_UNREGISTERED",
        "notes": "Extracted from OpenStreetMap way. Does not represent cadastral parcel or legal land ownership.",
        "tags": {
          "building": "yes"
        }
      },
      "geometry": {
        "type": "Polygon",
        "coordinates": [
          [
            [
              77.1108799,
              28.6473628
            ],
            [
              77.1110005,
              28.6474306
            ],
            [
              77.1110649,
              28.6473424
            ],
            [
              77.1109443,
              28.6472746
            ],
            [
              77.1108799,
              28.6473628
            ]
          ]
        ]
      }
    },
    {
      "type": "Feature",
      "id": "OSM-BUILDING-WAY-349985206",
      "properties": {
        "building_id": "OSM-BUILDING-WAY-349985206",
        "osm_id": "349985206",
        "osm_type": "way",
        "building": "yes",
        "name": null,
        "height": null,
        "building_levels": null,
        "underground_levels": null,
        "min_level": null,
        "roof_elevation": null,
        "ground_elevation": null,
        "source": "OpenStreetMap",
        "capture_source": "map (1).osm",
        "is_cadastral": false,
        "legal_status": "UNVERIFIED_PHYSICAL_SURFACE",
        "ownership_status": "UNKNOWN_UNREGISTERED",
        "notes": "Extracted from OpenStreetMap way. Does not represent cadastral parcel or legal land ownership.",
        "tags": {
          "building": "yes"
        }
      },
      "geometry": {
        "type": "Polygon",
        "coordinates": [
          [
            [
              77.1115054,
              28.6485847
            ],
            [
              77.1115754,
              28.6484925
            ],
            [
              77.1114883,
              28.6484416
            ],
            [
              77.1114183,
              28.6485338
            ],
            [
              77.1115054,
              28.6485847
            ]
          ]
        ]
      }
    },
    {
      "type": "Feature",
      "id": "OSM-BUILDING-WAY-349985208",
      "properties": {
        "building_id": "OSM-BUILDING-WAY-349985208",
        "osm_id": "349985208",
        "osm_type": "way",
        "building": "yes",
        "name": null,
        "height": null,
        "building_levels": null,
        "underground_levels": null,
        "min_level": null,
        "roof_elevation": null,
        "ground_elevation": null,
        "source": "OpenStreetMap",
        "capture_source": "map (1).osm",
        "is_cadastral": false,
        "legal_status": "UNVERIFIED_PHYSICAL_SURFACE",
        "ownership_status": "UNKNOWN_UNREGISTERED",
        "notes": "Extracted from OpenStreetMap way. Does not represent cadastral parcel or legal land ownership.",
        "tags": {
          "building": "yes"
        }
      },
      "geometry": {
        "type": "Polygon",
        "coordinates": [
          [
            [
              77.1092059,
              28.6482663
            ],
            [
              77.1093458,
              28.6483594
            ],
            [
              77.1093989,
              28.648298
            ],
            [
              77.1092589,
              28.6482049
            ],
            [
              77.1092059,
              28.6482663
            ]
          ]
        ]
      }
    },
    {
      "type": "Feature",
      "id": "OSM-BUILDING-WAY-349985210",
      "properties": {
        "building_id": "OSM-BUILDING-WAY-349985210",
        "osm_id": "349985210",
        "osm_type": "way",
        "building": "yes",
        "name": null,
        "height": null,
        "building_levels": null,
        "underground_levels": null,
        "min_level": null,
        "roof_elevation": null,
        "ground_elevation": null,
        "source": "OpenStreetMap",
        "capture_source": "map (1).osm",
        "is_cadastral": false,
        "legal_status": "UNVERIFIED_PHYSICAL_SURFACE",
        "ownership_status": "UNKNOWN_UNREGISTERED",
        "notes": "Extracted from OpenStreetMap way. Does not represent cadastral parcel or legal land ownership.",
        "tags": {
          "building": "yes"
        }
      },
      "geometry": {
        "type": "Polygon",
        "coordinates": [
          [
            [
              77.1109172,
              28.6469788
            ],
            [
              77.1109962,
              28.6470267
            ],
            [
              77.1110719,
              28.6469306
            ],
            [
              77.1109929,
              28.6468827
            ],
            [
              77.1109172,
              28.6469788
            ]
          ]
        ]
      }
    },
    {
      "type": "Feature",
      "id": "OSM-BUILDING-WAY-349985212",
      "properties": {
        "building_id": "OSM-BUILDING-WAY-349985212",
        "osm_id": "349985212",
        "osm_type": "way",
        "building": "yes",
        "name": null,
        "height": null,
        "building_levels": null,
        "underground_levels": null,
        "min_level": null,
        "roof_elevation": null,
        "ground_elevation": null,
        "source": "OpenStreetMap",
        "capture_source": "map (1).osm",
        "is_cadastral": false,
        "legal_status": "UNVERIFIED_PHYSICAL_SURFACE",
        "ownership_status": "UNKNOWN_UNREGISTERED",
        "notes": "Extracted from OpenStreetMap way. Does not represent cadastral parcel or legal land ownership.",
        "tags": {
          "building": "yes"
        }
      },
      "geometry": {
        "type": "Polygon",
        "coordinates": [
          [
            [
              77.1095303,
              28.6472243
            ],
            [
              77.1096195,
              28.6471203
            ],
            [
              77.1095635,
              28.6470833
            ],
            [
              77.1094743,
              28.6471874
            ],
            [
              77.1095303,
              28.6472243
            ]
          ]
        ]
      }
    },
    {
      "type": "Feature",
      "id": "OSM-BUILDING-WAY-349985214",
      "properties": {
        "building_id": "OSM-BUILDING-WAY-349985214",
        "osm_id": "349985214",
        "osm_type": "way",
        "building": "yes",
        "name": null,
        "height": null,
        "building_levels": null,
        "underground_levels": null,
        "min_level": null,
        "roof_elevation": null,
        "ground_elevation": null,
        "source": "OpenStreetMap",
        "capture_source": "map (1).osm",
        "is_cadastral": false,
        "legal_status": "UNVERIFIED_PHYSICAL_SURFACE",
        "ownership_status": "UNKNOWN_UNREGISTERED",
        "notes": "Extracted from OpenStreetMap way. Does not represent cadastral parcel or legal land ownership.",
        "tags": {
          "building": "yes"
        }
      },
      "geometry": {
        "type": "Polygon",
        "coordinates": [
          [
            [
              77.1089819,
              28.6472085
            ],
            [
              77.1091481,
              28.6473035
            ],
            [
              77.1092474,
              28.6471697
            ],
            [
              77.1090813,
              28.6470747
            ],
            [
              77.1089819,
              28.6472085
            ]
          ]
        ]
      }
    },
    {
      "type": "Feature",
      "id": "OSM-BUILDING-WAY-349985215",
      "properties": {
        "building_id": "OSM-BUILDING-WAY-349985215",
        "osm_id": "349985215",
        "osm_type": "way",
        "building": "yes",
        "name": null,
        "height": null,
        "building_levels": null,
        "underground_levels": null,
        "min_level": null,
        "roof_elevation": null,
        "ground_elevation": null,
        "source": "OpenStreetMap",
        "capture_source": "map (1).osm",
        "is_cadastral": false,
        "legal_status": "UNVERIFIED_PHYSICAL_SURFACE",
        "ownership_status": "UNKNOWN_UNREGISTERED",
        "notes": "Extracted from OpenStreetMap way. Does not represent cadastral parcel or legal land ownership.",
        "tags": {
          "building": "yes"
        }
      },
      "geometry": {
        "type": "Polygon",
        "coordinates": [
          [
            [
              77.110723,
              28.6467241
            ],
            [
              77.1106468,
              28.6468129
            ],
            [
              77.1107292,
              28.6468674
            ],
            [
              77.1108054,
              28.6467786
            ],
            [
              77.110723,
              28.6467241
            ]
          ]
        ]
      }
    },
    {
      "type": "Feature",
      "id": "OSM-BUILDING-WAY-349985217",
      "properties": {
        "building_id": "OSM-BUILDING-WAY-349985217",
        "osm_id": "349985217",
        "osm_type": "way",
        "building": "yes",
        "name": null,
        "height": null,
        "building_levels": null,
        "underground_levels": null,
        "min_level": null,
        "roof_elevation": null,
        "ground_elevation": null,
        "source": "OpenStreetMap",
        "capture_source": "map (1).osm",
        "is_cadastral": false,
        "legal_status": "UNVERIFIED_PHYSICAL_SURFACE",
        "ownership_status": "UNKNOWN_UNREGISTERED",
        "notes": "Extracted from OpenStreetMap way. Does not represent cadastral parcel or legal land ownership.",
        "tags": {
          "building": "yes"
        }
      },
      "geometry": {
        "type": "Polygon",
        "coordinates": [
          [
            [
              77.1104668,
              28.6486778
            ],
            [
              77.1105365,
              28.6487151
            ],
            [
              77.1106155,
              28.6486011
            ],
            [
              77.1105458,
              28.6485639
            ],
            [
              77.1104668,
              28.6486778
            ]
          ]
        ]
      }
    },
    {
      "type": "Feature",
      "id": "OSM-BUILDING-WAY-349985219",
      "properties": {
        "building_id": "OSM-BUILDING-WAY-349985219",
        "osm_id": "349985219",
        "osm_type": "way",
        "building": "yes",
        "name": null,
        "height": null,
        "building_levels": null,
        "underground_levels": null,
        "min_level": null,
        "roof_elevation": null,
        "ground_elevation": null,
        "source": "OpenStreetMap",
        "capture_source": "map (1).osm",
        "is_cadastral": false,
        "legal_status": "UNVERIFIED_PHYSICAL_SURFACE",
        "ownership_status": "UNKNOWN_UNREGISTERED",
        "notes": "Extracted from OpenStreetMap way. Does not represent cadastral parcel or legal land ownership.",
        "tags": {
          "building": "yes"
        }
      },
      "geometry": {
        "type": "Polygon",
        "coordinates": [
          [
            [
              77.1092332,
              28.6470053
            ],
            [
              77.1092919,
              28.6470436
            ],
            [
              77.1093575,
              28.6469663
            ],
            [
              77.1092987,
              28.646928
            ],
            [
              77.1092332,
              28.6470053
            ]
          ]
        ]
      }
    },
    {
      "type": "Feature",
      "id": "OSM-BUILDING-WAY-349985223",
      "properties": {
        "building_id": "OSM-BUILDING-WAY-349985223",
        "osm_id": "349985223",
        "osm_type": "way",
        "building": "yes",
        "name": null,
        "height": null,
        "building_levels": null,
        "underground_levels": null,
        "min_level": null,
        "roof_elevation": null,
        "ground_elevation": null,
        "source": "OpenStreetMap",
        "capture_source": "map (1).osm",
        "is_cadastral": false,
        "legal_status": "UNVERIFIED_PHYSICAL_SURFACE",
        "ownership_status": "UNKNOWN_UNREGISTERED",
        "notes": "Extracted from OpenStreetMap way. Does not represent cadastral parcel or legal land ownership.",
        "tags": {
          "building": "yes"
        }
      },
      "geometry": {
        "type": "Polygon",
        "coordinates": [
          [
            [
              77.1104862,
              28.6476015
            ],
            [
              77.1106188,
              28.6476796
            ],
            [
              77.1106666,
              28.6476251
            ],
            [
              77.1105355,
              28.647547
            ],
            [
              77.1104862,
              28.6476015
            ]
          ]
        ]
      }
    },
    {
      "type": "Feature",
      "id": "OSM-BUILDING-WAY-349985225",
      "properties": {
        "building_id": "OSM-BUILDING-WAY-349985225",
        "osm_id": "349985225",
        "osm_type": "way",
        "building": "yes",
        "name": null,
        "height": null,
        "building_levels": null,
        "underground_levels": null,
        "min_level": null,
        "roof_elevation": null,
        "ground_elevation": null,
        "source": "OpenStreetMap",
        "capture_source": "map (1).osm",
        "is_cadastral": false,
        "legal_status": "UNVERIFIED_PHYSICAL_SURFACE",
        "ownership_status": "UNKNOWN_UNREGISTERED",
        "notes": "Extracted from OpenStreetMap way. Does not represent cadastral parcel or legal land ownership.",
        "tags": {
          "building": "yes"
        }
      },
      "geometry": {
        "type": "Polygon",
        "coordinates": [
          [
            [
              77.11206,
              28.6459057
            ],
            [
              77.1120928,
              28.6458608
            ],
            [
              77.1119804,
              28.6457976
            ],
            [
              77.1119477,
              28.6458425
            ],
            [
              77.11206,
              28.6459057
            ]
          ]
        ]
      }
    },
    {
      "type": "Feature",
      "id": "OSM-BUILDING-WAY-349985228",
      "properties": {
        "building_id": "OSM-BUILDING-WAY-349985228",
        "osm_id": "349985228",
        "osm_type": "way",
        "building": "yes",
        "name": null,
        "height": null,
        "building_levels": null,
        "underground_levels": null,
        "min_level": null,
        "roof_elevation": null,
        "ground_elevation": null,
        "source": "OpenStreetMap",
        "capture_source": "map (1).osm",
        "is_cadastral": false,
        "legal_status": "UNVERIFIED_PHYSICAL_SURFACE",
        "ownership_status": "UNKNOWN_UNREGISTERED",
        "notes": "Extracted from OpenStreetMap way. Does not represent cadastral parcel or legal land ownership.",
        "tags": {
          "building": "yes"
        }
      },
      "geometry": {
        "type": "Polygon",
        "coordinates": [
          [
            [
              77.1115686,
              28.6484569
            ],
            [
              77.1116757,
              28.6485265
            ],
            [
              77.111704,
              28.6484929
            ],
            [
              77.1115969,
              28.6484233
            ],
            [
              77.1115686,
              28.6484569
            ]
          ]
        ]
      }
    },
    {
      "type": "Feature",
      "id": "OSM-BUILDING-WAY-349985230",
      "properties": {
        "building_id": "OSM-BUILDING-WAY-349985230",
        "osm_id": "349985230",
        "osm_type": "way",
        "building": "yes",
        "name": null,
        "height": null,
        "building_levels": null,
        "underground_levels": null,
        "min_level": null,
        "roof_elevation": null,
        "ground_elevation": null,
        "source": "OpenStreetMap",
        "capture_source": "map (1).osm",
        "is_cadastral": false,
        "legal_status": "UNVERIFIED_PHYSICAL_SURFACE",
        "ownership_status": "UNKNOWN_UNREGISTERED",
        "notes": "Extracted from OpenStreetMap way. Does not represent cadastral parcel or legal land ownership.",
        "tags": {
          "building": "yes"
        }
      },
      "geometry": {
        "type": "Polygon",
        "coordinates": [
          [
            [
              77.1090943,
              28.6473948
            ],
            [
              77.1091395,
              28.6473304
            ],
            [
              77.1090162,
              28.6472638
            ],
            [
              77.1089711,
              28.6473282
            ],
            [
              77.1090943,
              28.6473948
            ]
          ]
        ]
      }
    },
    {
      "type": "Feature",
      "id": "OSM-BUILDING-WAY-349985234",
      "properties": {
        "building_id": "OSM-BUILDING-WAY-349985234",
        "osm_id": "349985234",
        "osm_type": "way",
        "building": "yes",
        "name": null,
        "height": null,
        "building_levels": null,
        "underground_levels": null,
        "min_level": null,
        "roof_elevation": null,
        "ground_elevation": null,
        "source": "OpenStreetMap",
        "capture_source": "map (1).osm",
        "is_cadastral": false,
        "legal_status": "UNVERIFIED_PHYSICAL_SURFACE",
        "ownership_status": "UNKNOWN_UNREGISTERED",
        "notes": "Extracted from OpenStreetMap way. Does not represent cadastral parcel or legal land ownership.",
        "tags": {
          "building": "yes"
        }
      },
      "geometry": {
        "type": "Polygon",
        "coordinates": [
          [
            [
              77.108636,
              28.6484551
            ],
            [
              77.108733,
              28.6485071
            ],
            [
              77.1088121,
              28.6483936
            ],
            [
              77.1087151,
              28.6483416
            ],
            [
              77.108636,
              28.6484551
            ]
          ]
        ]
      }
    },
    {
      "type": "Feature",
      "id": "OSM-BUILDING-WAY-349985236",
      "properties": {
        "building_id": "OSM-BUILDING-WAY-349985236",
        "osm_id": "349985236",
        "osm_type": "way",
        "building": "yes",
        "name": null,
        "height": null,
        "building_levels": null,
        "underground_levels": null,
        "min_level": null,
        "roof_elevation": null,
        "ground_elevation": null,
        "source": "OpenStreetMap",
        "capture_source": "map (1).osm",
        "is_cadastral": false,
        "legal_status": "UNVERIFIED_PHYSICAL_SURFACE",
        "ownership_status": "UNKNOWN_UNREGISTERED",
        "notes": "Extracted from OpenStreetMap way. Does not represent cadastral parcel or legal land ownership.",
        "tags": {
          "building": "yes"
        }
      },
      "geometry": {
        "type": "Polygon",
        "coordinates": [
          [
            [
              77.1116883,
              28.6483032
            ],
            [
              77.1118263,
              28.6483766
            ],
            [
              77.1118523,
              28.6483389
            ],
            [
              77.1117143,
              28.6482656
            ],
            [
              77.1116883,
              28.6483032
            ]
          ]
        ]
      }
    },
    {
      "type": "Feature",
      "id": "OSM-BUILDING-WAY-349985239",
      "properties": {
        "building_id": "OSM-BUILDING-WAY-349985239",
        "osm_id": "349985239",
        "osm_type": "way",
        "building": "yes",
        "name": null,
        "height": null,
        "building_levels": null,
        "underground_levels": null,
        "min_level": null,
        "roof_elevation": null,
        "ground_elevation": null,
        "source": "OpenStreetMap",
        "capture_source": "map (1).osm",
        "is_cadastral": false,
        "legal_status": "UNVERIFIED_PHYSICAL_SURFACE",
        "ownership_status": "UNKNOWN_UNREGISTERED",
        "notes": "Extracted from OpenStreetMap way. Does not represent cadastral parcel or legal land ownership.",
        "tags": {
          "building": "yes"
        }
      },
      "geometry": {
        "type": "Polygon",
        "coordinates": [
          [
            [
              77.1116601,
              28.6483459
            ],
            [
              77.1117854,
              28.6484202
            ],
            [
              77.1118123,
              28.6483853
            ],
            [
              77.1116869,
              28.648311
            ],
            [
              77.1116601,
              28.6483459
            ]
          ]
        ]
      }
    },
    {
      "type": "Feature",
      "id": "OSM-BUILDING-WAY-349985242",
      "properties": {
        "building_id": "OSM-BUILDING-WAY-349985242",
        "osm_id": "349985242",
        "osm_type": "way",
        "building": "yes",
        "name": null,
        "height": null,
        "building_levels": null,
        "underground_levels": null,
        "min_level": null,
        "roof_elevation": null,
        "ground_elevation": null,
        "source": "OpenStreetMap",
        "capture_source": "map (1).osm",
        "is_cadastral": false,
        "legal_status": "UNVERIFIED_PHYSICAL_SURFACE",
        "ownership_status": "UNKNOWN_UNREGISTERED",
        "notes": "Extracted from OpenStreetMap way. Does not represent cadastral parcel or legal land ownership.",
        "tags": {
          "building": "yes"
        }
      },
      "geometry": {
        "type": "Polygon",
        "coordinates": [
          [
            [
              77.1093597,
              28.6488939
            ],
            [
              77.1094341,
              28.6489382
            ],
            [
              77.1095301,
              28.6488144
            ],
            [
              77.1094557,
              28.64877
            ],
            [
              77.1093597,
              28.6488939
            ]
          ]
        ]
      }
    },
    {
      "type": "Feature",
      "id": "OSM-BUILDING-WAY-349985246",
      "properties": {
        "building_id": "OSM-BUILDING-WAY-349985246",
        "osm_id": "349985246",
        "osm_type": "way",
        "building": "yes",
        "name": null,
        "height": null,
        "building_levels": null,
        "underground_levels": null,
        "min_level": null,
        "roof_elevation": null,
        "ground_elevation": null,
        "source": "OpenStreetMap",
        "capture_source": "map (1).osm",
        "is_cadastral": false,
        "legal_status": "UNVERIFIED_PHYSICAL_SURFACE",
        "ownership_status": "UNKNOWN_UNREGISTERED",
        "notes": "Extracted from OpenStreetMap way. Does not represent cadastral parcel or legal land ownership.",
        "tags": {
          "building": "yes"
        }
      },
      "geometry": {
        "type": "Polygon",
        "coordinates": [
          [
            [
              77.1115185,
              28.646878
            ],
            [
              77.1116526,
              28.6469649
            ],
            [
              77.1116923,
              28.6469177
            ],
            [
              77.1115582,
              28.6468308
            ],
            [
              77.1115185,
              28.646878
            ]
          ]
        ]
      }
    },
    {
      "type": "Feature",
      "id": "OSM-BUILDING-WAY-349985248",
      "properties": {
        "building_id": "OSM-BUILDING-WAY-349985248",
        "osm_id": "349985248",
        "osm_type": "way",
        "building": "yes",
        "name": null,
        "height": null,
        "building_levels": null,
        "underground_levels": null,
        "min_level": null,
        "roof_elevation": null,
        "ground_elevation": null,
        "source": "OpenStreetMap",
        "capture_source": "map (1).osm",
        "is_cadastral": false,
        "legal_status": "UNVERIFIED_PHYSICAL_SURFACE",
        "ownership_status": "UNKNOWN_UNREGISTERED",
        "notes": "Extracted from OpenStreetMap way. Does not represent cadastral parcel or legal land ownership.",
        "tags": {
          "building": "yes"
        }
      },
      "geometry": {
        "type": "Polygon",
        "coordinates": [
          [
            [
              77.1114783,
              28.6482735
            ],
            [
              77.1116208,
              28.6483569
            ],
            [
              77.111666,
              28.6482974
            ],
            [
              77.1115234,
              28.648214
            ],
            [
              77.1114783,
              28.6482735
            ]
          ]
        ]
      }
    },
    {
      "type": "Feature",
      "id": "OSM-BUILDING-WAY-349985252",
      "properties": {
        "building_id": "OSM-BUILDING-WAY-349985252",
        "osm_id": "349985252",
        "osm_type": "way",
        "building": "yes",
        "name": null,
        "height": null,
        "building_levels": null,
        "underground_levels": null,
        "min_level": null,
        "roof_elevation": null,
        "ground_elevation": null,
        "source": "OpenStreetMap",
        "capture_source": "map (1).osm",
        "is_cadastral": false,
        "legal_status": "UNVERIFIED_PHYSICAL_SURFACE",
        "ownership_status": "UNKNOWN_UNREGISTERED",
        "notes": "Extracted from OpenStreetMap way. Does not represent cadastral parcel or legal land ownership.",
        "tags": {
          "building": "yes"
        }
      },
      "geometry": {
        "type": "Polygon",
        "coordinates": [
          [
            [
              77.1107602,
              28.6472974
            ],
            [
              77.1108702,
              28.6473566
            ],
            [
              77.1109436,
              28.6472515
            ],
            [
              77.1108336,
              28.6471923
            ],
            [
              77.1107602,
              28.6472974
            ]
          ]
        ]
      }
    },
    {
      "type": "Feature",
      "id": "OSM-BUILDING-WAY-349985256",
      "properties": {
        "building_id": "OSM-BUILDING-WAY-349985256",
        "osm_id": "349985256",
        "osm_type": "way",
        "building": "yes",
        "name": null,
        "height": null,
        "building_levels": null,
        "underground_levels": null,
        "min_level": null,
        "roof_elevation": null,
        "ground_elevation": null,
        "source": "OpenStreetMap",
        "capture_source": "map (1).osm",
        "is_cadastral": false,
        "legal_status": "UNVERIFIED_PHYSICAL_SURFACE",
        "ownership_status": "UNKNOWN_UNREGISTERED",
        "notes": "Extracted from OpenStreetMap way. Does not represent cadastral parcel or legal land ownership.",
        "tags": {
          "building": "yes"
        }
      },
      "geometry": {
        "type": "Polygon",
        "coordinates": [
          [
            [
              77.1106789,
              28.6472607
            ],
            [
              77.1107372,
              28.6472972
            ],
            [
              77.1108242,
              28.6471901
            ],
            [
              77.1107659,
              28.6471537
            ],
            [
              77.1106789,
              28.6472607
            ]
          ]
        ]
      }
    },
    {
      "type": "Feature",
      "id": "OSM-BUILDING-WAY-349985260",
      "properties": {
        "building_id": "OSM-BUILDING-WAY-349985260",
        "osm_id": "349985260",
        "osm_type": "way",
        "building": "yes",
        "name": null,
        "height": null,
        "building_levels": null,
        "underground_levels": null,
        "min_level": null,
        "roof_elevation": null,
        "ground_elevation": null,
        "source": "OpenStreetMap",
        "capture_source": "map (1).osm",
        "is_cadastral": false,
        "legal_status": "UNVERIFIED_PHYSICAL_SURFACE",
        "ownership_status": "UNKNOWN_UNREGISTERED",
        "notes": "Extracted from OpenStreetMap way. Does not represent cadastral parcel or legal land ownership.",
        "tags": {
          "building": "yes"
        }
      },
      "geometry": {
        "type": "Polygon",
        "coordinates": [
          [
            [
              77.1098144,
              28.6464596
            ],
            [
              77.1099013,
              28.6463595
            ],
            [
              77.1098525,
              28.6463268
            ],
            [
              77.1097655,
              28.6464269
            ],
            [
              77.1098144,
              28.6464596
            ]
          ]
        ]
      }
    },
    {
      "type": "Feature",
      "id": "OSM-BUILDING-WAY-349985264",
      "properties": {
        "building_id": "OSM-BUILDING-WAY-349985264",
        "osm_id": "349985264",
        "osm_type": "way",
        "building": "yes",
        "name": null,
        "height": null,
        "building_levels": null,
        "underground_levels": null,
        "min_level": null,
        "roof_elevation": null,
        "ground_elevation": null,
        "source": "OpenStreetMap",
        "capture_source": "map (1).osm",
        "is_cadastral": false,
        "legal_status": "UNVERIFIED_PHYSICAL_SURFACE",
        "ownership_status": "UNKNOWN_UNREGISTERED",
        "notes": "Extracted from OpenStreetMap way. Does not represent cadastral parcel or legal land ownership.",
        "tags": {
          "building": "yes"
        }
      },
      "geometry": {
        "type": "Polygon",
        "coordinates": [
          [
            [
              77.1107433,
              28.6468728
            ],
            [
              77.1108079,
              28.6469131
            ],
            [
              77.1108835,
              28.64682
            ],
            [
              77.110819,
              28.6467796
            ],
            [
              77.1107433,
              28.6468728
            ]
          ]
        ]
      }
    },
    {
      "type": "Feature",
      "id": "OSM-BUILDING-WAY-349985267",
      "properties": {
        "building_id": "OSM-BUILDING-WAY-349985267",
        "osm_id": "349985267",
        "osm_type": "way",
        "building": "yes",
        "name": null,
        "height": null,
        "building_levels": null,
        "underground_levels": null,
        "min_level": null,
        "roof_elevation": null,
        "ground_elevation": null,
        "source": "OpenStreetMap",
        "capture_source": "map (1).osm",
        "is_cadastral": false,
        "legal_status": "UNVERIFIED_PHYSICAL_SURFACE",
        "ownership_status": "UNKNOWN_UNREGISTERED",
        "notes": "Extracted from OpenStreetMap way. Does not represent cadastral parcel or legal land ownership.",
        "tags": {
          "building": "yes"
        }
      },
      "geometry": {
        "type": "Polygon",
        "coordinates": [
          [
            [
              77.1096014,
              28.6472511
            ],
            [
              77.1096725,
              28.6471569
            ],
            [
              77.1096261,
              28.6471299
            ],
            [
              77.109555,
              28.647224
            ],
            [
              77.1096014,
              28.6472511
            ]
          ]
        ]
      }
    },
    {
      "type": "Feature",
      "id": "OSM-BUILDING-WAY-349985269",
      "properties": {
        "building_id": "OSM-BUILDING-WAY-349985269",
        "osm_id": "349985269",
        "osm_type": "way",
        "building": "yes",
        "name": null,
        "height": null,
        "building_levels": null,
        "underground_levels": null,
        "min_level": null,
        "roof_elevation": null,
        "ground_elevation": null,
        "source": "OpenStreetMap",
        "capture_source": "map (1).osm",
        "is_cadastral": false,
        "legal_status": "UNVERIFIED_PHYSICAL_SURFACE",
        "ownership_status": "UNKNOWN_UNREGISTERED",
        "notes": "Extracted from OpenStreetMap way. Does not represent cadastral parcel or legal land ownership.",
        "tags": {
          "building": "yes"
        }
      },
      "geometry": {
        "type": "Polygon",
        "coordinates": [
          [
            [
              77.1107346,
              28.6478651
            ],
            [
              77.1108193,
              28.6477422
            ],
            [
              77.1107506,
              28.6477057
            ],
            [
              77.1106659,
              28.6478286
            ],
            [
              77.1107346,
              28.6478651
            ]
          ]
        ]
      }
    },
    {
      "type": "Feature",
      "id": "OSM-BUILDING-WAY-349985271",
      "properties": {
        "building_id": "OSM-BUILDING-WAY-349985271",
        "osm_id": "349985271",
        "osm_type": "way",
        "building": "yes",
        "name": null,
        "height": null,
        "building_levels": null,
        "underground_levels": null,
        "min_level": null,
        "roof_elevation": null,
        "ground_elevation": null,
        "source": "OpenStreetMap",
        "capture_source": "map (1).osm",
        "is_cadastral": false,
        "legal_status": "UNVERIFIED_PHYSICAL_SURFACE",
        "ownership_status": "UNKNOWN_UNREGISTERED",
        "notes": "Extracted from OpenStreetMap way. Does not represent cadastral parcel or legal land ownership.",
        "tags": {
          "building": "yes"
        }
      },
      "geometry": {
        "type": "Polygon",
        "coordinates": [
          [
            [
              77.1103052,
              28.6478545
            ],
            [
              77.1103875,
              28.6479022
            ],
            [
              77.1104801,
              28.6477788
            ],
            [
              77.1103978,
              28.6477312
            ],
            [
              77.1103052,
              28.6478545
            ]
          ]
        ]
      }
    },
    {
      "type": "Feature",
      "id": "OSM-BUILDING-WAY-349985273",
      "properties": {
        "building_id": "OSM-BUILDING-WAY-349985273",
        "osm_id": "349985273",
        "osm_type": "way",
        "building": "yes",
        "name": null,
        "height": null,
        "building_levels": null,
        "underground_levels": null,
        "min_level": null,
        "roof_elevation": null,
        "ground_elevation": null,
        "source": "OpenStreetMap",
        "capture_source": "map (1).osm",
        "is_cadastral": false,
        "legal_status": "UNVERIFIED_PHYSICAL_SURFACE",
        "ownership_status": "UNKNOWN_UNREGISTERED",
        "notes": "Extracted from OpenStreetMap way. Does not represent cadastral parcel or legal land ownership.",
        "tags": {
          "building": "yes"
        }
      },
      "geometry": {
        "type": "Polygon",
        "coordinates": [
          [
            [
              77.1084564,
              28.6481685
            ],
            [
              77.1085355,
              28.6482091
            ],
            [
              77.1086185,
              28.6480844
            ],
            [
              77.1085394,
              28.6480438
            ],
            [
              77.1084564,
              28.6481685
            ]
          ]
        ]
      }
    },
    {
      "type": "Feature",
      "id": "OSM-BUILDING-WAY-349985279",
      "properties": {
        "building_id": "OSM-BUILDING-WAY-349985279",
        "osm_id": "349985279",
        "osm_type": "way",
        "building": "yes",
        "name": null,
        "height": null,
        "building_levels": null,
        "underground_levels": null,
        "min_level": null,
        "roof_elevation": null,
        "ground_elevation": null,
        "source": "OpenStreetMap",
        "capture_source": "map (1).osm",
        "is_cadastral": false,
        "legal_status": "UNVERIFIED_PHYSICAL_SURFACE",
        "ownership_status": "UNKNOWN_UNREGISTERED",
        "notes": "Extracted from OpenStreetMap way. Does not represent cadastral parcel or legal land ownership.",
        "tags": {
          "building": "yes"
        }
      },
      "geometry": {
        "type": "Polygon",
        "coordinates": [
          [
            [
              77.1111967,
              28.6473517
            ],
            [
              77.1113308,
              28.6474386
            ],
            [
              77.1114105,
              28.6473437
            ],
            [
              77.1112651,
              28.6472526
            ],
            [
              77.1111967,
              28.6473517
            ]
          ]
        ]
      }
    },
    {
      "type": "Feature",
      "id": "OSM-BUILDING-WAY-349985281",
      "properties": {
        "building_id": "OSM-BUILDING-WAY-349985281",
        "osm_id": "349985281",
        "osm_type": "way",
        "building": "yes",
        "name": null,
        "height": null,
        "building_levels": null,
        "underground_levels": null,
        "min_level": null,
        "roof_elevation": null,
        "ground_elevation": null,
        "source": "OpenStreetMap",
        "capture_source": "map (1).osm",
        "is_cadastral": false,
        "legal_status": "UNVERIFIED_PHYSICAL_SURFACE",
        "ownership_status": "UNKNOWN_UNREGISTERED",
        "notes": "Extracted from OpenStreetMap way. Does not represent cadastral parcel or legal land ownership.",
        "tags": {
          "building": "yes"
        }
      },
      "geometry": {
        "type": "Polygon",
        "coordinates": [
          [
            [
              77.1102174,
              28.6478055
            ],
            [
              77.1102967,
              28.647849
            ],
            [
              77.1103926,
              28.6477145
            ],
            [
              77.1103132,
              28.6476709
            ],
            [
              77.1102174,
              28.6478055
            ]
          ]
        ]
      }
    },
    {
      "type": "Feature",
      "id": "OSM-BUILDING-WAY-349985283",
      "properties": {
        "building_id": "OSM-BUILDING-WAY-349985283",
        "osm_id": "349985283",
        "osm_type": "way",
        "building": "yes",
        "name": null,
        "height": null,
        "building_levels": null,
        "underground_levels": null,
        "min_level": null,
        "roof_elevation": null,
        "ground_elevation": null,
        "source": "OpenStreetMap",
        "capture_source": "map (1).osm",
        "is_cadastral": false,
        "legal_status": "UNVERIFIED_PHYSICAL_SURFACE",
        "ownership_status": "UNKNOWN_UNREGISTERED",
        "notes": "Extracted from OpenStreetMap way. Does not represent cadastral parcel or legal land ownership.",
        "tags": {
          "building": "yes"
        }
      },
      "geometry": {
        "type": "Polygon",
        "coordinates": [
          [
            [
              77.1081129,
              28.648151
            ],
            [
              77.1081865,
              28.6481954
            ],
            [
              77.1082688,
              28.6480902
            ],
            [
              77.1081952,
              28.6480459
            ],
            [
              77.1081129,
              28.648151
            ]
          ]
        ]
      }
    },
    {
      "type": "Feature",
      "id": "OSM-BUILDING-WAY-349985286",
      "properties": {
        "building_id": "OSM-BUILDING-WAY-349985286",
        "osm_id": "349985286",
        "osm_type": "way",
        "building": "yes",
        "name": null,
        "height": null,
        "building_levels": null,
        "underground_levels": null,
        "min_level": null,
        "roof_elevation": null,
        "ground_elevation": null,
        "source": "OpenStreetMap",
        "capture_source": "map (1).osm",
        "is_cadastral": false,
        "legal_status": "UNVERIFIED_PHYSICAL_SURFACE",
        "ownership_status": "UNKNOWN_UNREGISTERED",
        "notes": "Extracted from OpenStreetMap way. Does not represent cadastral parcel or legal land ownership.",
        "tags": {
          "building": "yes"
        }
      },
      "geometry": {
        "type": "Polygon",
        "coordinates": [
          [
            [
              77.110467,
              28.647651
            ],
            [
              77.1105904,
              28.6477187
            ],
            [
              77.110613,
              28.647687
            ],
            [
              77.1104895,
              28.6476193
            ],
            [
              77.110467,
              28.647651
            ]
          ]
        ]
      }
    },
    {
      "type": "Feature",
      "id": "OSM-BUILDING-WAY-349985287",
      "properties": {
        "building_id": "OSM-BUILDING-WAY-349985287",
        "osm_id": "349985287",
        "osm_type": "way",
        "building": "yes",
        "name": null,
        "height": null,
        "building_levels": null,
        "underground_levels": null,
        "min_level": null,
        "roof_elevation": null,
        "ground_elevation": null,
        "source": "OpenStreetMap",
        "capture_source": "map (1).osm",
        "is_cadastral": false,
        "legal_status": "UNVERIFIED_PHYSICAL_SURFACE",
        "ownership_status": "UNKNOWN_UNREGISTERED",
        "notes": "Extracted from OpenStreetMap way. Does not represent cadastral parcel or legal land ownership.",
        "tags": {
          "building": "yes"
        }
      },
      "geometry": {
        "type": "Polygon",
        "coordinates": [
          [
            [
              77.1082775,
              28.6482477
            ],
            [
              77.1083653,
              28.6481363
            ],
            [
              77.1083114,
              28.6481035
            ],
            [
              77.1082235,
              28.648215
            ],
            [
              77.1082775,
              28.6482477
            ]
          ]
        ]
      }
    },
    {
      "type": "Feature",
      "id": "OSM-BUILDING-WAY-349985288",
      "properties": {
        "building_id": "OSM-BUILDING-WAY-349985288",
        "osm_id": "349985288",
        "osm_type": "way",
        "building": "yes",
        "name": null,
        "height": null,
        "building_levels": null,
        "underground_levels": null,
        "min_level": null,
        "roof_elevation": null,
        "ground_elevation": null,
        "source": "OpenStreetMap",
        "capture_source": "map (1).osm",
        "is_cadastral": false,
        "legal_status": "UNVERIFIED_PHYSICAL_SURFACE",
        "ownership_status": "UNKNOWN_UNREGISTERED",
        "notes": "Extracted from OpenStreetMap way. Does not represent cadastral parcel or legal land ownership.",
        "tags": {
          "building": "yes"
        }
      },
      "geometry": {
        "type": "Polygon",
        "coordinates": [
          [
            [
              77.1095291,
              28.6477088
            ],
            [
              77.1096153,
              28.6475911
            ],
            [
              77.1095135,
              28.6475337
            ],
            [
              77.1094273,
              28.6476514
            ],
            [
              77.1095291,
              28.6477088
            ]
          ]
        ]
      }
    },
    {
      "type": "Feature",
      "id": "OSM-BUILDING-WAY-349985290",
      "properties": {
        "building_id": "OSM-BUILDING-WAY-349985290",
        "osm_id": "349985290",
        "osm_type": "way",
        "building": "yes",
        "name": null,
        "height": null,
        "building_levels": null,
        "underground_levels": null,
        "min_level": null,
        "roof_elevation": null,
        "ground_elevation": null,
        "source": "OpenStreetMap",
        "capture_source": "map (1).osm",
        "is_cadastral": false,
        "legal_status": "UNVERIFIED_PHYSICAL_SURFACE",
        "ownership_status": "UNKNOWN_UNREGISTERED",
        "notes": "Extracted from OpenStreetMap way. Does not represent cadastral parcel or legal land ownership.",
        "tags": {
          "building": "yes"
        }
      },
      "geometry": {
        "type": "Polygon",
        "coordinates": [
          [
            [
              77.1116014,
              28.6481189
            ],
            [
              77.1117443,
              28.6481975
            ],
            [
              77.1118143,
              28.6480994
            ],
            [
              77.1116714,
              28.6480208
            ],
            [
              77.1116014,
              28.6481189
            ]
          ]
        ]
      }
    },
    {
      "type": "Feature",
      "id": "OSM-BUILDING-WAY-349985292",
      "properties": {
        "building_id": "OSM-BUILDING-WAY-349985292",
        "osm_id": "349985292",
        "osm_type": "way",
        "building": "yes",
        "name": null,
        "height": null,
        "building_levels": null,
        "underground_levels": null,
        "min_level": null,
        "roof_elevation": null,
        "ground_elevation": null,
        "source": "OpenStreetMap",
        "capture_source": "map (1).osm",
        "is_cadastral": false,
        "legal_status": "UNVERIFIED_PHYSICAL_SURFACE",
        "ownership_status": "UNKNOWN_UNREGISTERED",
        "notes": "Extracted from OpenStreetMap way. Does not represent cadastral parcel or legal land ownership.",
        "tags": {
          "building": "yes"
        }
      },
      "geometry": {
        "type": "Polygon",
        "coordinates": [
          [
            [
              77.1095111,
              28.6487898
            ],
            [
              77.1096071,
              28.6486659
            ],
            [
              77.1095286,
              28.6486191
            ],
            [
              77.1094326,
              28.648743
            ],
            [
              77.1095111,
              28.6487898
            ]
          ]
        ]
      }
    },
    {
      "type": "Feature",
      "id": "OSM-BUILDING-WAY-349985294",
      "properties": {
        "building_id": "OSM-BUILDING-WAY-349985294",
        "osm_id": "349985294",
        "osm_type": "way",
        "building": "yes",
        "name": null,
        "height": null,
        "building_levels": null,
        "underground_levels": null,
        "min_level": null,
        "roof_elevation": null,
        "ground_elevation": null,
        "source": "OpenStreetMap",
        "capture_source": "map (1).osm",
        "is_cadastral": false,
        "legal_status": "UNVERIFIED_PHYSICAL_SURFACE",
        "ownership_status": "UNKNOWN_UNREGISTERED",
        "notes": "Extracted from OpenStreetMap way. Does not represent cadastral parcel or legal land ownership.",
        "tags": {
          "building": "yes"
        }
      },
      "geometry": {
        "type": "Polygon",
        "coordinates": [
          [
            [
              77.1119422,
              28.6474967
            ],
            [
              77.1120349,
              28.6473818
            ],
            [
              77.111934,
              28.6473192
            ],
            [
              77.1118413,
              28.6474341
            ],
            [
              77.1119422,
              28.6474967
            ]
          ]
        ]
      }
    },
    {
      "type": "Feature",
      "id": "OSM-BUILDING-WAY-349985298",
      "properties": {
        "building_id": "OSM-BUILDING-WAY-349985298",
        "osm_id": "349985298",
        "osm_type": "way",
        "building": "yes",
        "name": null,
        "height": null,
        "building_levels": null,
        "underground_levels": null,
        "min_level": null,
        "roof_elevation": null,
        "ground_elevation": null,
        "source": "OpenStreetMap",
        "capture_source": "map (1).osm",
        "is_cadastral": false,
        "legal_status": "UNVERIFIED_PHYSICAL_SURFACE",
        "ownership_status": "UNKNOWN_UNREGISTERED",
        "notes": "Extracted from OpenStreetMap way. Does not represent cadastral parcel or legal land ownership.",
        "tags": {
          "building": "yes"
        }
      },
      "geometry": {
        "type": "Polygon",
        "coordinates": [
          [
            [
              77.1084005,
              28.6483248
            ],
            [
              77.1084742,
              28.6483647
            ],
            [
              77.1085589,
              28.6482442
            ],
            [
              77.1084851,
              28.6482043
            ],
            [
              77.1084005,
              28.6483248
            ]
          ]
        ]
      }
    },
    {
      "type": "Feature",
      "id": "OSM-BUILDING-WAY-349985300",
      "properties": {
        "building_id": "OSM-BUILDING-WAY-349985300",
        "osm_id": "349985300",
        "osm_type": "way",
        "building": "yes",
        "name": null,
        "height": null,
        "building_levels": null,
        "underground_levels": null,
        "min_level": null,
        "roof_elevation": null,
        "ground_elevation": null,
        "source": "OpenStreetMap",
        "capture_source": "map (1).osm",
        "is_cadastral": false,
        "legal_status": "UNVERIFIED_PHYSICAL_SURFACE",
        "ownership_status": "UNKNOWN_UNREGISTERED",
        "notes": "Extracted from OpenStreetMap way. Does not represent cadastral parcel or legal land ownership.",
        "tags": {
          "building": "yes"
        }
      },
      "geometry": {
        "type": "Polygon",
        "coordinates": [
          [
            [
              77.1092942,
              28.6488384
            ],
            [
              77.1093674,
              28.648876
            ],
            [
              77.1094442,
              28.648761
            ],
            [
              77.109371,
              28.6487234
            ],
            [
              77.1092942,
              28.6488384
            ]
          ]
        ]
      }
    },
    {
      "type": "Feature",
      "id": "OSM-BUILDING-WAY-349985302",
      "properties": {
        "building_id": "OSM-BUILDING-WAY-349985302",
        "osm_id": "349985302",
        "osm_type": "way",
        "building": "yes",
        "name": null,
        "height": null,
        "building_levels": null,
        "underground_levels": null,
        "min_level": null,
        "roof_elevation": null,
        "ground_elevation": null,
        "source": "OpenStreetMap",
        "capture_source": "map (1).osm",
        "is_cadastral": false,
        "legal_status": "UNVERIFIED_PHYSICAL_SURFACE",
        "ownership_status": "UNKNOWN_UNREGISTERED",
        "notes": "Extracted from OpenStreetMap way. Does not represent cadastral parcel or legal land ownership.",
        "tags": {
          "building": "yes"
        }
      },
      "geometry": {
        "type": "Polygon",
        "coordinates": [
          [
            [
              77.1120142,
              28.6472727
            ],
            [
              77.1121204,
              28.6471339
            ],
            [
              77.1119968,
              28.6470612
            ],
            [
              77.1118907,
              28.6471999
            ],
            [
              77.1120142,
              28.6472727
            ]
          ]
        ]
      }
    },
    {
      "type": "Feature",
      "id": "OSM-BUILDING-WAY-349985304",
      "properties": {
        "building_id": "OSM-BUILDING-WAY-349985304",
        "osm_id": "349985304",
        "osm_type": "way",
        "building": "yes",
        "name": null,
        "height": null,
        "building_levels": null,
        "underground_levels": null,
        "min_level": null,
        "roof_elevation": null,
        "ground_elevation": null,
        "source": "OpenStreetMap",
        "capture_source": "map (1).osm",
        "is_cadastral": false,
        "legal_status": "UNVERIFIED_PHYSICAL_SURFACE",
        "ownership_status": "UNKNOWN_UNREGISTERED",
        "notes": "Extracted from OpenStreetMap way. Does not represent cadastral parcel or legal land ownership.",
        "tags": {
          "building": "yes"
        }
      },
      "geometry": {
        "type": "Polygon",
        "coordinates": [
          [
            [
              77.1101295,
              28.6479302
            ],
            [
              77.110211,
              28.6478265
            ],
            [
              77.1101067,
              28.6477634
            ],
            [
              77.1100252,
              28.6478671
            ],
            [
              77.1101295,
              28.6479302
            ]
          ]
        ]
      }
    },
    {
      "type": "Feature",
      "id": "OSM-BUILDING-WAY-349985306",
      "properties": {
        "building_id": "OSM-BUILDING-WAY-349985306",
        "osm_id": "349985306",
        "osm_type": "way",
        "building": "yes",
        "name": null,
        "height": null,
        "building_levels": null,
        "underground_levels": null,
        "min_level": null,
        "roof_elevation": null,
        "ground_elevation": null,
        "source": "OpenStreetMap",
        "capture_source": "map (1).osm",
        "is_cadastral": false,
        "legal_status": "UNVERIFIED_PHYSICAL_SURFACE",
        "ownership_status": "UNKNOWN_UNREGISTERED",
        "notes": "Extracted from OpenStreetMap way. Does not represent cadastral parcel or legal land ownership.",
        "tags": {
          "building": "yes"
        }
      },
      "geometry": {
        "type": "Polygon",
        "coordinates": [
          [
            [
              77.1093103,
              28.6481699
            ],
            [
              77.109422,
              28.6482239
            ],
            [
              77.1094898,
              28.6481159
            ],
            [
              77.109378,
              28.6480619
            ],
            [
              77.1093103,
              28.6481699
            ]
          ]
        ]
      }
    },
    {
      "type": "Feature",
      "id": "OSM-BUILDING-WAY-349985308",
      "properties": {
        "building_id": "OSM-BUILDING-WAY-349985308",
        "osm_id": "349985308",
        "osm_type": "way",
        "building": "yes",
        "name": null,
        "height": null,
        "building_levels": null,
        "underground_levels": null,
        "min_level": null,
        "roof_elevation": null,
        "ground_elevation": null,
        "source": "OpenStreetMap",
        "capture_source": "map (1).osm",
        "is_cadastral": false,
        "legal_status": "UNVERIFIED_PHYSICAL_SURFACE",
        "ownership_status": "UNKNOWN_UNREGISTERED",
        "notes": "Extracted from OpenStreetMap way. Does not represent cadastral parcel or legal land ownership.",
        "tags": {
          "building": "yes"
        }
      },
      "geometry": {
        "type": "Polygon",
        "coordinates": [
          [
            [
              77.1124818,
              28.6460798
            ],
            [
              77.1125631,
              28.6461062
            ],
            [
              77.1125914,
              28.6460061
            ],
            [
              77.1125236,
              28.6459777
            ],
            [
              77.1124818,
              28.6460798
            ]
          ]
        ]
      }
    },
    {
      "type": "Feature",
      "id": "OSM-BUILDING-WAY-349985310",
      "properties": {
        "building_id": "OSM-BUILDING-WAY-349985310",
        "osm_id": "349985310",
        "osm_type": "way",
        "building": "yes",
        "name": null,
        "height": null,
        "building_levels": null,
        "underground_levels": null,
        "min_level": null,
        "roof_elevation": null,
        "ground_elevation": null,
        "source": "OpenStreetMap",
        "capture_source": "map (1).osm",
        "is_cadastral": false,
        "legal_status": "UNVERIFIED_PHYSICAL_SURFACE",
        "ownership_status": "UNKNOWN_UNREGISTERED",
        "notes": "Extracted from OpenStreetMap way. Does not represent cadastral parcel or legal land ownership.",
        "tags": {
          "building": "yes"
        }
      },
      "geometry": {
        "type": "Polygon",
        "coordinates": [
          [
            [
              77.1093264,
              28.6480745
            ],
            [
              77.1093808,
              28.6479987
            ],
            [
              77.1092501,
              28.6479265
            ],
            [
              77.1091957,
              28.6480022
            ],
            [
              77.1093264,
              28.6480745
            ]
          ]
        ]
      }
    },
    {
      "type": "Feature",
      "id": "OSM-BUILDING-WAY-349985312",
      "properties": {
        "building_id": "OSM-BUILDING-WAY-349985312",
        "osm_id": "349985312",
        "osm_type": "way",
        "building": "yes",
        "name": null,
        "height": null,
        "building_levels": null,
        "underground_levels": null,
        "min_level": null,
        "roof_elevation": null,
        "ground_elevation": null,
        "source": "OpenStreetMap",
        "capture_source": "map (1).osm",
        "is_cadastral": false,
        "legal_status": "UNVERIFIED_PHYSICAL_SURFACE",
        "ownership_status": "UNKNOWN_UNREGISTERED",
        "notes": "Extracted from OpenStreetMap way. Does not represent cadastral parcel or legal land ownership.",
        "tags": {
          "building": "yes"
        }
      },
      "geometry": {
        "type": "Polygon",
        "coordinates": [
          [
            [
              77.1094467,
              28.6489355
            ],
            [
              77.1095286,
              28.6489846
            ],
            [
              77.1096235,
              28.6488627
            ],
            [
              77.1095416,
              28.6488136
            ],
            [
              77.1094467,
              28.6489355
            ]
          ]
        ]
      }
    },
    {
      "type": "Feature",
      "id": "OSM-BUILDING-WAY-349985315",
      "properties": {
        "building_id": "OSM-BUILDING-WAY-349985315",
        "osm_id": "349985315",
        "osm_type": "way",
        "building": "yes",
        "name": null,
        "height": null,
        "building_levels": null,
        "underground_levels": null,
        "min_level": null,
        "roof_elevation": null,
        "ground_elevation": null,
        "source": "OpenStreetMap",
        "capture_source": "map (1).osm",
        "is_cadastral": false,
        "legal_status": "UNVERIFIED_PHYSICAL_SURFACE",
        "ownership_status": "UNKNOWN_UNREGISTERED",
        "notes": "Extracted from OpenStreetMap way. Does not represent cadastral parcel or legal land ownership.",
        "tags": {
          "building": "yes"
        }
      },
      "geometry": {
        "type": "Polygon",
        "coordinates": [
          [
            [
              77.1125865,
              28.6461096
            ],
            [
              77.1127246,
              28.6461184
            ],
            [
              77.1127336,
              28.64601
            ],
            [
              77.1125954,
              28.6460012
            ],
            [
              77.1125865,
              28.6461096
            ]
          ]
        ]
      }
    },
    {
      "type": "Feature",
      "id": "OSM-BUILDING-WAY-349985319",
      "properties": {
        "building_id": "OSM-BUILDING-WAY-349985319",
        "osm_id": "349985319",
        "osm_type": "way",
        "building": "yes",
        "name": null,
        "height": null,
        "building_levels": null,
        "underground_levels": null,
        "min_level": null,
        "roof_elevation": null,
        "ground_elevation": null,
        "source": "OpenStreetMap",
        "capture_source": "map (1).osm",
        "is_cadastral": false,
        "legal_status": "UNVERIFIED_PHYSICAL_SURFACE",
        "ownership_status": "UNKNOWN_UNREGISTERED",
        "notes": "Extracted from OpenStreetMap way. Does not represent cadastral parcel or legal land ownership.",
        "tags": {
          "building": "yes"
        }
      },
      "geometry": {
        "type": "Polygon",
        "coordinates": [
          [
            [
              77.1102478,
              28.6481899
            ],
            [
              77.1103687,
              28.6482637
            ],
            [
              77.110433,
              28.6481824
            ],
            [
              77.1103121,
              28.6481086
            ],
            [
              77.1102478,
              28.6481899
            ]
          ]
        ]
      }
    },
    {
      "type": "Feature",
      "id": "OSM-BUILDING-WAY-349985323",
      "properties": {
        "building_id": "OSM-BUILDING-WAY-349985323",
        "osm_id": "349985323",
        "osm_type": "way",
        "building": "yes",
        "name": null,
        "height": null,
        "building_levels": null,
        "underground_levels": null,
        "min_level": null,
        "roof_elevation": null,
        "ground_elevation": null,
        "source": "OpenStreetMap",
        "capture_source": "map (1).osm",
        "is_cadastral": false,
        "legal_status": "UNVERIFIED_PHYSICAL_SURFACE",
        "ownership_status": "UNKNOWN_UNREGISTERED",
        "notes": "Extracted from OpenStreetMap way. Does not represent cadastral parcel or legal land ownership.",
        "tags": {
          "building": "yes"
        }
      },
      "geometry": {
        "type": "Polygon",
        "coordinates": [
          [
            [
              77.1113176,
              28.6471677
            ],
            [
              77.111439,
              28.6472462
            ],
            [
              77.1115011,
              28.6471808
            ],
            [
              77.1113669,
              28.6470939
            ],
            [
              77.1113176,
              28.6471677
            ]
          ]
        ]
      }
    },
    {
      "type": "Feature",
      "id": "OSM-BUILDING-WAY-349985325",
      "properties": {
        "building_id": "OSM-BUILDING-WAY-349985325",
        "osm_id": "349985325",
        "osm_type": "way",
        "building": "yes",
        "name": null,
        "height": null,
        "building_levels": null,
        "underground_levels": null,
        "min_level": null,
        "roof_elevation": null,
        "ground_elevation": null,
        "source": "OpenStreetMap",
        "capture_source": "map (1).osm",
        "is_cadastral": false,
        "legal_status": "UNVERIFIED_PHYSICAL_SURFACE",
        "ownership_status": "UNKNOWN_UNREGISTERED",
        "notes": "Extracted from OpenStreetMap way. Does not represent cadastral parcel or legal land ownership.",
        "tags": {
          "building": "yes"
        }
      },
      "geometry": {
        "type": "Polygon",
        "coordinates": [
          [
            [
              77.1100075,
              28.6463932
            ],
            [
              77.11009,
              28.6462861
            ],
            [
              77.1100261,
              28.6462482
            ],
            [
              77.1099437,
              28.6463553
            ],
            [
              77.1100075,
              28.6463932
            ]
          ]
        ]
      }
    },
    {
      "type": "Feature",
      "id": "OSM-BUILDING-WAY-349985327",
      "properties": {
        "building_id": "OSM-BUILDING-WAY-349985327",
        "osm_id": "349985327",
        "osm_type": "way",
        "building": "yes",
        "name": null,
        "height": null,
        "building_levels": null,
        "underground_levels": null,
        "min_level": null,
        "roof_elevation": null,
        "ground_elevation": null,
        "source": "OpenStreetMap",
        "capture_source": "map (1).osm",
        "is_cadastral": false,
        "legal_status": "UNVERIFIED_PHYSICAL_SURFACE",
        "ownership_status": "UNKNOWN_UNREGISTERED",
        "notes": "Extracted from OpenStreetMap way. Does not represent cadastral parcel or legal land ownership.",
        "tags": {
          "building": "yes"
        }
      },
      "geometry": {
        "type": "Polygon",
        "coordinates": [
          [
            [
              77.1105783,
              28.6480704
            ],
            [
              77.1107481,
              28.6481627
            ],
            [
              77.1108679,
              28.6479932
            ],
            [
              77.1106981,
              28.6479008
            ],
            [
              77.1105783,
              28.6480704
            ]
          ]
        ]
      }
    },
    {
      "type": "Feature",
      "id": "OSM-BUILDING-WAY-349985331",
      "properties": {
        "building_id": "OSM-BUILDING-WAY-349985331",
        "osm_id": "349985331",
        "osm_type": "way",
        "building": "yes",
        "name": null,
        "height": null,
        "building_levels": null,
        "underground_levels": null,
        "min_level": null,
        "roof_elevation": null,
        "ground_elevation": null,
        "source": "OpenStreetMap",
        "capture_source": "map (1).osm",
        "is_cadastral": false,
        "legal_status": "UNVERIFIED_PHYSICAL_SURFACE",
        "ownership_status": "UNKNOWN_UNREGISTERED",
        "notes": "Extracted from OpenStreetMap way. Does not represent cadastral parcel or legal land ownership.",
        "tags": {
          "building": "yes"
        }
      },
      "geometry": {
        "type": "Polygon",
        "coordinates": [
          [
            [
              77.1105565,
              28.6483763
            ],
            [
              77.1104696,
              28.6484867
            ],
            [
              77.1105806,
              28.648554
            ],
            [
              77.1106675,
              28.6484436
            ],
            [
              77.1105565,
              28.6483763
            ]
          ]
        ]
      }
    },
    {
      "type": "Feature",
      "id": "OSM-BUILDING-WAY-349985333",
      "properties": {
        "building_id": "OSM-BUILDING-WAY-349985333",
        "osm_id": "349985333",
        "osm_type": "way",
        "building": "yes",
        "name": null,
        "height": null,
        "building_levels": null,
        "underground_levels": null,
        "min_level": null,
        "roof_elevation": null,
        "ground_elevation": null,
        "source": "OpenStreetMap",
        "capture_source": "map (1).osm",
        "is_cadastral": false,
        "legal_status": "UNVERIFIED_PHYSICAL_SURFACE",
        "ownership_status": "UNKNOWN_UNREGISTERED",
        "notes": "Extracted from OpenStreetMap way. Does not represent cadastral parcel or legal land ownership.",
        "tags": {
          "building": "yes"
        }
      },
      "geometry": {
        "type": "Polygon",
        "coordinates": [
          [
            [
              77.1086911,
              28.6482793
            ],
            [
              77.1087758,
              28.6481769
            ],
            [
              77.1086464,
              28.6480945
            ],
            [
              77.1085617,
              28.6481968
            ],
            [
              77.1086911,
              28.6482793
            ]
          ]
        ]
      }
    },
    {
      "type": "Feature",
      "id": "OSM-BUILDING-WAY-349985335",
      "properties": {
        "building_id": "OSM-BUILDING-WAY-349985335",
        "osm_id": "349985335",
        "osm_type": "way",
        "building": "yes",
        "name": null,
        "height": null,
        "building_levels": null,
        "underground_levels": null,
        "min_level": null,
        "roof_elevation": null,
        "ground_elevation": null,
        "source": "OpenStreetMap",
        "capture_source": "map (1).osm",
        "is_cadastral": false,
        "legal_status": "UNVERIFIED_PHYSICAL_SURFACE",
        "ownership_status": "UNKNOWN_UNREGISTERED",
        "notes": "Extracted from OpenStreetMap way. Does not represent cadastral parcel or legal land ownership.",
        "tags": {
          "building": "yes"
        }
      },
      "geometry": {
        "type": "Polygon",
        "coordinates": [
          [
            [
              77.1095528,
              28.6475492
            ],
            [
              77.1096438,
              28.6474175
            ],
            [
              77.1095556,
              28.6473705
            ],
            [
              77.1094645,
              28.6475022
            ],
            [
              77.1095528,
              28.6475492
            ]
          ]
        ]
      }
    },
    {
      "type": "Feature",
      "id": "OSM-BUILDING-WAY-349985337",
      "properties": {
        "building_id": "OSM-BUILDING-WAY-349985337",
        "osm_id": "349985337",
        "osm_type": "way",
        "building": "yes",
        "name": null,
        "height": null,
        "building_levels": null,
        "underground_levels": null,
        "min_level": null,
        "roof_elevation": null,
        "ground_elevation": null,
        "source": "OpenStreetMap",
        "capture_source": "map (1).osm",
        "is_cadastral": false,
        "legal_status": "UNVERIFIED_PHYSICAL_SURFACE",
        "ownership_status": "UNKNOWN_UNREGISTERED",
        "notes": "Extracted from OpenStreetMap way. Does not represent cadastral parcel or legal land ownership.",
        "tags": {
          "building": "yes"
        }
      },
      "geometry": {
        "type": "Polygon",
        "coordinates": [
          [
            [
              77.1099911,
              28.6469044
            ],
            [
              77.1101269,
              28.64698
            ],
            [
              77.1102001,
              28.6468787
            ],
            [
              77.1100644,
              28.6468031
            ],
            [
              77.1099911,
              28.6469044
            ]
          ]
        ]
      }
    },
    {
      "type": "Feature",
      "id": "OSM-BUILDING-WAY-349985339",
      "properties": {
        "building_id": "OSM-BUILDING-WAY-349985339",
        "osm_id": "349985339",
        "osm_type": "way",
        "building": "yes",
        "name": null,
        "height": null,
        "building_levels": null,
        "underground_levels": null,
        "min_level": null,
        "roof_elevation": null,
        "ground_elevation": null,
        "source": "OpenStreetMap",
        "capture_source": "map (1).osm",
        "is_cadastral": false,
        "legal_status": "UNVERIFIED_PHYSICAL_SURFACE",
        "ownership_status": "UNKNOWN_UNREGISTERED",
        "notes": "Extracted from OpenStreetMap way. Does not represent cadastral parcel or legal land ownership.",
        "tags": {
          "building": "yes"
        }
      },
      "geometry": {
        "type": "Polygon",
        "coordinates": [
          [
            [
              77.1115934,
              28.6475567
            ],
            [
              77.1116654,
              28.6475966
            ],
            [
              77.1117612,
              28.6474635
            ],
            [
              77.1116892,
              28.6474236
            ],
            [
              77.1115934,
              28.6475567
            ]
          ]
        ]
      }
    },
    {
      "type": "Feature",
      "id": "OSM-BUILDING-WAY-349985341",
      "properties": {
        "building_id": "OSM-BUILDING-WAY-349985341",
        "osm_id": "349985341",
        "osm_type": "way",
        "building": "yes",
        "name": null,
        "height": null,
        "building_levels": null,
        "underground_levels": null,
        "min_level": null,
        "roof_elevation": null,
        "ground_elevation": null,
        "source": "OpenStreetMap",
        "capture_source": "map (1).osm",
        "is_cadastral": false,
        "legal_status": "UNVERIFIED_PHYSICAL_SURFACE",
        "ownership_status": "UNKNOWN_UNREGISTERED",
        "notes": "Extracted from OpenStreetMap way. Does not represent cadastral parcel or legal land ownership.",
        "tags": {
          "building": "yes"
        }
      },
      "geometry": {
        "type": "Polygon",
        "coordinates": [
          [
            [
              77.1082107,
              28.6480193
            ],
            [
              77.1082971,
              28.6480674
            ],
            [
              77.1083802,
              28.6479525
            ],
            [
              77.1082937,
              28.6479043
            ],
            [
              77.1082107,
              28.6480193
            ]
          ]
        ]
      }
    },
    {
      "type": "Feature",
      "id": "OSM-BUILDING-WAY-349985344",
      "properties": {
        "building_id": "OSM-BUILDING-WAY-349985344",
        "osm_id": "349985344",
        "osm_type": "way",
        "building": "yes",
        "name": null,
        "height": null,
        "building_levels": null,
        "underground_levels": null,
        "min_level": null,
        "roof_elevation": null,
        "ground_elevation": null,
        "source": "OpenStreetMap",
        "capture_source": "map (1).osm",
        "is_cadastral": false,
        "legal_status": "UNVERIFIED_PHYSICAL_SURFACE",
        "ownership_status": "UNKNOWN_UNREGISTERED",
        "notes": "Extracted from OpenStreetMap way. Does not represent cadastral parcel or legal land ownership.",
        "tags": {
          "building": "yes"
        }
      },
      "geometry": {
        "type": "Polygon",
        "coordinates": [
          [
            [
              77.11207,
              28.6475696
            ],
            [
              77.1121531,
              28.6474547
            ],
            [
              77.1120475,
              28.6473959
            ],
            [
              77.1119644,
              28.6475109
            ],
            [
              77.11207,
              28.6475696
            ]
          ]
        ]
      }
    },
    {
      "type": "Feature",
      "id": "OSM-BUILDING-WAY-349985346",
      "properties": {
        "building_id": "OSM-BUILDING-WAY-349985346",
        "osm_id": "349985346",
        "osm_type": "way",
        "building": "yes",
        "name": null,
        "height": null,
        "building_levels": null,
        "underground_levels": null,
        "min_level": null,
        "roof_elevation": null,
        "ground_elevation": null,
        "source": "OpenStreetMap",
        "capture_source": "map (1).osm",
        "is_cadastral": false,
        "legal_status": "UNVERIFIED_PHYSICAL_SURFACE",
        "ownership_status": "UNKNOWN_UNREGISTERED",
        "notes": "Extracted from OpenStreetMap way. Does not represent cadastral parcel or legal land ownership.",
        "tags": {
          "building": "yes"
        }
      },
      "geometry": {
        "type": "Polygon",
        "coordinates": [
          [
            [
              77.1116231,
              28.6471274
            ],
            [
              77.1117573,
              28.6472143
            ],
            [
              77.111797,
              28.6471671
            ],
            [
              77.1116628,
              28.6470802
            ],
            [
              77.1116231,
              28.6471274
            ]
          ]
        ]
      }
    },
    {
      "type": "Feature",
      "id": "OSM-BUILDING-WAY-349985348",
      "properties": {
        "building_id": "OSM-BUILDING-WAY-349985348",
        "osm_id": "349985348",
        "osm_type": "way",
        "building": "yes",
        "name": null,
        "height": null,
        "building_levels": null,
        "underground_levels": null,
        "min_level": null,
        "roof_elevation": null,
        "ground_elevation": null,
        "source": "OpenStreetMap",
        "capture_source": "map (1).osm",
        "is_cadastral": false,
        "legal_status": "UNVERIFIED_PHYSICAL_SURFACE",
        "ownership_status": "UNKNOWN_UNREGISTERED",
        "notes": "Extracted from OpenStreetMap way. Does not represent cadastral parcel or legal land ownership.",
        "tags": {
          "building": "yes"
        }
      },
      "geometry": {
        "type": "Polygon",
        "coordinates": [
          [
            [
              77.1104521,
              28.6481293
            ],
            [
              77.1105304,
              28.6480339
            ],
            [
              77.1104886,
              28.6480075
            ],
            [
              77.1104103,
              28.6481028
            ],
            [
              77.1104521,
              28.6481293
            ]
          ]
        ]
      }
    },
    {
      "type": "Feature",
      "id": "OSM-BUILDING-WAY-349985350",
      "properties": {
        "building_id": "OSM-BUILDING-WAY-349985350",
        "osm_id": "349985350",
        "osm_type": "way",
        "building": "yes",
        "name": null,
        "height": null,
        "building_levels": null,
        "underground_levels": null,
        "min_level": null,
        "roof_elevation": null,
        "ground_elevation": null,
        "source": "OpenStreetMap",
        "capture_source": "map (1).osm",
        "is_cadastral": false,
        "legal_status": "UNVERIFIED_PHYSICAL_SURFACE",
        "ownership_status": "UNKNOWN_UNREGISTERED",
        "notes": "Extracted from OpenStreetMap way. Does not represent cadastral parcel or legal land ownership.",
        "tags": {
          "building": "yes"
        }
      },
      "geometry": {
        "type": "Polygon",
        "coordinates": [
          [
            [
              77.1093596,
              28.6474245
            ],
            [
              77.1094538,
              28.6473207
            ],
            [
              77.1093862,
              28.6472734
            ],
            [
              77.1092919,
              28.6473772
            ],
            [
              77.1093596,
              28.6474245
            ]
          ]
        ]
      }
    },
    {
      "type": "Feature",
      "id": "OSM-BUILDING-WAY-349985352",
      "properties": {
        "building_id": "OSM-BUILDING-WAY-349985352",
        "osm_id": "349985352",
        "osm_type": "way",
        "building": "yes",
        "name": null,
        "height": null,
        "building_levels": null,
        "underground_levels": null,
        "min_level": null,
        "roof_elevation": null,
        "ground_elevation": null,
        "source": "OpenStreetMap",
        "capture_source": "map (1).osm",
        "is_cadastral": false,
        "legal_status": "UNVERIFIED_PHYSICAL_SURFACE",
        "ownership_status": "UNKNOWN_UNREGISTERED",
        "notes": "Extracted from OpenStreetMap way. Does not represent cadastral parcel or legal land ownership.",
        "tags": {
          "building": "yes"
        }
      },
      "geometry": {
        "type": "Polygon",
        "coordinates": [
          [
            [
              77.1097222,
              28.6487343
            ],
            [
              77.1096333,
              28.6488415
            ],
            [
              77.1097496,
              28.6489159
            ],
            [
              77.1098386,
              28.6488086
            ],
            [
              77.1097222,
              28.6487343
            ]
          ]
        ]
      }
    },
    {
      "type": "Feature",
      "id": "OSM-BUILDING-WAY-349985354",
      "properties": {
        "building_id": "OSM-BUILDING-WAY-349985354",
        "osm_id": "349985354",
        "osm_type": "way",
        "building": "yes",
        "name": null,
        "height": null,
        "building_levels": null,
        "underground_levels": null,
        "min_level": null,
        "roof_elevation": null,
        "ground_elevation": null,
        "source": "OpenStreetMap",
        "capture_source": "map (1).osm",
        "is_cadastral": false,
        "legal_status": "UNVERIFIED_PHYSICAL_SURFACE",
        "ownership_status": "UNKNOWN_UNREGISTERED",
        "notes": "Extracted from OpenStreetMap way. Does not represent cadastral parcel or legal land ownership.",
        "tags": {
          "building": "yes"
        }
      },
      "geometry": {
        "type": "Polygon",
        "coordinates": [
          [
            [
              77.1121269,
              28.6476226
            ],
            [
              77.1122307,
              28.6474881
            ],
            [
              77.1121677,
              28.6474506
            ],
            [
              77.1120638,
              28.6475852
            ],
            [
              77.1121269,
              28.6476226
            ]
          ]
        ]
      }
    },
    {
      "type": "Feature",
      "id": "OSM-BUILDING-WAY-349985358",
      "properties": {
        "building_id": "OSM-BUILDING-WAY-349985358",
        "osm_id": "349985358",
        "osm_type": "way",
        "building": "yes",
        "name": null,
        "height": null,
        "building_levels": null,
        "underground_levels": null,
        "min_level": null,
        "roof_elevation": null,
        "ground_elevation": null,
        "source": "OpenStreetMap",
        "capture_source": "map (1).osm",
        "is_cadastral": false,
        "legal_status": "UNVERIFIED_PHYSICAL_SURFACE",
        "ownership_status": "UNKNOWN_UNREGISTERED",
        "notes": "Extracted from OpenStreetMap way. Does not represent cadastral parcel or legal land ownership.",
        "tags": {
          "building": "yes"
        }
      },
      "geometry": {
        "type": "Polygon",
        "coordinates": [
          [
            [
              77.1114569,
              28.6468619
            ],
            [
              77.1115295,
              28.6467658
            ],
            [
              77.111414,
              28.6466963
            ],
            [
              77.1113406,
              28.6467944
            ],
            [
              77.1114569,
              28.6468619
            ]
          ]
        ]
      }
    },
    {
      "type": "Feature",
      "id": "OSM-BUILDING-WAY-349985362",
      "properties": {
        "building_id": "OSM-BUILDING-WAY-349985362",
        "osm_id": "349985362",
        "osm_type": "way",
        "building": "yes",
        "name": null,
        "height": null,
        "building_levels": null,
        "underground_levels": null,
        "min_level": null,
        "roof_elevation": null,
        "ground_elevation": null,
        "source": "OpenStreetMap",
        "capture_source": "map (1).osm",
        "is_cadastral": false,
        "legal_status": "UNVERIFIED_PHYSICAL_SURFACE",
        "ownership_status": "UNKNOWN_UNREGISTERED",
        "notes": "Extracted from OpenStreetMap way. Does not represent cadastral parcel or legal land ownership.",
        "tags": {
          "building": "yes"
        }
      },
      "geometry": {
        "type": "Polygon",
        "coordinates": [
          [
            [
              77.1105575,
              28.6480101
            ],
            [
              77.1106358,
              28.6478952
            ],
            [
              77.1105745,
              28.6478631
            ],
            [
              77.1104963,
              28.647978
            ],
            [
              77.1105575,
              28.6480101
            ]
          ]
        ]
      }
    },
    {
      "type": "Feature",
      "id": "OSM-BUILDING-WAY-349985364",
      "properties": {
        "building_id": "OSM-BUILDING-WAY-349985364",
        "osm_id": "349985364",
        "osm_type": "way",
        "building": "yes",
        "name": null,
        "height": null,
        "building_levels": null,
        "underground_levels": null,
        "min_level": null,
        "roof_elevation": null,
        "ground_elevation": null,
        "source": "OpenStreetMap",
        "capture_source": "map (1).osm",
        "is_cadastral": false,
        "legal_status": "UNVERIFIED_PHYSICAL_SURFACE",
        "ownership_status": "UNKNOWN_UNREGISTERED",
        "notes": "Extracted from OpenStreetMap way. Does not represent cadastral parcel or legal land ownership.",
        "tags": {
          "building": "yes"
        }
      },
      "geometry": {
        "type": "Polygon",
        "coordinates": [
          [
            [
              77.1114839,
              28.6481427
            ],
            [
              77.1115178,
              28.6480951
            ],
            [
              77.1113934,
              28.6480269
            ],
            [
              77.1113596,
              28.6480745
            ],
            [
              77.1114839,
              28.6481427
            ]
          ]
        ]
      }
    },
    {
      "type": "Feature",
      "id": "OSM-BUILDING-WAY-349985366",
      "properties": {
        "building_id": "OSM-BUILDING-WAY-349985366",
        "osm_id": "349985366",
        "osm_type": "way",
        "building": "yes",
        "name": null,
        "height": null,
        "building_levels": null,
        "underground_levels": null,
        "min_level": null,
        "roof_elevation": null,
        "ground_elevation": null,
        "source": "OpenStreetMap",
        "capture_source": "map (1).osm",
        "is_cadastral": false,
        "legal_status": "UNVERIFIED_PHYSICAL_SURFACE",
        "ownership_status": "UNKNOWN_UNREGISTERED",
        "notes": "Extracted from OpenStreetMap way. Does not represent cadastral parcel or legal land ownership.",
        "tags": {
          "building": "yes"
        }
      },
      "geometry": {
        "type": "Polygon",
        "coordinates": [
          [
            [
              77.1117122,
              28.647386
            ],
            [
              77.1117923,
              28.6474306
            ],
            [
              77.1118946,
              28.647289
            ],
            [
              77.1118144,
              28.6472445
            ],
            [
              77.1117122,
              28.647386
            ]
          ]
        ]
      }
    },
    {
      "type": "Feature",
      "id": "OSM-BUILDING-WAY-349985368",
      "properties": {
        "building_id": "OSM-BUILDING-WAY-349985368",
        "osm_id": "349985368",
        "osm_type": "way",
        "building": "yes",
        "name": null,
        "height": null,
        "building_levels": null,
        "underground_levels": null,
        "min_level": null,
        "roof_elevation": null,
        "ground_elevation": null,
        "source": "OpenStreetMap",
        "capture_source": "map (1).osm",
        "is_cadastral": false,
        "legal_status": "UNVERIFIED_PHYSICAL_SURFACE",
        "ownership_status": "UNKNOWN_UNREGISTERED",
        "notes": "Extracted from OpenStreetMap way. Does not represent cadastral parcel or legal land ownership.",
        "tags": {
          "building": "yes"
        }
      },
      "geometry": {
        "type": "Polygon",
        "coordinates": [
          [
            [
              77.1111182,
              28.646847
            ],
            [
              77.1111738,
              28.6468818
            ],
            [
              77.1112495,
              28.6467886
            ],
            [
              77.1111939,
              28.6467538
            ],
            [
              77.1111182,
              28.646847
            ]
          ]
        ]
      }
    },
    {
      "type": "Feature",
      "id": "OSM-BUILDING-WAY-349985370",
      "properties": {
        "building_id": "OSM-BUILDING-WAY-349985370",
        "osm_id": "349985370",
        "osm_type": "way",
        "building": "yes",
        "name": null,
        "height": null,
        "building_levels": null,
        "underground_levels": null,
        "min_level": null,
        "roof_elevation": null,
        "ground_elevation": null,
        "source": "OpenStreetMap",
        "capture_source": "map (1).osm",
        "is_cadastral": false,
        "legal_status": "UNVERIFIED_PHYSICAL_SURFACE",
        "ownership_status": "UNKNOWN_UNREGISTERED",
        "notes": "Extracted from OpenStreetMap way. Does not represent cadastral parcel or legal land ownership.",
        "tags": {
          "building": "yes"
        }
      },
      "geometry": {
        "type": "Polygon",
        "coordinates": [
          [
            [
              77.1101408,
              28.6466471
            ],
            [
              77.1102127,
              28.6465476
            ],
            [
              77.1101135,
              28.6464924
            ],
            [
              77.1100416,
              28.6465919
            ],
            [
              77.1101408,
              28.6466471
            ]
          ]
        ]
      }
    },
    {
      "type": "Feature",
      "id": "OSM-BUILDING-WAY-349985372",
      "properties": {
        "building_id": "OSM-BUILDING-WAY-349985372",
        "osm_id": "349985372",
        "osm_type": "way",
        "building": "yes",
        "name": null,
        "height": null,
        "building_levels": null,
        "underground_levels": null,
        "min_level": null,
        "roof_elevation": null,
        "ground_elevation": null,
        "source": "OpenStreetMap",
        "capture_source": "map (1).osm",
        "is_cadastral": false,
        "legal_status": "UNVERIFIED_PHYSICAL_SURFACE",
        "ownership_status": "UNKNOWN_UNREGISTERED",
        "notes": "Extracted from OpenStreetMap way. Does not represent cadastral parcel or legal land ownership.",
        "tags": {
          "building": "yes"
        }
      },
      "geometry": {
        "type": "Polygon",
        "coordinates": [
          [
            [
              77.1123846,
              28.6460202
            ],
            [
              77.1124524,
              28.6460589
            ],
            [
              77.1125141,
              28.6459756
            ],
            [
              77.1124463,
              28.645937
            ],
            [
              77.1123846,
              28.6460202
            ]
          ]
        ]
      }
    },
    {
      "type": "Feature",
      "id": "OSM-BUILDING-WAY-349985375",
      "properties": {
        "building_id": "OSM-BUILDING-WAY-349985375",
        "osm_id": "349985375",
        "osm_type": "way",
        "building": "yes",
        "name": null,
        "height": null,
        "building_levels": null,
        "underground_levels": null,
        "min_level": null,
        "roof_elevation": null,
        "ground_elevation": null,
        "source": "OpenStreetMap",
        "capture_source": "map (1).osm",
        "is_cadastral": false,
        "legal_status": "UNVERIFIED_PHYSICAL_SURFACE",
        "ownership_status": "UNKNOWN_UNREGISTERED",
        "notes": "Extracted from OpenStreetMap way. Does not represent cadastral parcel or legal land ownership.",
        "tags": {
          "building": "yes"
        }
      },
      "geometry": {
        "type": "Polygon",
        "coordinates": [
          [
            [
              77.1107645,
              28.6488659
            ],
            [
              77.110857,
              28.6489235
            ],
            [
              77.1109432,
              28.648817
            ],
            [
              77.1108507,
              28.6487593
            ],
            [
              77.1107645,
              28.6488659
            ]
          ]
        ]
      }
    },
    {
      "type": "Feature",
      "id": "OSM-BUILDING-WAY-349985377",
      "properties": {
        "building_id": "OSM-BUILDING-WAY-349985377",
        "osm_id": "349985377",
        "osm_type": "way",
        "building": "yes",
        "name": null,
        "height": null,
        "building_levels": null,
        "underground_levels": null,
        "min_level": null,
        "roof_elevation": null,
        "ground_elevation": null,
        "source": "OpenStreetMap",
        "capture_source": "map (1).osm",
        "is_cadastral": false,
        "legal_status": "UNVERIFIED_PHYSICAL_SURFACE",
        "ownership_status": "UNKNOWN_UNREGISTERED",
        "notes": "Extracted from OpenStreetMap way. Does not represent cadastral parcel or legal land ownership.",
        "tags": {
          "building": "yes"
        }
      },
      "geometry": {
        "type": "Polygon",
        "coordinates": [
          [
            [
              77.11031,
              28.6480353
            ],
            [
              77.110385,
              28.64794
            ],
            [
              77.1102839,
              28.6478787
            ],
            [
              77.1102088,
              28.647974
            ],
            [
              77.11031,
              28.6480353
            ]
          ]
        ]
      }
    },
    {
      "type": "Feature",
      "id": "OSM-BUILDING-WAY-349985379",
      "properties": {
        "building_id": "OSM-BUILDING-WAY-349985379",
        "osm_id": "349985379",
        "osm_type": "way",
        "building": "yes",
        "name": null,
        "height": null,
        "building_levels": null,
        "underground_levels": null,
        "min_level": null,
        "roof_elevation": null,
        "ground_elevation": null,
        "source": "OpenStreetMap",
        "capture_source": "map (1).osm",
        "is_cadastral": false,
        "legal_status": "UNVERIFIED_PHYSICAL_SURFACE",
        "ownership_status": "UNKNOWN_UNREGISTERED",
        "notes": "Extracted from OpenStreetMap way. Does not represent cadastral parcel or legal land ownership.",
        "tags": {
          "building": "yes"
        }
      },
      "geometry": {
        "type": "Polygon",
        "coordinates": [
          [
            [
              77.1113326,
              28.6483686
            ],
            [
              77.1113913,
              28.6482923
            ],
            [
              77.111262,
              28.6482157
            ],
            [
              77.1112033,
              28.648292
            ],
            [
              77.1113326,
              28.6483686
            ]
          ]
        ]
      }
    },
    {
      "type": "Feature",
      "id": "OSM-BUILDING-WAY-349985381",
      "properties": {
        "building_id": "OSM-BUILDING-WAY-349985381",
        "osm_id": "349985381",
        "osm_type": "way",
        "building": "yes",
        "name": null,
        "height": null,
        "building_levels": null,
        "underground_levels": null,
        "min_level": null,
        "roof_elevation": null,
        "ground_elevation": null,
        "source": "OpenStreetMap",
        "capture_source": "map (1).osm",
        "is_cadastral": false,
        "legal_status": "UNVERIFIED_PHYSICAL_SURFACE",
        "ownership_status": "UNKNOWN_UNREGISTERED",
        "notes": "Extracted from OpenStreetMap way. Does not represent cadastral parcel or legal land ownership.",
        "tags": {
          "building": "yes"
        }
      },
      "geometry": {
        "type": "Polygon",
        "coordinates": [
          [
            [
              77.1114203,
              28.6470226
            ],
            [
              77.1115545,
              28.6471095
            ],
            [
              77.1115942,
              28.6470623
            ],
            [
              77.11146,
              28.6469754
            ],
            [
              77.1114203,
              28.6470226
            ]
          ]
        ]
      }
    },
    {
      "type": "Feature",
      "id": "OSM-BUILDING-WAY-349985383",
      "properties": {
        "building_id": "OSM-BUILDING-WAY-349985383",
        "osm_id": "349985383",
        "osm_type": "way",
        "building": "yes",
        "name": null,
        "height": null,
        "building_levels": null,
        "underground_levels": null,
        "min_level": null,
        "roof_elevation": null,
        "ground_elevation": null,
        "source": "OpenStreetMap",
        "capture_source": "map (1).osm",
        "is_cadastral": false,
        "legal_status": "UNVERIFIED_PHYSICAL_SURFACE",
        "ownership_status": "UNKNOWN_UNREGISTERED",
        "notes": "Extracted from OpenStreetMap way. Does not represent cadastral parcel or legal land ownership.",
        "tags": {
          "building": "yes"
        }
      },
      "geometry": {
        "type": "Polygon",
        "coordinates": [
          [
            [
              77.1113981,
              28.6482804
            ],
            [
              77.1114365,
              28.6482339
            ],
            [
              77.1113168,
              28.6481579
            ],
            [
              77.1112784,
              28.6482044
            ],
            [
              77.1113981,
              28.6482804
            ]
          ]
        ]
      }
    },
    {
      "type": "Feature",
      "id": "OSM-BUILDING-WAY-349985385",
      "properties": {
        "building_id": "OSM-BUILDING-WAY-349985385",
        "osm_id": "349985385",
        "osm_type": "way",
        "building": "yes",
        "name": null,
        "height": null,
        "building_levels": null,
        "underground_levels": null,
        "min_level": null,
        "roof_elevation": null,
        "ground_elevation": null,
        "source": "OpenStreetMap",
        "capture_source": "map (1).osm",
        "is_cadastral": false,
        "legal_status": "UNVERIFIED_PHYSICAL_SURFACE",
        "ownership_status": "UNKNOWN_UNREGISTERED",
        "notes": "Extracted from OpenStreetMap way. Does not represent cadastral parcel or legal land ownership.",
        "tags": {
          "building": "yes"
        }
      },
      "geometry": {
        "type": "Polygon",
        "coordinates": [
          [
            [
              77.1113498,
              28.6469847
            ],
            [
              77.111422,
              28.6468965
            ],
            [
              77.1113691,
              28.6468632
            ],
            [
              77.1112969,
              28.6469514
            ],
            [
              77.1113498,
              28.6469847
            ]
          ]
        ]
      }
    },
    {
      "type": "Feature",
      "id": "OSM-BUILDING-WAY-349985387",
      "properties": {
        "building_id": "OSM-BUILDING-WAY-349985387",
        "osm_id": "349985387",
        "osm_type": "way",
        "building": "yes",
        "name": null,
        "height": null,
        "building_levels": null,
        "underground_levels": null,
        "min_level": null,
        "roof_elevation": null,
        "ground_elevation": null,
        "source": "OpenStreetMap",
        "capture_source": "map (1).osm",
        "is_cadastral": false,
        "legal_status": "UNVERIFIED_PHYSICAL_SURFACE",
        "ownership_status": "UNKNOWN_UNREGISTERED",
        "notes": "Extracted from OpenStreetMap way. Does not represent cadastral parcel or legal land ownership.",
        "tags": {
          "building": "yes"
        }
      },
      "geometry": {
        "type": "Polygon",
        "coordinates": [
          [
            [
              77.1114624,
              28.6469555
            ],
            [
              77.1115965,
              28.6470424
            ],
            [
              77.1116362,
              28.6469952
            ],
            [
              77.1115021,
              28.6469083
            ],
            [
              77.1114624,
              28.6469555
            ]
          ]
        ]
      }
    },
    {
      "type": "Feature",
      "id": "OSM-BUILDING-WAY-349985389",
      "properties": {
        "building_id": "OSM-BUILDING-WAY-349985389",
        "osm_id": "349985389",
        "osm_type": "way",
        "building": "yes",
        "name": null,
        "height": null,
        "building_levels": null,
        "underground_levels": null,
        "min_level": null,
        "roof_elevation": null,
        "ground_elevation": null,
        "source": "OpenStreetMap",
        "capture_source": "map (1).osm",
        "is_cadastral": false,
        "legal_status": "UNVERIFIED_PHYSICAL_SURFACE",
        "ownership_status": "UNKNOWN_UNREGISTERED",
        "notes": "Extracted from OpenStreetMap way. Does not represent cadastral parcel or legal land ownership.",
        "tags": {
          "building": "yes"
        }
      },
      "geometry": {
        "type": "Polygon",
        "coordinates": [
          [
            [
              77.1109853,
              28.6478235
            ],
            [
              77.1110802,
              28.6477184
            ],
            [
              77.1110093,
              28.6476692
            ],
            [
              77.1109145,
              28.6477742
            ],
            [
              77.1109853,
              28.6478235
            ]
          ]
        ]
      }
    },
    {
      "type": "Feature",
      "id": "OSM-BUILDING-WAY-349985391",
      "properties": {
        "building_id": "OSM-BUILDING-WAY-349985391",
        "osm_id": "349985391",
        "osm_type": "way",
        "building": "yes",
        "name": null,
        "height": null,
        "building_levels": null,
        "underground_levels": null,
        "min_level": null,
        "roof_elevation": null,
        "ground_elevation": null,
        "source": "OpenStreetMap",
        "capture_source": "map (1).osm",
        "is_cadastral": false,
        "legal_status": "UNVERIFIED_PHYSICAL_SURFACE",
        "ownership_status": "UNKNOWN_UNREGISTERED",
        "notes": "Extracted from OpenStreetMap way. Does not represent cadastral parcel or legal land ownership.",
        "tags": {
          "building": "yes"
        }
      },
      "geometry": {
        "type": "Polygon",
        "coordinates": [
          [
            [
              77.109512,
              28.6470113
            ],
            [
              77.1095815,
              28.6469223
            ],
            [
              77.1095341,
              28.6468938
            ],
            [
              77.1094646,
              28.6469828
            ],
            [
              77.109512,
              28.6470113
            ]
          ]
        ]
      }
    },
    {
      "type": "Feature",
      "id": "OSM-BUILDING-WAY-349985395",
      "properties": {
        "building_id": "OSM-BUILDING-WAY-349985395",
        "osm_id": "349985395",
        "osm_type": "way",
        "building": "yes",
        "name": null,
        "height": null,
        "building_levels": null,
        "underground_levels": null,
        "min_level": null,
        "roof_elevation": null,
        "ground_elevation": null,
        "source": "OpenStreetMap",
        "capture_source": "map (1).osm",
        "is_cadastral": false,
        "legal_status": "UNVERIFIED_PHYSICAL_SURFACE",
        "ownership_status": "UNKNOWN_UNREGISTERED",
        "notes": "Extracted from OpenStreetMap way. Does not represent cadastral parcel or legal land ownership.",
        "tags": {
          "building": "yes"
        }
      },
      "geometry": {
        "type": "Polygon",
        "coordinates": [
          [
            [
              77.1107513,
              28.6486707
            ],
            [
              77.1108463,
              28.6485389
            ],
            [
              77.1107718,
              28.6484975
            ],
            [
              77.1106768,
              28.6486292
            ],
            [
              77.1107513,
              28.6486707
            ]
          ]
        ]
      }
    },
    {
      "type": "Feature",
      "id": "OSM-BUILDING-WAY-349985397",
      "properties": {
        "building_id": "OSM-BUILDING-WAY-349985397",
        "osm_id": "349985397",
        "osm_type": "way",
        "building": "yes",
        "name": null,
        "height": null,
        "building_levels": null,
        "underground_levels": null,
        "min_level": null,
        "roof_elevation": null,
        "ground_elevation": null,
        "source": "OpenStreetMap",
        "capture_source": "map (1).osm",
        "is_cadastral": false,
        "legal_status": "UNVERIFIED_PHYSICAL_SURFACE",
        "ownership_status": "UNKNOWN_UNREGISTERED",
        "notes": "Extracted from OpenStreetMap way. Does not represent cadastral parcel or legal land ownership.",
        "tags": {
          "building": "yes"
        }
      },
      "geometry": {
        "type": "Polygon",
        "coordinates": [
          [
            [
              77.1102425,
              28.6472518
            ],
            [
              77.1103781,
              28.6473292
            ],
            [
              77.1104685,
              28.6472073
            ],
            [
              77.1103328,
              28.6471299
            ],
            [
              77.1102425,
              28.6472518
            ]
          ]
        ]
      }
    },
    {
      "type": "Feature",
      "id": "OSM-BUILDING-WAY-349985399",
      "properties": {
        "building_id": "OSM-BUILDING-WAY-349985399",
        "osm_id": "349985399",
        "osm_type": "way",
        "building": "yes",
        "name": null,
        "height": null,
        "building_levels": null,
        "underground_levels": null,
        "min_level": null,
        "roof_elevation": null,
        "ground_elevation": null,
        "source": "OpenStreetMap",
        "capture_source": "map (1).osm",
        "is_cadastral": false,
        "legal_status": "UNVERIFIED_PHYSICAL_SURFACE",
        "ownership_status": "UNKNOWN_UNREGISTERED",
        "notes": "Extracted from OpenStreetMap way. Does not represent cadastral parcel or legal land ownership.",
        "tags": {
          "building": "yes"
        }
      },
      "geometry": {
        "type": "Polygon",
        "coordinates": [
          [
            [
              77.109314,
              28.6468908
            ],
            [
              77.1093871,
              28.6469333
            ],
            [
              77.1094653,
              28.6468295
            ],
            [
              77.1093923,
              28.6467871
            ],
            [
              77.109314,
              28.6468908
            ]
          ]
        ]
      }
    },
    {
      "type": "Feature",
      "id": "OSM-BUILDING-WAY-349985401",
      "properties": {
        "building_id": "OSM-BUILDING-WAY-349985401",
        "osm_id": "349985401",
        "osm_type": "way",
        "building": "yes",
        "name": null,
        "height": null,
        "building_levels": null,
        "underground_levels": null,
        "min_level": null,
        "roof_elevation": null,
        "ground_elevation": null,
        "source": "OpenStreetMap",
        "capture_source": "map (1).osm",
        "is_cadastral": false,
        "legal_status": "UNVERIFIED_PHYSICAL_SURFACE",
        "ownership_status": "UNKNOWN_UNREGISTERED",
        "notes": "Extracted from OpenStreetMap way. Does not represent cadastral parcel or legal land ownership.",
        "tags": {
          "building": "yes"
        }
      },
      "geometry": {
        "type": "Polygon",
        "coordinates": [
          [
            [
              77.1120463,
              28.6476104
            ],
            [
              77.1119202,
              28.6475319
            ],
            [
              77.1118082,
              28.6476705
            ],
            [
              77.1119343,
              28.647749
            ],
            [
              77.1120463,
              28.6476104
            ]
          ]
        ]
      }
    },
    {
      "type": "Feature",
      "id": "OSM-BUILDING-WAY-349985405",
      "properties": {
        "building_id": "OSM-BUILDING-WAY-349985405",
        "osm_id": "349985405",
        "osm_type": "way",
        "building": "yes",
        "name": null,
        "height": null,
        "building_levels": null,
        "underground_levels": null,
        "min_level": null,
        "roof_elevation": null,
        "ground_elevation": null,
        "source": "OpenStreetMap",
        "capture_source": "map (1).osm",
        "is_cadastral": false,
        "legal_status": "UNVERIFIED_PHYSICAL_SURFACE",
        "ownership_status": "UNKNOWN_UNREGISTERED",
        "notes": "Extracted from OpenStreetMap way. Does not represent cadastral parcel or legal land ownership.",
        "tags": {
          "building": "yes"
        }
      },
      "geometry": {
        "type": "Polygon",
        "coordinates": [
          [
            [
              77.1111858,
              28.6480089
            ],
            [
              77.1113318,
              28.6480949
            ],
            [
              77.1113917,
              28.6480166
            ],
            [
              77.1112456,
              28.6479306
            ],
            [
              77.1111858,
              28.6480089
            ]
          ]
        ]
      }
    },
    {
      "type": "Feature",
      "id": "OSM-BUILDING-WAY-349985407",
      "properties": {
        "building_id": "OSM-BUILDING-WAY-349985407",
        "osm_id": "349985407",
        "osm_type": "way",
        "building": "yes",
        "name": null,
        "height": null,
        "building_levels": null,
        "underground_levels": null,
        "min_level": null,
        "roof_elevation": null,
        "ground_elevation": null,
        "source": "OpenStreetMap",
        "capture_source": "map (1).osm",
        "is_cadastral": false,
        "legal_status": "UNVERIFIED_PHYSICAL_SURFACE",
        "ownership_status": "UNKNOWN_UNREGISTERED",
        "notes": "Extracted from OpenStreetMap way. Does not represent cadastral parcel or legal land ownership.",
        "tags": {
          "building": "yes"
        }
      },
      "geometry": {
        "type": "Polygon",
        "coordinates": [
          [
            [
              77.1119103,
              28.6462368
            ],
            [
              77.1120271,
              28.6463018
            ],
            [
              77.1121045,
              28.6461946
            ],
            [
              77.1119878,
              28.6461296
            ],
            [
              77.1119103,
              28.6462368
            ]
          ]
        ]
      }
    },
    {
      "type": "Feature",
      "id": "OSM-BUILDING-WAY-349985411",
      "properties": {
        "building_id": "OSM-BUILDING-WAY-349985411",
        "osm_id": "349985411",
        "osm_type": "way",
        "building": "yes",
        "name": null,
        "height": null,
        "building_levels": null,
        "underground_levels": null,
        "min_level": null,
        "roof_elevation": null,
        "ground_elevation": null,
        "source": "OpenStreetMap",
        "capture_source": "map (1).osm",
        "is_cadastral": false,
        "legal_status": "UNVERIFIED_PHYSICAL_SURFACE",
        "ownership_status": "UNKNOWN_UNREGISTERED",
        "notes": "Extracted from OpenStreetMap way. Does not represent cadastral parcel or legal land ownership.",
        "tags": {
          "building": "yes"
        }
      },
      "geometry": {
        "type": "Polygon",
        "coordinates": [
          [
            [
              77.1105671,
              28.6471844
            ],
            [
              77.1106146,
              28.6472141
            ],
            [
              77.1106884,
              28.6471234
            ],
            [
              77.110641,
              28.6470937
            ],
            [
              77.1105671,
              28.6471844
            ]
          ]
        ]
      }
    },
    {
      "type": "Feature",
      "id": "OSM-BUILDING-WAY-349985413",
      "properties": {
        "building_id": "OSM-BUILDING-WAY-349985413",
        "osm_id": "349985413",
        "osm_type": "way",
        "building": "yes",
        "name": null,
        "height": null,
        "building_levels": null,
        "underground_levels": null,
        "min_level": null,
        "roof_elevation": null,
        "ground_elevation": null,
        "source": "OpenStreetMap",
        "capture_source": "map (1).osm",
        "is_cadastral": false,
        "legal_status": "UNVERIFIED_PHYSICAL_SURFACE",
        "ownership_status": "UNKNOWN_UNREGISTERED",
        "notes": "Extracted from OpenStreetMap way. Does not represent cadastral parcel or legal land ownership.",
        "tags": {
          "building": "yes"
        }
      },
      "geometry": {
        "type": "Polygon",
        "coordinates": [
          [
            [
              77.1104074,
              28.647919
            ],
            [
              77.1104813,
              28.6479628
            ],
            [
              77.1105708,
              28.6478465
            ],
            [
              77.1104968,
              28.6478027
            ],
            [
              77.1104074,
              28.647919
            ]
          ]
        ]
      }
    },
    {
      "type": "Feature",
      "id": "OSM-BUILDING-WAY-349985415",
      "properties": {
        "building_id": "OSM-BUILDING-WAY-349985415",
        "osm_id": "349985415",
        "osm_type": "way",
        "building": "yes",
        "name": null,
        "height": null,
        "building_levels": null,
        "underground_levels": null,
        "min_level": null,
        "roof_elevation": null,
        "ground_elevation": null,
        "source": "OpenStreetMap",
        "capture_source": "map (1).osm",
        "is_cadastral": false,
        "legal_status": "UNVERIFIED_PHYSICAL_SURFACE",
        "ownership_status": "UNKNOWN_UNREGISTERED",
        "notes": "Extracted from OpenStreetMap way. Does not represent cadastral parcel or legal land ownership.",
        "tags": {
          "building": "yes"
        }
      },
      "geometry": {
        "type": "Polygon",
        "coordinates": [
          [
            [
              77.111901,
              28.6459222
            ],
            [
              77.1119919,
              28.645979
            ],
            [
              77.11201,
              28.6459563
            ],
            [
              77.1119154,
              28.6458987
            ],
            [
              77.111901,
              28.6459222
            ]
          ]
        ]
      }
    },
    {
      "type": "Feature",
      "id": "OSM-BUILDING-WAY-349985417",
      "properties": {
        "building_id": "OSM-BUILDING-WAY-349985417",
        "osm_id": "349985417",
        "osm_type": "way",
        "building": "yes",
        "name": null,
        "height": null,
        "building_levels": null,
        "underground_levels": null,
        "min_level": null,
        "roof_elevation": null,
        "ground_elevation": null,
        "source": "OpenStreetMap",
        "capture_source": "map (1).osm",
        "is_cadastral": false,
        "legal_status": "UNVERIFIED_PHYSICAL_SURFACE",
        "ownership_status": "UNKNOWN_UNREGISTERED",
        "notes": "Extracted from OpenStreetMap way. Does not represent cadastral parcel or legal land ownership.",
        "tags": {
          "building": "yes"
        }
      },
      "geometry": {
        "type": "Polygon",
        "coordinates": [
          [
            [
              77.1123821,
              28.6467902
            ],
            [
              77.1124543,
              28.6466841
            ],
            [
              77.1123364,
              28.6466222
            ],
            [
              77.1122641,
              28.6467283
            ],
            [
              77.1123821,
              28.6467902
            ]
          ]
        ]
      }
    },
    {
      "type": "Feature",
      "id": "OSM-BUILDING-WAY-349985421",
      "properties": {
        "building_id": "OSM-BUILDING-WAY-349985421",
        "osm_id": "349985421",
        "osm_type": "way",
        "building": "yes",
        "name": null,
        "height": null,
        "building_levels": null,
        "underground_levels": null,
        "min_level": null,
        "roof_elevation": null,
        "ground_elevation": null,
        "source": "OpenStreetMap",
        "capture_source": "map (1).osm",
        "is_cadastral": false,
        "legal_status": "UNVERIFIED_PHYSICAL_SURFACE",
        "ownership_status": "UNKNOWN_UNREGISTERED",
        "notes": "Extracted from OpenStreetMap way. Does not represent cadastral parcel or legal land ownership.",
        "tags": {
          "building": "yes"
        }
      },
      "geometry": {
        "type": "Polygon",
        "coordinates": [
          [
            [
              77.1114116,
              28.647995
            ],
            [
              77.1114937,
              28.6480433
            ],
            [
              77.1115671,
              28.6479471
            ],
            [
              77.111485,
              28.6478989
            ],
            [
              77.1114116,
              28.647995
            ]
          ]
        ]
      }
    },
    {
      "type": "Feature",
      "id": "OSM-BUILDING-WAY-349985425",
      "properties": {
        "building_id": "OSM-BUILDING-WAY-349985425",
        "osm_id": "349985425",
        "osm_type": "way",
        "building": "yes",
        "name": null,
        "height": null,
        "building_levels": null,
        "underground_levels": null,
        "min_level": null,
        "roof_elevation": null,
        "ground_elevation": null,
        "source": "OpenStreetMap",
        "capture_source": "map (1).osm",
        "is_cadastral": false,
        "legal_status": "UNVERIFIED_PHYSICAL_SURFACE",
        "ownership_status": "UNKNOWN_UNREGISTERED",
        "notes": "Extracted from OpenStreetMap way. Does not represent cadastral parcel or legal land ownership.",
        "tags": {
          "building": "yes"
        }
      },
      "geometry": {
        "type": "Polygon",
        "coordinates": [
          [
            [
              77.1119219,
              28.6458902
            ],
            [
              77.1120196,
              28.6459404
            ],
            [
              77.1120443,
              28.6459032
            ],
            [
              77.1119467,
              28.6458531
            ],
            [
              77.1119219,
              28.6458902
            ]
          ]
        ]
      }
    },
    {
      "type": "Feature",
      "id": "OSM-BUILDING-WAY-349985427",
      "properties": {
        "building_id": "OSM-BUILDING-WAY-349985427",
        "osm_id": "349985427",
        "osm_type": "way",
        "building": "yes",
        "name": null,
        "height": null,
        "building_levels": null,
        "underground_levels": null,
        "min_level": null,
        "roof_elevation": null,
        "ground_elevation": null,
        "source": "OpenStreetMap",
        "capture_source": "map (1).osm",
        "is_cadastral": false,
        "legal_status": "UNVERIFIED_PHYSICAL_SURFACE",
        "ownership_status": "UNKNOWN_UNREGISTERED",
        "notes": "Extracted from OpenStreetMap way. Does not represent cadastral parcel or legal land ownership.",
        "tags": {
          "building": "yes"
        }
      },
      "geometry": {
        "type": "Polygon",
        "coordinates": [
          [
            [
              77.1099736,
              28.6482776
            ],
            [
              77.1101156,
              28.6483593
            ],
            [
              77.11018,
              28.6482731
            ],
            [
              77.110038,
              28.6481914
            ],
            [
              77.1099736,
              28.6482776
            ]
          ]
        ]
      }
    },
    {
      "type": "Feature",
      "id": "OSM-BUILDING-WAY-349985429",
      "properties": {
        "building_id": "OSM-BUILDING-WAY-349985429",
        "osm_id": "349985429",
        "osm_type": "way",
        "building": "yes",
        "name": null,
        "height": null,
        "building_levels": null,
        "underground_levels": null,
        "min_level": null,
        "roof_elevation": null,
        "ground_elevation": null,
        "source": "OpenStreetMap",
        "capture_source": "map (1).osm",
        "is_cadastral": false,
        "legal_status": "UNVERIFIED_PHYSICAL_SURFACE",
        "ownership_status": "UNKNOWN_UNREGISTERED",
        "notes": "Extracted from OpenStreetMap way. Does not represent cadastral parcel or legal land ownership.",
        "tags": {
          "building": "yes"
        }
      },
      "geometry": {
        "type": "Polygon",
        "coordinates": [
          [
            [
              77.1099939,
              28.6468391
            ],
            [
              77.1100752,
              28.6467272
            ],
            [
              77.1099687,
              28.6466676
            ],
            [
              77.1098874,
              28.6467796
            ],
            [
              77.1099939,
              28.6468391
            ]
          ]
        ]
      }
    },
    {
      "type": "Feature",
      "id": "OSM-BUILDING-WAY-349985433",
      "properties": {
        "building_id": "OSM-BUILDING-WAY-349985433",
        "osm_id": "349985433",
        "osm_type": "way",
        "building": "yes",
        "name": null,
        "height": null,
        "building_levels": null,
        "underground_levels": null,
        "min_level": null,
        "roof_elevation": null,
        "ground_elevation": null,
        "source": "OpenStreetMap",
        "capture_source": "map (1).osm",
        "is_cadastral": false,
        "legal_status": "UNVERIFIED_PHYSICAL_SURFACE",
        "ownership_status": "UNKNOWN_UNREGISTERED",
        "notes": "Extracted from OpenStreetMap way. Does not represent cadastral parcel or legal land ownership.",
        "tags": {
          "building": "yes"
        }
      },
      "geometry": {
        "type": "Polygon",
        "coordinates": [
          [
            [
              77.1114399,
              28.648224
            ],
            [
              77.111485,
              28.6481605
            ],
            [
              77.1113565,
              28.64809
            ],
            [
              77.1113114,
              28.6481535
            ],
            [
              77.1114399,
              28.648224
            ]
          ]
        ]
      }
    },
    {
      "type": "Feature",
      "id": "OSM-BUILDING-WAY-349985435",
      "properties": {
        "building_id": "OSM-BUILDING-WAY-349985435",
        "osm_id": "349985435",
        "osm_type": "way",
        "building": "yes",
        "name": null,
        "height": null,
        "building_levels": null,
        "underground_levels": null,
        "min_level": null,
        "roof_elevation": null,
        "ground_elevation": null,
        "source": "OpenStreetMap",
        "capture_source": "map (1).osm",
        "is_cadastral": false,
        "legal_status": "UNVERIFIED_PHYSICAL_SURFACE",
        "ownership_status": "UNKNOWN_UNREGISTERED",
        "notes": "Extracted from OpenStreetMap way. Does not represent cadastral parcel or legal land ownership.",
        "tags": {
          "building": "yes"
        }
      },
      "geometry": {
        "type": "Polygon",
        "coordinates": [
          [
            [
              77.1086882,
              28.6477011
            ],
            [
              77.1088076,
              28.6477712
            ],
            [
              77.1088556,
              28.6477083
            ],
            [
              77.1087362,
              28.6476382
            ],
            [
              77.1086882,
              28.6477011
            ]
          ]
        ]
      }
    },
    {
      "type": "Feature",
      "id": "OSM-BUILDING-WAY-349985436",
      "properties": {
        "building_id": "OSM-BUILDING-WAY-349985436",
        "osm_id": "349985436",
        "osm_type": "way",
        "building": "yes",
        "name": null,
        "height": null,
        "building_levels": null,
        "underground_levels": null,
        "min_level": null,
        "roof_elevation": null,
        "ground_elevation": null,
        "source": "OpenStreetMap",
        "capture_source": "map (1).osm",
        "is_cadastral": false,
        "legal_status": "UNVERIFIED_PHYSICAL_SURFACE",
        "ownership_status": "UNKNOWN_UNREGISTERED",
        "notes": "Extracted from OpenStreetMap way. Does not represent cadastral parcel or legal land ownership.",
        "tags": {
          "building": "yes"
        }
      },
      "geometry": {
        "type": "Polygon",
        "coordinates": [
          [
            [
              77.1095314,
              28.6465571
            ],
            [
              77.1096594,
              28.6466239
            ],
            [
              77.1097297,
              28.6465201
            ],
            [
              77.1096017,
              28.6464533
            ],
            [
              77.1095314,
              28.6465571
            ]
          ]
        ]
      }
    },
    {
      "type": "Feature",
      "id": "OSM-BUILDING-WAY-349985437",
      "properties": {
        "building_id": "OSM-BUILDING-WAY-349985437",
        "osm_id": "349985437",
        "osm_type": "way",
        "building": "yes",
        "name": null,
        "height": null,
        "building_levels": null,
        "underground_levels": null,
        "min_level": null,
        "roof_elevation": null,
        "ground_elevation": null,
        "source": "OpenStreetMap",
        "capture_source": "map (1).osm",
        "is_cadastral": false,
        "legal_status": "UNVERIFIED_PHYSICAL_SURFACE",
        "ownership_status": "UNKNOWN_UNREGISTERED",
        "notes": "Extracted from OpenStreetMap way. Does not represent cadastral parcel or legal land ownership.",
        "tags": {
          "building": "yes"
        }
      },
      "geometry": {
        "type": "Polygon",
        "coordinates": [
          [
            [
              77.1096844,
              28.6466598
            ],
            [
              77.1098097,
              28.6467353
            ],
            [
              77.1098989,
              28.6466213
            ],
            [
              77.1097736,
              28.6465458
            ],
            [
              77.1096844,
              28.6466598
            ]
          ]
        ]
      }
    },
    {
      "type": "Feature",
      "id": "OSM-BUILDING-WAY-349985438",
      "properties": {
        "building_id": "OSM-BUILDING-WAY-349985438",
        "osm_id": "349985438",
        "osm_type": "way",
        "building": "yes",
        "name": null,
        "height": null,
        "building_levels": null,
        "underground_levels": null,
        "min_level": null,
        "roof_elevation": null,
        "ground_elevation": null,
        "source": "OpenStreetMap",
        "capture_source": "map (1).osm",
        "is_cadastral": false,
        "legal_status": "UNVERIFIED_PHYSICAL_SURFACE",
        "ownership_status": "UNKNOWN_UNREGISTERED",
        "notes": "Extracted from OpenStreetMap way. Does not represent cadastral parcel or legal land ownership.",
        "tags": {
          "building": "yes"
        }
      },
      "geometry": {
        "type": "Polygon",
        "coordinates": [
          [
            [
              77.111045,
              28.6478529
            ],
            [
              77.1111012,
              28.6478856
            ],
            [
              77.1111854,
              28.6477741
            ],
            [
              77.1111291,
              28.6477414
            ],
            [
              77.111045,
              28.6478529
            ]
          ]
        ]
      }
    },
    {
      "type": "Feature",
      "id": "OSM-BUILDING-WAY-349985439",
      "properties": {
        "building_id": "OSM-BUILDING-WAY-349985439",
        "osm_id": "349985439",
        "osm_type": "way",
        "building": "yes",
        "name": null,
        "height": null,
        "building_levels": null,
        "underground_levels": null,
        "min_level": null,
        "roof_elevation": null,
        "ground_elevation": null,
        "source": "OpenStreetMap",
        "capture_source": "map (1).osm",
        "is_cadastral": false,
        "legal_status": "UNVERIFIED_PHYSICAL_SURFACE",
        "ownership_status": "UNKNOWN_UNREGISTERED",
        "notes": "Extracted from OpenStreetMap way. Does not represent cadastral parcel or legal land ownership.",
        "tags": {
          "building": "yes"
        }
      },
      "geometry": {
        "type": "Polygon",
        "coordinates": [
          [
            [
              77.1108319,
              28.647725
            ],
            [
              77.1109206,
              28.6475982
            ],
            [
              77.1108296,
              28.6475492
            ],
            [
              77.110741,
              28.6476761
            ],
            [
              77.1108319,
              28.647725
            ]
          ]
        ]
      }
    },
    {
      "type": "Feature",
      "id": "OSM-BUILDING-WAY-349985440",
      "properties": {
        "building_id": "OSM-BUILDING-WAY-349985440",
        "osm_id": "349985440",
        "osm_type": "way",
        "building": "yes",
        "name": null,
        "height": null,
        "building_levels": null,
        "underground_levels": null,
        "min_level": null,
        "roof_elevation": null,
        "ground_elevation": null,
        "source": "OpenStreetMap",
        "capture_source": "map (1).osm",
        "is_cadastral": false,
        "legal_status": "UNVERIFIED_PHYSICAL_SURFACE",
        "ownership_status": "UNKNOWN_UNREGISTERED",
        "notes": "Extracted from OpenStreetMap way. Does not represent cadastral parcel or legal land ownership.",
        "tags": {
          "building": "yes"
        }
      },
      "geometry": {
        "type": "Polygon",
        "coordinates": [
          [
            [
              77.1096941,
              28.6479939
            ],
            [
              77.1098516,
              28.6480896
            ],
            [
              77.1098947,
              28.6480349
            ],
            [
              77.1097372,
              28.6479392
            ],
            [
              77.1096941,
              28.6479939
            ]
          ]
        ]
      }
    },
    {
      "type": "Feature",
      "id": "OSM-BUILDING-WAY-349985441",
      "properties": {
        "building_id": "OSM-BUILDING-WAY-349985441",
        "osm_id": "349985441",
        "osm_type": "way",
        "building": "yes",
        "name": null,
        "height": null,
        "building_levels": null,
        "underground_levels": null,
        "min_level": null,
        "roof_elevation": null,
        "ground_elevation": null,
        "source": "OpenStreetMap",
        "capture_source": "map (1).osm",
        "is_cadastral": false,
        "legal_status": "UNVERIFIED_PHYSICAL_SURFACE",
        "ownership_status": "UNKNOWN_UNREGISTERED",
        "notes": "Extracted from OpenStreetMap way. Does not represent cadastral parcel or legal land ownership.",
        "tags": {
          "building": "yes"
        }
      },
      "geometry": {
        "type": "Polygon",
        "coordinates": [
          [
            [
              77.11059,
              28.647458
            ],
            [
              77.1107448,
              28.6475432
            ],
            [
              77.1107824,
              28.6474906
            ],
            [
              77.1106275,
              28.6474055
            ],
            [
              77.11059,
              28.647458
            ]
          ]
        ]
      }
    },
    {
      "type": "Feature",
      "id": "OSM-BUILDING-WAY-349985443",
      "properties": {
        "building_id": "OSM-BUILDING-WAY-349985443",
        "osm_id": "349985443",
        "osm_type": "way",
        "building": "yes",
        "name": null,
        "height": null,
        "building_levels": null,
        "underground_levels": null,
        "min_level": null,
        "roof_elevation": null,
        "ground_elevation": null,
        "source": "OpenStreetMap",
        "capture_source": "map (1).osm",
        "is_cadastral": false,
        "legal_status": "UNVERIFIED_PHYSICAL_SURFACE",
        "ownership_status": "UNKNOWN_UNREGISTERED",
        "notes": "Extracted from OpenStreetMap way. Does not represent cadastral parcel or legal land ownership.",
        "tags": {
          "building": "yes"
        }
      },
      "geometry": {
        "type": "Polygon",
        "coordinates": [
          [
            [
              77.1105365,
              28.6475393
            ],
            [
              77.110687,
              28.6476221
            ],
            [
              77.1107361,
              28.6475533
            ],
            [
              77.1105856,
              28.6474706
            ],
            [
              77.1105365,
              28.6475393
            ]
          ]
        ]
      }
    },
    {
      "type": "Feature",
      "id": "OSM-BUILDING-WAY-349985445",
      "properties": {
        "building_id": "OSM-BUILDING-WAY-349985445",
        "osm_id": "349985445",
        "osm_type": "way",
        "building": "yes",
        "name": null,
        "height": null,
        "building_levels": null,
        "underground_levels": null,
        "min_level": null,
        "roof_elevation": null,
        "ground_elevation": null,
        "source": "OpenStreetMap",
        "capture_source": "map (1).osm",
        "is_cadastral": false,
        "legal_status": "UNVERIFIED_PHYSICAL_SURFACE",
        "ownership_status": "UNKNOWN_UNREGISTERED",
        "notes": "Extracted from OpenStreetMap way. Does not represent cadastral parcel or legal land ownership.",
        "tags": {
          "building": "yes"
        }
      },
      "geometry": {
        "type": "Polygon",
        "coordinates": [
          [
            [
              77.1104962,
              28.6462435
            ],
            [
              77.1106251,
              28.6463261
            ],
            [
              77.1106898,
              28.6462483
            ],
            [
              77.1105609,
              28.6461657
            ],
            [
              77.1104962,
              28.6462435
            ]
          ]
        ]
      }
    },
    {
      "type": "Feature",
      "id": "OSM-BUILDING-WAY-349985446",
      "properties": {
        "building_id": "OSM-BUILDING-WAY-349985446",
        "osm_id": "349985446",
        "osm_type": "way",
        "building": "yes",
        "name": null,
        "height": null,
        "building_levels": null,
        "underground_levels": null,
        "min_level": null,
        "roof_elevation": null,
        "ground_elevation": null,
        "source": "OpenStreetMap",
        "capture_source": "map (1).osm",
        "is_cadastral": false,
        "legal_status": "UNVERIFIED_PHYSICAL_SURFACE",
        "ownership_status": "UNKNOWN_UNREGISTERED",
        "notes": "Extracted from OpenStreetMap way. Does not represent cadastral parcel or legal land ownership.",
        "tags": {
          "building": "yes"
        }
      },
      "geometry": {
        "type": "Polygon",
        "coordinates": [
          [
            [
              77.1118236,
              28.6466073
            ],
            [
              77.1118521,
              28.6465742
            ],
            [
              77.1117461,
              28.6465038
            ],
            [
              77.1117176,
              28.6465368
            ],
            [
              77.1118236,
              28.6466073
            ]
          ]
        ]
      }
    },
    {
      "type": "Feature",
      "id": "OSM-BUILDING-WAY-349985447",
      "properties": {
        "building_id": "OSM-BUILDING-WAY-349985447",
        "osm_id": "349985447",
        "osm_type": "way",
        "building": "yes",
        "name": null,
        "height": null,
        "building_levels": null,
        "underground_levels": null,
        "min_level": null,
        "roof_elevation": null,
        "ground_elevation": null,
        "source": "OpenStreetMap",
        "capture_source": "map (1).osm",
        "is_cadastral": false,
        "legal_status": "UNVERIFIED_PHYSICAL_SURFACE",
        "ownership_status": "UNKNOWN_UNREGISTERED",
        "notes": "Extracted from OpenStreetMap way. Does not represent cadastral parcel or legal land ownership.",
        "tags": {
          "building": "yes"
        }
      },
      "geometry": {
        "type": "Polygon",
        "coordinates": [
          [
            [
              77.1102714,
              28.6484925
            ],
            [
              77.1103897,
              28.6485696
            ],
            [
              77.1104223,
              28.6485311
            ],
            [
              77.110304,
              28.648454
            ],
            [
              77.1102714,
              28.6484925
            ]
          ]
        ]
      }
    },
    {
      "type": "Feature",
      "id": "OSM-BUILDING-WAY-349985449",
      "properties": {
        "building_id": "OSM-BUILDING-WAY-349985449",
        "osm_id": "349985449",
        "osm_type": "way",
        "building": "yes",
        "name": null,
        "height": null,
        "building_levels": null,
        "underground_levels": null,
        "min_level": null,
        "roof_elevation": null,
        "ground_elevation": null,
        "source": "OpenStreetMap",
        "capture_source": "map (1).osm",
        "is_cadastral": false,
        "legal_status": "UNVERIFIED_PHYSICAL_SURFACE",
        "ownership_status": "UNKNOWN_UNREGISTERED",
        "notes": "Extracted from OpenStreetMap way. Does not represent cadastral parcel or legal land ownership.",
        "tags": {
          "building": "yes"
        }
      },
      "geometry": {
        "type": "Polygon",
        "coordinates": [
          [
            [
              77.1103599,
              28.6468272
            ],
            [
              77.1104754,
              28.6468887
            ],
            [
              77.1105363,
              28.6468005
            ],
            [
              77.1104209,
              28.646739
            ],
            [
              77.1103599,
              28.6468272
            ]
          ]
        ]
      }
    },
    {
      "type": "Feature",
      "id": "OSM-BUILDING-WAY-349985452",
      "properties": {
        "building_id": "OSM-BUILDING-WAY-349985452",
        "osm_id": "349985452",
        "osm_type": "way",
        "building": "yes",
        "name": null,
        "height": null,
        "building_levels": null,
        "underground_levels": null,
        "min_level": null,
        "roof_elevation": null,
        "ground_elevation": null,
        "source": "OpenStreetMap",
        "capture_source": "map (1).osm",
        "is_cadastral": false,
        "legal_status": "UNVERIFIED_PHYSICAL_SURFACE",
        "ownership_status": "UNKNOWN_UNREGISTERED",
        "notes": "Extracted from OpenStreetMap way. Does not represent cadastral parcel or legal land ownership.",
        "tags": {
          "building": "yes"
        }
      },
      "geometry": {
        "type": "Polygon",
        "coordinates": [
          [
            [
              77.1117425,
              28.6467015
            ],
            [
              77.1117796,
              28.6466586
            ],
            [
              77.1116736,
              28.6465881
            ],
            [
              77.1116365,
              28.6466311
            ],
            [
              77.1117425,
              28.6467015
            ]
          ]
        ]
      }
    },
    {
      "type": "Feature",
      "id": "OSM-BUILDING-WAY-349985453",
      "properties": {
        "building_id": "OSM-BUILDING-WAY-349985453",
        "osm_id": "349985453",
        "osm_type": "way",
        "building": "yes",
        "name": null,
        "height": null,
        "building_levels": null,
        "underground_levels": null,
        "min_level": null,
        "roof_elevation": null,
        "ground_elevation": null,
        "source": "OpenStreetMap",
        "capture_source": "map (1).osm",
        "is_cadastral": false,
        "legal_status": "UNVERIFIED_PHYSICAL_SURFACE",
        "ownership_status": "UNKNOWN_UNREGISTERED",
        "notes": "Extracted from OpenStreetMap way. Does not represent cadastral parcel or legal land ownership.",
        "tags": {
          "building": "yes"
        }
      },
      "geometry": {
        "type": "Polygon",
        "coordinates": [
          [
            [
              77.1097862,
              28.6484927
            ],
            [
              77.1099309,
              28.6485799
            ],
            [
              77.1099782,
              28.6485195
            ],
            [
              77.1098334,
              28.6484323
            ],
            [
              77.1097862,
              28.6484927
            ]
          ]
        ]
      }
    },
    {
      "type": "Feature",
      "id": "OSM-BUILDING-WAY-349985454",
      "properties": {
        "building_id": "OSM-BUILDING-WAY-349985454",
        "osm_id": "349985454",
        "osm_type": "way",
        "building": "yes",
        "name": null,
        "height": null,
        "building_levels": null,
        "underground_levels": null,
        "min_level": null,
        "roof_elevation": null,
        "ground_elevation": null,
        "source": "OpenStreetMap",
        "capture_source": "map (1).osm",
        "is_cadastral": false,
        "legal_status": "UNVERIFIED_PHYSICAL_SURFACE",
        "ownership_status": "UNKNOWN_UNREGISTERED",
        "notes": "Extracted from OpenStreetMap way. Does not represent cadastral parcel or legal land ownership.",
        "tags": {
          "building": "yes"
        }
      },
      "geometry": {
        "type": "Polygon",
        "coordinates": [
          [
            [
              77.1086262,
              28.6474978
            ],
            [
              77.108756,
              28.6475678
            ],
            [
              77.1087956,
              28.6475113
            ],
            [
              77.1086657,
              28.6474413
            ],
            [
              77.1086262,
              28.6474978
            ]
          ]
        ]
      }
    },
    {
      "type": "Feature",
      "id": "OSM-BUILDING-WAY-349985455",
      "properties": {
        "building_id": "OSM-BUILDING-WAY-349985455",
        "osm_id": "349985455",
        "osm_type": "way",
        "building": "yes",
        "name": null,
        "height": null,
        "building_levels": null,
        "underground_levels": null,
        "min_level": null,
        "roof_elevation": null,
        "ground_elevation": null,
        "source": "OpenStreetMap",
        "capture_source": "map (1).osm",
        "is_cadastral": false,
        "legal_status": "UNVERIFIED_PHYSICAL_SURFACE",
        "ownership_status": "UNKNOWN_UNREGISTERED",
        "notes": "Extracted from OpenStreetMap way. Does not represent cadastral parcel or legal land ownership.",
        "tags": {
          "building": "yes"
        }
      },
      "geometry": {
        "type": "Polygon",
        "coordinates": [
          [
            [
              77.1122319,
              28.6465652
            ],
            [
              77.1123289,
              28.6466165
            ],
            [
              77.1123888,
              28.6465293
            ],
            [
              77.1122917,
              28.646478
            ],
            [
              77.1122319,
              28.6465652
            ]
          ]
        ]
      }
    },
    {
      "type": "Feature",
      "id": "OSM-BUILDING-WAY-349985456",
      "properties": {
        "building_id": "OSM-BUILDING-WAY-349985456",
        "osm_id": "349985456",
        "osm_type": "way",
        "building": "yes",
        "name": null,
        "height": null,
        "building_levels": null,
        "underground_levels": null,
        "min_level": null,
        "roof_elevation": null,
        "ground_elevation": null,
        "source": "OpenStreetMap",
        "capture_source": "map (1).osm",
        "is_cadastral": false,
        "legal_status": "UNVERIFIED_PHYSICAL_SURFACE",
        "ownership_status": "UNKNOWN_UNREGISTERED",
        "notes": "Extracted from OpenStreetMap way. Does not represent cadastral parcel or legal land ownership.",
        "tags": {
          "building": "yes"
        }
      },
      "geometry": {
        "type": "Polygon",
        "coordinates": [
          [
            [
              77.1115273,
              28.6472311
            ],
            [
              77.1116614,
              28.647318
            ],
            [
              77.1117011,
              28.6472708
            ],
            [
              77.111567,
              28.6471839
            ],
            [
              77.1115273,
              28.6472311
            ]
          ]
        ]
      }
    },
    {
      "type": "Feature",
      "id": "OSM-BUILDING-WAY-349985457",
      "properties": {
        "building_id": "OSM-BUILDING-WAY-349985457",
        "osm_id": "349985457",
        "osm_type": "way",
        "building": "yes",
        "name": null,
        "height": null,
        "building_levels": null,
        "underground_levels": null,
        "min_level": null,
        "roof_elevation": null,
        "ground_elevation": null,
        "source": "OpenStreetMap",
        "capture_source": "map (1).osm",
        "is_cadastral": false,
        "legal_status": "UNVERIFIED_PHYSICAL_SURFACE",
        "ownership_status": "UNKNOWN_UNREGISTERED",
        "notes": "Extracted from OpenStreetMap way. Does not represent cadastral parcel or legal land ownership.",
        "tags": {
          "building": "yes"
        }
      },
      "geometry": {
        "type": "Polygon",
        "coordinates": [
          [
            [
              77.111727,
              28.6461241
            ],
            [
              77.1118314,
              28.6461841
            ],
            [
              77.1119104,
              28.6460783
            ],
            [
              77.1118061,
              28.6460183
            ],
            [
              77.111727,
              28.6461241
            ]
          ]
        ]
      }
    },
    {
      "type": "Feature",
      "id": "OSM-BUILDING-WAY-349985458",
      "properties": {
        "building_id": "OSM-BUILDING-WAY-349985458",
        "osm_id": "349985458",
        "osm_type": "way",
        "building": "yes",
        "name": null,
        "height": null,
        "building_levels": null,
        "underground_levels": null,
        "min_level": null,
        "roof_elevation": null,
        "ground_elevation": null,
        "source": "OpenStreetMap",
        "capture_source": "map (1).osm",
        "is_cadastral": false,
        "legal_status": "UNVERIFIED_PHYSICAL_SURFACE",
        "ownership_status": "UNKNOWN_UNREGISTERED",
        "notes": "Extracted from OpenStreetMap way. Does not represent cadastral parcel or legal land ownership.",
        "tags": {
          "building": "yes"
        }
      },
      "geometry": {
        "type": "Polygon",
        "coordinates": [
          [
            [
              77.1104781,
              28.6484598
            ],
            [
              77.1105368,
              28.6483785
            ],
            [
              77.1103979,
              28.6483012
            ],
            [
              77.1103391,
              28.6483825
            ],
            [
              77.1104781,
              28.6484598
            ]
          ]
        ]
      }
    },
    {
      "type": "Feature",
      "id": "OSM-BUILDING-WAY-349985459",
      "properties": {
        "building_id": "OSM-BUILDING-WAY-349985459",
        "osm_id": "349985459",
        "osm_type": "way",
        "building": "yes",
        "name": null,
        "height": null,
        "building_levels": null,
        "underground_levels": null,
        "min_level": null,
        "roof_elevation": null,
        "ground_elevation": null,
        "source": "OpenStreetMap",
        "capture_source": "map (1).osm",
        "is_cadastral": false,
        "legal_status": "UNVERIFIED_PHYSICAL_SURFACE",
        "ownership_status": "UNKNOWN_UNREGISTERED",
        "notes": "Extracted from OpenStreetMap way. Does not represent cadastral parcel or legal land ownership.",
        "tags": {
          "building": "yes"
        }
      },
      "geometry": {
        "type": "Polygon",
        "coordinates": [
          [
            [
              77.1089076,
              28.6474158
            ],
            [
              77.1090407,
              28.6474817
            ],
            [
              77.1090862,
              28.6474109
            ],
            [
              77.1089532,
              28.647345
            ],
            [
              77.1089076,
              28.6474158
            ]
          ]
        ]
      }
    },
    {
      "type": "Feature",
      "id": "OSM-BUILDING-WAY-349985460",
      "properties": {
        "building_id": "OSM-BUILDING-WAY-349985460",
        "osm_id": "349985460",
        "osm_type": "way",
        "building": "yes",
        "name": null,
        "height": null,
        "building_levels": null,
        "underground_levels": null,
        "min_level": null,
        "roof_elevation": null,
        "ground_elevation": null,
        "source": "OpenStreetMap",
        "capture_source": "map (1).osm",
        "is_cadastral": false,
        "legal_status": "UNVERIFIED_PHYSICAL_SURFACE",
        "ownership_status": "UNKNOWN_UNREGISTERED",
        "notes": "Extracted from OpenStreetMap way. Does not represent cadastral parcel or legal land ownership.",
        "tags": {
          "building": "yes"
        }
      },
      "geometry": {
        "type": "Polygon",
        "coordinates": [
          [
            [
              77.1121483,
              28.6465384
            ],
            [
              77.1122241,
              28.6465744
            ],
            [
              77.1122851,
              28.6464753
            ],
            [
              77.1122093,
              28.6464393
            ],
            [
              77.1121483,
              28.6465384
            ]
          ]
        ]
      }
    },
    {
      "type": "Feature",
      "id": "OSM-BUILDING-WAY-349985461",
      "properties": {
        "building_id": "OSM-BUILDING-WAY-349985461",
        "osm_id": "349985461",
        "osm_type": "way",
        "building": "yes",
        "name": null,
        "height": null,
        "building_levels": null,
        "underground_levels": null,
        "min_level": null,
        "roof_elevation": null,
        "ground_elevation": null,
        "source": "OpenStreetMap",
        "capture_source": "map (1).osm",
        "is_cadastral": false,
        "legal_status": "UNVERIFIED_PHYSICAL_SURFACE",
        "ownership_status": "UNKNOWN_UNREGISTERED",
        "notes": "Extracted from OpenStreetMap way. Does not represent cadastral parcel or legal land ownership.",
        "tags": {
          "building": "yes"
        }
      },
      "geometry": {
        "type": "Polygon",
        "coordinates": [
          [
            [
              77.1113555,
              28.6474374
            ],
            [
              77.1114896,
              28.6475243
            ],
            [
              77.1115293,
              28.6474771
            ],
            [
              77.1113952,
              28.6473902
            ],
            [
              77.1113555,
              28.6474374
            ]
          ]
        ]
      }
    },
    {
      "type": "Feature",
      "id": "OSM-BUILDING-WAY-349985463",
      "properties": {
        "building_id": "OSM-BUILDING-WAY-349985463",
        "osm_id": "349985463",
        "osm_type": "way",
        "building": "yes",
        "name": null,
        "height": null,
        "building_levels": null,
        "underground_levels": null,
        "min_level": null,
        "roof_elevation": null,
        "ground_elevation": null,
        "source": "OpenStreetMap",
        "capture_source": "map (1).osm",
        "is_cadastral": false,
        "legal_status": "UNVERIFIED_PHYSICAL_SURFACE",
        "ownership_status": "UNKNOWN_UNREGISTERED",
        "notes": "Extracted from OpenStreetMap way. Does not represent cadastral parcel or legal land ownership.",
        "tags": {
          "building": "yes"
        }
      },
      "geometry": {
        "type": "Polygon",
        "coordinates": [
          [
            [
              77.1099951,
              28.6485175
            ],
            [
              77.1100506,
              28.6484427
            ],
            [
              77.1099127,
              28.6483638
            ],
            [
              77.1098572,
              28.6484386
            ],
            [
              77.1099951,
              28.6485175
            ]
          ]
        ]
      }
    },
    {
      "type": "Feature",
      "id": "OSM-BUILDING-WAY-349985464",
      "properties": {
        "building_id": "OSM-BUILDING-WAY-349985464",
        "osm_id": "349985464",
        "osm_type": "way",
        "building": "yes",
        "name": null,
        "height": null,
        "building_levels": null,
        "underground_levels": null,
        "min_level": null,
        "roof_elevation": null,
        "ground_elevation": null,
        "source": "OpenStreetMap",
        "capture_source": "map (1).osm",
        "is_cadastral": false,
        "legal_status": "UNVERIFIED_PHYSICAL_SURFACE",
        "ownership_status": "UNKNOWN_UNREGISTERED",
        "notes": "Extracted from OpenStreetMap way. Does not represent cadastral parcel or legal land ownership.",
        "tags": {
          "building": "yes"
        }
      },
      "geometry": {
        "type": "Polygon",
        "coordinates": [
          [
            [
              77.1085359,
              28.6476049
            ],
            [
              77.1086672,
              28.6476805
            ],
            [
              77.1087146,
              28.6476171
            ],
            [
              77.1085833,
              28.6475415
            ],
            [
              77.1085359,
              28.6476049
            ]
          ]
        ]
      }
    },
    {
      "type": "Feature",
      "id": "OSM-BUILDING-WAY-349985465",
      "properties": {
        "building_id": "OSM-BUILDING-WAY-349985465",
        "osm_id": "349985465",
        "osm_type": "way",
        "building": "yes",
        "name": null,
        "height": null,
        "building_levels": null,
        "underground_levels": null,
        "min_level": null,
        "roof_elevation": null,
        "ground_elevation": null,
        "source": "OpenStreetMap",
        "capture_source": "map (1).osm",
        "is_cadastral": false,
        "legal_status": "UNVERIFIED_PHYSICAL_SURFACE",
        "ownership_status": "UNKNOWN_UNREGISTERED",
        "notes": "Extracted from OpenStreetMap way. Does not represent cadastral parcel or legal land ownership.",
        "tags": {
          "building": "yes"
        }
      },
      "geometry": {
        "type": "Polygon",
        "coordinates": [
          [
            [
              77.1096861,
              28.6483303
            ],
            [
              77.1098119,
              28.6484108
            ],
            [
              77.109855,
              28.648359
            ],
            [
              77.1097292,
              28.6482784
            ],
            [
              77.1096861,
              28.6483303
            ]
          ]
        ]
      }
    },
    {
      "type": "Feature",
      "id": "OSM-BUILDING-WAY-349985466",
      "properties": {
        "building_id": "OSM-BUILDING-WAY-349985466",
        "osm_id": "349985466",
        "osm_type": "way",
        "building": "yes",
        "name": null,
        "height": null,
        "building_levels": null,
        "underground_levels": null,
        "min_level": null,
        "roof_elevation": null,
        "ground_elevation": null,
        "source": "OpenStreetMap",
        "capture_source": "map (1).osm",
        "is_cadastral": false,
        "legal_status": "UNVERIFIED_PHYSICAL_SURFACE",
        "ownership_status": "UNKNOWN_UNREGISTERED",
        "notes": "Extracted from OpenStreetMap way. Does not represent cadastral parcel or legal land ownership.",
        "tags": {
          "building": "yes"
        }
      },
      "geometry": {
        "type": "Polygon",
        "coordinates": [
          [
            [
              77.1096649,
              28.646837
            ],
            [
              77.1097416,
              28.6467249
            ],
            [
              77.1096853,
              28.6466952
            ],
            [
              77.1096086,
              28.6468074
            ],
            [
              77.1096649,
              28.646837
            ]
          ]
        ]
      }
    },
    {
      "type": "Feature",
      "id": "OSM-BUILDING-WAY-349985467",
      "properties": {
        "building_id": "OSM-BUILDING-WAY-349985467",
        "osm_id": "349985467",
        "osm_type": "way",
        "building": "yes",
        "name": null,
        "height": null,
        "building_levels": null,
        "underground_levels": null,
        "min_level": null,
        "roof_elevation": null,
        "ground_elevation": null,
        "source": "OpenStreetMap",
        "capture_source": "map (1).osm",
        "is_cadastral": false,
        "legal_status": "UNVERIFIED_PHYSICAL_SURFACE",
        "ownership_status": "UNKNOWN_UNREGISTERED",
        "notes": "Extracted from OpenStreetMap way. Does not represent cadastral parcel or legal land ownership.",
        "tags": {
          "building": "yes"
        }
      },
      "geometry": {
        "type": "Polygon",
        "coordinates": [
          [
            [
              77.1123561,
              28.6469666
            ],
            [
              77.1126762,
              28.6471476
            ],
            [
              77.1127519,
              28.6470445
            ],
            [
              77.1124318,
              28.6468635
            ],
            [
              77.1123561,
              28.6469666
            ]
          ]
        ]
      }
    },
    {
      "type": "Feature",
      "id": "OSM-BUILDING-WAY-349985469",
      "properties": {
        "building_id": "OSM-BUILDING-WAY-349985469",
        "osm_id": "349985469",
        "osm_type": "way",
        "building": "yes",
        "name": null,
        "height": null,
        "building_levels": null,
        "underground_levels": null,
        "min_level": null,
        "roof_elevation": null,
        "ground_elevation": null,
        "source": "OpenStreetMap",
        "capture_source": "map (1).osm",
        "is_cadastral": false,
        "legal_status": "UNVERIFIED_PHYSICAL_SURFACE",
        "ownership_status": "UNKNOWN_UNREGISTERED",
        "notes": "Extracted from OpenStreetMap way. Does not represent cadastral parcel or legal land ownership.",
        "tags": {
          "building": "yes"
        }
      },
      "geometry": {
        "type": "Polygon",
        "coordinates": [
          [
            [
              77.110781,
              28.6484688
            ],
            [
              77.110915,
              28.6485542
            ],
            [
              77.1109658,
              28.6484927
            ],
            [
              77.1108319,
              28.6484074
            ],
            [
              77.110781,
              28.6484688
            ]
          ]
        ]
      }
    },
    {
      "type": "Feature",
      "id": "OSM-BUILDING-WAY-349985471",
      "properties": {
        "building_id": "OSM-BUILDING-WAY-349985471",
        "osm_id": "349985471",
        "osm_type": "way",
        "building": "yes",
        "name": null,
        "height": null,
        "building_levels": null,
        "underground_levels": null,
        "min_level": null,
        "roof_elevation": null,
        "ground_elevation": null,
        "source": "OpenStreetMap",
        "capture_source": "map (1).osm",
        "is_cadastral": false,
        "legal_status": "UNVERIFIED_PHYSICAL_SURFACE",
        "ownership_status": "UNKNOWN_UNREGISTERED",
        "notes": "Extracted from OpenStreetMap way. Does not represent cadastral parcel or legal land ownership.",
        "tags": {
          "building": "yes"
        }
      },
      "geometry": {
        "type": "Polygon",
        "coordinates": [
          [
            [
              77.1113281,
              28.6484806
            ],
            [
              77.1114168,
              28.6485319
            ],
            [
              77.1115015,
              28.6484189
            ],
            [
              77.1114128,
              28.6483677
            ],
            [
              77.1113281,
              28.6484806
            ]
          ]
        ]
      }
    },
    {
      "type": "Feature",
      "id": "OSM-BUILDING-WAY-349985472",
      "properties": {
        "building_id": "OSM-BUILDING-WAY-349985472",
        "osm_id": "349985472",
        "osm_type": "way",
        "building": "yes",
        "name": null,
        "height": null,
        "building_levels": null,
        "underground_levels": null,
        "min_level": null,
        "roof_elevation": null,
        "ground_elevation": null,
        "source": "OpenStreetMap",
        "capture_source": "map (1).osm",
        "is_cadastral": false,
        "legal_status": "UNVERIFIED_PHYSICAL_SURFACE",
        "ownership_status": "UNKNOWN_UNREGISTERED",
        "notes": "Extracted from OpenStreetMap way. Does not represent cadastral parcel or legal land ownership.",
        "tags": {
          "building": "yes"
        }
      },
      "geometry": {
        "type": "Polygon",
        "coordinates": [
          [
            [
              77.108804,
              28.6475654
            ],
            [
              77.1089321,
              28.6476375
            ],
            [
              77.1089848,
              28.6475653
            ],
            [
              77.1088568,
              28.6474933
            ],
            [
              77.108804,
              28.6475654
            ]
          ]
        ]
      }
    },
    {
      "type": "Feature",
      "id": "OSM-BUILDING-WAY-349985473",
      "properties": {
        "building_id": "OSM-BUILDING-WAY-349985473",
        "osm_id": "349985473",
        "osm_type": "way",
        "building": "yes",
        "name": null,
        "height": null,
        "building_levels": null,
        "underground_levels": null,
        "min_level": null,
        "roof_elevation": null,
        "ground_elevation": null,
        "source": "OpenStreetMap",
        "capture_source": "map (1).osm",
        "is_cadastral": false,
        "legal_status": "UNVERIFIED_PHYSICAL_SURFACE",
        "ownership_status": "UNKNOWN_UNREGISTERED",
        "notes": "Extracted from OpenStreetMap way. Does not represent cadastral parcel or legal land ownership.",
        "tags": {
          "building": "yes"
        }
      },
      "geometry": {
        "type": "Polygon",
        "coordinates": [
          [
            [
              77.1098841,
              28.6480836
            ],
            [
              77.1100162,
              28.6481512
            ],
            [
              77.1100609,
              28.6480839
            ],
            [
              77.1099288,
              28.6480163
            ],
            [
              77.1098841,
              28.6480836
            ]
          ]
        ]
      }
    },
    {
      "type": "Feature",
      "id": "OSM-BUILDING-WAY-349985475",
      "properties": {
        "building_id": "OSM-BUILDING-WAY-349985475",
        "osm_id": "349985475",
        "osm_type": "way",
        "building": "yes",
        "name": null,
        "height": null,
        "building_levels": null,
        "underground_levels": null,
        "min_level": null,
        "roof_elevation": null,
        "ground_elevation": null,
        "source": "OpenStreetMap",
        "capture_source": "map (1).osm",
        "is_cadastral": false,
        "legal_status": "UNVERIFIED_PHYSICAL_SURFACE",
        "ownership_status": "UNKNOWN_UNREGISTERED",
        "notes": "Extracted from OpenStreetMap way. Does not represent cadastral parcel or legal land ownership.",
        "tags": {
          "building": "yes"
        }
      },
      "geometry": {
        "type": "Polygon",
        "coordinates": [
          [
            [
              77.1116786,
              28.6478821
            ],
            [
              77.1117806,
              28.647935
            ],
            [
              77.1118612,
              28.6478152
            ],
            [
              77.1117592,
              28.6477623
            ],
            [
              77.1116786,
              28.6478821
            ]
          ]
        ]
      }
    },
    {
      "type": "Feature",
      "id": "OSM-BUILDING-WAY-349985476",
      "properties": {
        "building_id": "OSM-BUILDING-WAY-349985476",
        "osm_id": "349985476",
        "osm_type": "way",
        "building": "yes",
        "name": null,
        "height": null,
        "building_levels": null,
        "underground_levels": null,
        "min_level": null,
        "roof_elevation": null,
        "ground_elevation": null,
        "source": "OpenStreetMap",
        "capture_source": "map (1).osm",
        "is_cadastral": false,
        "legal_status": "UNVERIFIED_PHYSICAL_SURFACE",
        "ownership_status": "UNKNOWN_UNREGISTERED",
        "notes": "Extracted from OpenStreetMap way. Does not represent cadastral parcel or legal land ownership.",
        "tags": {
          "building": "yes"
        }
      },
      "geometry": {
        "type": "Polygon",
        "coordinates": [
          [
            [
              77.1111626,
              28.6487018
            ],
            [
              77.1114469,
              28.6488714
            ],
            [
              77.1114788,
              28.6488303
            ],
            [
              77.1111945,
              28.6486607
            ],
            [
              77.1111626,
              28.6487018
            ]
          ]
        ]
      }
    },
    {
      "type": "Feature",
      "id": "OSM-BUILDING-WAY-349985477",
      "properties": {
        "building_id": "OSM-BUILDING-WAY-349985477",
        "osm_id": "349985477",
        "osm_type": "way",
        "building": "yes",
        "name": null,
        "height": null,
        "building_levels": null,
        "underground_levels": null,
        "min_level": null,
        "roof_elevation": null,
        "ground_elevation": null,
        "source": "OpenStreetMap",
        "capture_source": "map (1).osm",
        "is_cadastral": false,
        "legal_status": "UNVERIFIED_PHYSICAL_SURFACE",
        "ownership_status": "UNKNOWN_UNREGISTERED",
        "notes": "Extracted from OpenStreetMap way. Does not represent cadastral parcel or legal land ownership.",
        "tags": {
          "building": "yes"
        }
      },
      "geometry": {
        "type": "Polygon",
        "coordinates": [
          [
            [
              77.1098202,
              28.6481565
            ],
            [
              77.1099496,
              28.6482335
            ],
            [
              77.1099991,
              28.6481695
            ],
            [
              77.1098698,
              28.6480925
            ],
            [
              77.1098202,
              28.6481565
            ]
          ]
        ]
      }
    },
    {
      "type": "Feature",
      "id": "OSM-BUILDING-WAY-349985479",
      "properties": {
        "building_id": "OSM-BUILDING-WAY-349985479",
        "osm_id": "349985479",
        "osm_type": "way",
        "building": "yes",
        "name": null,
        "height": null,
        "building_levels": null,
        "underground_levels": null,
        "min_level": null,
        "roof_elevation": null,
        "ground_elevation": null,
        "source": "OpenStreetMap",
        "capture_source": "map (1).osm",
        "is_cadastral": false,
        "legal_status": "UNVERIFIED_PHYSICAL_SURFACE",
        "ownership_status": "UNKNOWN_UNREGISTERED",
        "notes": "Extracted from OpenStreetMap way. Does not represent cadastral parcel or legal land ownership.",
        "tags": {
          "building": "yes"
        }
      },
      "geometry": {
        "type": "Polygon",
        "coordinates": [
          [
            [
              77.1110133,
              28.6485236
            ],
            [
              77.1111409,
              28.6485979
            ],
            [
              77.1111986,
              28.6485216
            ],
            [
              77.111071,
              28.6484473
            ],
            [
              77.1110133,
              28.6485236
            ]
          ]
        ]
      }
    },
    {
      "type": "Feature",
      "id": "OSM-BUILDING-WAY-349985480",
      "properties": {
        "building_id": "OSM-BUILDING-WAY-349985480",
        "osm_id": "349985480",
        "osm_type": "way",
        "building": "yes",
        "name": null,
        "height": null,
        "building_levels": null,
        "underground_levels": null,
        "min_level": null,
        "roof_elevation": null,
        "ground_elevation": null,
        "source": "OpenStreetMap",
        "capture_source": "map (1).osm",
        "is_cadastral": false,
        "legal_status": "UNVERIFIED_PHYSICAL_SURFACE",
        "ownership_status": "UNKNOWN_UNREGISTERED",
        "notes": "Extracted from OpenStreetMap way. Does not represent cadastral parcel or legal land ownership.",
        "tags": {
          "building": "yes"
        }
      },
      "geometry": {
        "type": "Polygon",
        "coordinates": [
          [
            [
              77.1110966,
              28.648437
            ],
            [
              77.1112266,
              28.6485118
            ],
            [
              77.1112717,
              28.6484514
            ],
            [
              77.1111417,
              28.6483766
            ],
            [
              77.1110966,
              28.648437
            ]
          ]
        ]
      }
    },
    {
      "type": "Feature",
      "id": "OSM-BUILDING-WAY-349985481",
      "properties": {
        "building_id": "OSM-BUILDING-WAY-349985481",
        "osm_id": "349985481",
        "osm_type": "way",
        "building": "yes",
        "name": null,
        "height": null,
        "building_levels": null,
        "underground_levels": null,
        "min_level": null,
        "roof_elevation": null,
        "ground_elevation": null,
        "source": "OpenStreetMap",
        "capture_source": "map (1).osm",
        "is_cadastral": false,
        "legal_status": "UNVERIFIED_PHYSICAL_SURFACE",
        "ownership_status": "UNKNOWN_UNREGISTERED",
        "notes": "Extracted from OpenStreetMap way. Does not represent cadastral parcel or legal land ownership.",
        "tags": {
          "building": "yes"
        }
      },
      "geometry": {
        "type": "Polygon",
        "coordinates": [
          [
            [
              77.1098506,
              28.6478201
            ],
            [
              77.109812,
              28.6478678
            ],
            [
              77.1099493,
              28.6479533
            ],
            [
              77.1099879,
              28.6479056
            ],
            [
              77.1098506,
              28.6478201
            ]
          ]
        ]
      }
    },
    {
      "type": "Feature",
      "id": "OSM-BUILDING-WAY-349985482",
      "properties": {
        "building_id": "OSM-BUILDING-WAY-349985482",
        "osm_id": "349985482",
        "osm_type": "way",
        "building": "yes",
        "name": null,
        "height": null,
        "building_levels": null,
        "underground_levels": null,
        "min_level": null,
        "roof_elevation": null,
        "ground_elevation": null,
        "source": "OpenStreetMap",
        "capture_source": "map (1).osm",
        "is_cadastral": false,
        "legal_status": "UNVERIFIED_PHYSICAL_SURFACE",
        "ownership_status": "UNKNOWN_UNREGISTERED",
        "notes": "Extracted from OpenStreetMap way. Does not represent cadastral parcel or legal land ownership.",
        "tags": {
          "building": "yes"
        }
      },
      "geometry": {
        "type": "Polygon",
        "coordinates": [
          [
            [
              77.110627,
              28.6468163
            ],
            [
              77.1107038,
              28.6467112
            ],
            [
              77.1106179,
              28.6466628
            ],
            [
              77.1105411,
              28.6467679
            ],
            [
              77.110627,
              28.6468163
            ]
          ]
        ]
      }
    },
    {
      "type": "Feature",
      "id": "OSM-BUILDING-WAY-349985483",
      "properties": {
        "building_id": "OSM-BUILDING-WAY-349985483",
        "osm_id": "349985483",
        "osm_type": "way",
        "building": "yes",
        "name": null,
        "height": null,
        "building_levels": null,
        "underground_levels": null,
        "min_level": null,
        "roof_elevation": null,
        "ground_elevation": null,
        "source": "OpenStreetMap",
        "capture_source": "map (1).osm",
        "is_cadastral": false,
        "legal_status": "UNVERIFIED_PHYSICAL_SURFACE",
        "ownership_status": "UNKNOWN_UNREGISTERED",
        "notes": "Extracted from OpenStreetMap way. Does not represent cadastral parcel or legal land ownership.",
        "tags": {
          "building": "yes"
        }
      },
      "geometry": {
        "type": "Polygon",
        "coordinates": [
          [
            [
              77.109096,
              28.6474609
            ],
            [
              77.1092164,
              28.6475373
            ],
            [
              77.1093122,
              28.6474209
            ],
            [
              77.1091919,
              28.6473446
            ],
            [
              77.109096,
              28.6474609
            ]
          ]
        ]
      }
    },
    {
      "type": "Feature",
      "id": "OSM-BUILDING-WAY-349985486",
      "properties": {
        "building_id": "OSM-BUILDING-WAY-349985486",
        "osm_id": "349985486",
        "osm_type": "way",
        "building": "yes",
        "name": null,
        "height": null,
        "building_levels": null,
        "underground_levels": null,
        "min_level": null,
        "roof_elevation": null,
        "ground_elevation": null,
        "source": "OpenStreetMap",
        "capture_source": "map (1).osm",
        "is_cadastral": false,
        "legal_status": "UNVERIFIED_PHYSICAL_SURFACE",
        "ownership_status": "UNKNOWN_UNREGISTERED",
        "notes": "Extracted from OpenStreetMap way. Does not represent cadastral parcel or legal land ownership.",
        "tags": {
          "building": "yes"
        }
      },
      "geometry": {
        "type": "Polygon",
        "coordinates": [
          [
            [
              77.111572,
              28.6471807
            ],
            [
              77.1117061,
              28.6472676
            ],
            [
              77.1117458,
              28.6472204
            ],
            [
              77.1116829,
              28.6471795
            ],
            [
              77.1116117,
              28.6471335
            ],
            [
              77.111572,
              28.6471807
            ]
          ]
        ]
      }
    },
    {
      "type": "Feature",
      "id": "OSM-BUILDING-WAY-349985487",
      "properties": {
        "building_id": "OSM-BUILDING-WAY-349985487",
        "osm_id": "349985487",
        "osm_type": "way",
        "building": "yes",
        "name": null,
        "height": null,
        "building_levels": null,
        "underground_levels": null,
        "min_level": null,
        "roof_elevation": null,
        "ground_elevation": null,
        "source": "OpenStreetMap",
        "capture_source": "map (1).osm",
        "is_cadastral": false,
        "legal_status": "UNVERIFIED_PHYSICAL_SURFACE",
        "ownership_status": "UNKNOWN_UNREGISTERED",
        "notes": "Extracted from OpenStreetMap way. Does not represent cadastral parcel or legal land ownership.",
        "tags": {
          "building": "yes"
        }
      },
      "geometry": {
        "type": "Polygon",
        "coordinates": [
          [
            [
              77.1110472,
              28.6475075
            ],
            [
              77.1113456,
              28.6477008
            ],
            [
              77.1113908,
              28.647647
            ],
            [
              77.1113963,
              28.6476406
            ],
            [
              77.1111596,
              28.6474872
            ],
            [
              77.1112114,
              28.6474256
            ],
            [
              77.1111497,
              28.6473856
            ],
            [
              77.1110472,
              28.6475075
            ]
          ]
        ]
      }
    },
    {
      "type": "Feature",
      "id": "OSM-BUILDING-WAY-351387933",
      "properties": {
        "building_id": "OSM-BUILDING-WAY-351387933",
        "osm_id": "351387933",
        "osm_type": "way",
        "building": "yes",
        "name": null,
        "height": null,
        "building_levels": null,
        "underground_levels": null,
        "min_level": null,
        "roof_elevation": null,
        "ground_elevation": null,
        "source": "OpenStreetMap",
        "capture_source": "map (1).osm",
        "is_cadastral": false,
        "legal_status": "UNVERIFIED_PHYSICAL_SURFACE",
        "ownership_status": "UNKNOWN_UNREGISTERED",
        "notes": "Extracted from OpenStreetMap way. Does not represent cadastral parcel or legal land ownership.",
        "tags": {
          "building": "yes"
        }
      },
      "geometry": {
        "type": "Polygon",
        "coordinates": [
          [
            [
              77.1103472,
              28.6457886
            ],
            [
              77.1104703,
              28.6458563
            ],
            [
              77.1105559,
              28.6457365
            ],
            [
              77.1104328,
              28.6456687
            ],
            [
              77.1103472,
              28.6457886
            ]
          ]
        ]
      }
    },
    {
      "type": "Feature",
      "id": "OSM-BUILDING-WAY-351388119",
      "properties": {
        "building_id": "OSM-BUILDING-WAY-351388119",
        "osm_id": "351388119",
        "osm_type": "way",
        "building": "yes",
        "name": null,
        "height": null,
        "building_levels": null,
        "underground_levels": null,
        "min_level": null,
        "roof_elevation": null,
        "ground_elevation": null,
        "source": "OpenStreetMap",
        "capture_source": "map (1).osm",
        "is_cadastral": false,
        "legal_status": "UNVERIFIED_PHYSICAL_SURFACE",
        "ownership_status": "UNKNOWN_UNREGISTERED",
        "notes": "Extracted from OpenStreetMap way. Does not represent cadastral parcel or legal land ownership.",
        "tags": {
          "building": "yes"
        }
      },
      "geometry": {
        "type": "Polygon",
        "coordinates": [
          [
            [
              77.1117431,
              28.645733
            ],
            [
              77.1117014,
              28.6457863
            ],
            [
              77.1118342,
              28.6458701
            ],
            [
              77.1118808,
              28.6458159
            ],
            [
              77.1117431,
              28.645733
            ]
          ]
        ]
      }
    },
    {
      "type": "Feature",
      "id": "OSM-BUILDING-WAY-351427540",
      "properties": {
        "building_id": "OSM-BUILDING-WAY-351427540",
        "osm_id": "351427540",
        "osm_type": "way",
        "building": "yes",
        "name": null,
        "height": null,
        "building_levels": null,
        "underground_levels": null,
        "min_level": null,
        "roof_elevation": null,
        "ground_elevation": null,
        "source": "OpenStreetMap",
        "capture_source": "map (1).osm",
        "is_cadastral": false,
        "legal_status": "UNVERIFIED_PHYSICAL_SURFACE",
        "ownership_status": "UNKNOWN_UNREGISTERED",
        "notes": "Extracted from OpenStreetMap way. Does not represent cadastral parcel or legal land ownership.",
        "tags": {
          "building": "yes"
        }
      },
      "geometry": {
        "type": "Polygon",
        "coordinates": [
          [
            [
              77.1071659,
              28.647447
            ],
            [
              77.1072521,
              28.6474982
            ],
            [
              77.1072814,
              28.6474601
            ],
            [
              77.1073064,
              28.6474749
            ],
            [
              77.107277,
              28.647513
            ],
            [
              77.1074379,
              28.6476086
            ],
            [
              77.1075303,
              28.6474888
            ],
            [
              77.1073698,
              28.6473935
            ],
            [
              77.1073577,
              28.6474092
            ],
            [
              77.1072981,
              28.6473737
            ],
            [
              77.1073102,
              28.647358
            ],
            [
              77.1072583,
              28.6473272
            ],
            [
              77.1071659,
              28.647447
            ]
          ]
        ]
      }
    },
    {
      "type": "Feature",
      "id": "OSM-BUILDING-WAY-351427562",
      "properties": {
        "building_id": "OSM-BUILDING-WAY-351427562",
        "osm_id": "351427562",
        "osm_type": "way",
        "building": "yes",
        "name": null,
        "height": null,
        "building_levels": null,
        "underground_levels": null,
        "min_level": null,
        "roof_elevation": null,
        "ground_elevation": null,
        "source": "OpenStreetMap",
        "capture_source": "map (1).osm",
        "is_cadastral": false,
        "legal_status": "UNVERIFIED_PHYSICAL_SURFACE",
        "ownership_status": "UNKNOWN_UNREGISTERED",
        "notes": "Extracted from OpenStreetMap way. Does not represent cadastral parcel or legal land ownership.",
        "tags": {
          "building": "yes"
        }
      },
      "geometry": {
        "type": "Polygon",
        "coordinates": [
          [
            [
              77.1075053,
              28.6471958
            ],
            [
              77.107789,
              28.6473612
            ],
            [
              77.1077975,
              28.64735
            ],
            [
              77.1078524,
              28.647382
            ],
            [
              77.1078769,
              28.6473497
            ],
            [
              77.1079568,
              28.6473963
            ],
            [
              77.1079283,
              28.647434
            ],
            [
              77.107982,
              28.6474653
            ],
            [
              77.1079734,
              28.6474767
            ],
            [
              77.1082568,
              28.6476332
            ],
            [
              77.1083517,
              28.6475079
            ],
            [
              77.1082733,
              28.6474622
            ],
            [
              77.1082376,
              28.6475093
            ],
            [
              77.1081386,
              28.6474516
            ],
            [
              77.1081656,
              28.6474159
            ],
            [
              77.1081126,
              28.6473849
            ],
            [
              77.1081216,
              28.647373
            ],
            [
              77.1081018,
              28.6473614
            ],
            [
              77.1081252,
              28.6473305
            ],
            [
              77.1078796,
              28.6471873
            ],
            [
              77.1078558,
              28.6472187
            ],
            [
              77.1078403,
              28.6472097
            ],
            [
              77.1078328,
              28.6472197
            ],
            [
              77.107784,
              28.6471913
            ],
            [
              77.1077559,
              28.6472284
            ],
            [
              77.107623,
              28.647151
            ],
            [
              77.1076587,
              28.6471038
            ],
            [
              77.1076006,
              28.6470699
            ],
            [
              77.1075053,
              28.6471958
            ]
          ]
        ]
      }
    },
    {
      "type": "Feature",
      "id": "OSM-BUILDING-WAY-351427616",
      "properties": {
        "building_id": "OSM-BUILDING-WAY-351427616",
        "osm_id": "351427616",
        "osm_type": "way",
        "building": "yes",
        "name": null,
        "height": null,
        "building_levels": null,
        "underground_levels": null,
        "min_level": null,
        "roof_elevation": null,
        "ground_elevation": null,
        "source": "OpenStreetMap",
        "capture_source": "map (1).osm",
        "is_cadastral": false,
        "legal_status": "UNVERIFIED_PHYSICAL_SURFACE",
        "ownership_status": "UNKNOWN_UNREGISTERED",
        "notes": "Extracted from OpenStreetMap way. Does not represent cadastral parcel or legal land ownership.",
        "tags": {
          "building": "yes"
        }
      },
      "geometry": {
        "type": "Polygon",
        "coordinates": [
          [
            [
              77.1079866,
              28.6471525
            ],
            [
              77.1081839,
              28.6472761
            ],
            [
              77.1082498,
              28.6471952
            ],
            [
              77.1080525,
              28.6470715
            ],
            [
              77.1079866,
              28.6471525
            ]
          ]
        ]
      }
    },
    {
      "type": "Feature",
      "id": "OSM-BUILDING-WAY-351427919",
      "properties": {
        "building_id": "OSM-BUILDING-WAY-351427919",
        "osm_id": "351427919",
        "osm_type": "way",
        "building": "yes",
        "name": null,
        "height": null,
        "building_levels": null,
        "underground_levels": null,
        "min_level": null,
        "roof_elevation": null,
        "ground_elevation": null,
        "source": "OpenStreetMap",
        "capture_source": "map (1).osm",
        "is_cadastral": false,
        "legal_status": "UNVERIFIED_PHYSICAL_SURFACE",
        "ownership_status": "UNKNOWN_UNREGISTERED",
        "notes": "Extracted from OpenStreetMap way. Does not represent cadastral parcel or legal land ownership.",
        "tags": {
          "building": "yes"
        }
      },
      "geometry": {
        "type": "Polygon",
        "coordinates": [
          [
            [
              77.1075689,
              28.6474593
            ],
            [
              77.1076568,
              28.6475138
            ],
            [
              77.1077618,
              28.6473834
            ],
            [
              77.1076739,
              28.6473289
            ],
            [
              77.1075689,
              28.6474593
            ]
          ]
        ]
      }
    }
  ]
}