<?xml version="1.0" encoding="UTF-8"?>
<osm version="0.6" generator="openstreetmap-cgimap 2.1.0 (2942780 spike-08.openstreetmap.org)" copyright="OpenStreetMap and contributors" attribution="http://www.openstreetmap.org/copyright" license="http://opendatacommons.org/licenses/odbl/1-0/">
 <bounds minlat="28.6473140" minlon="77.1106180" maxlat="28.6488370" maxlon="77.1137990"/>
 <node id="2507744191" visible="true" version="1" changeset="18527551" timestamp="2013-10-24T21:42:46Z" user="matvey_kiev_ua" uid="371387" lat="28.6454554" lon="77.1125523"/>
 <node id="2507744192" visible="true" version="1" changeset="18527551" timestamp="2013-10-24T21:42:46Z" user="matvey_kiev_ua" uid="371387" lat="28.6462416" lon="77.1129278"/>
 <node id="2507744196" visible="true" version="1" changeset="18527551" timestamp="2013-10-24T21:42:46Z" user="matvey_kiev_ua" uid="371387" lat="28.6471549" lon="77.1128152"/>
 <node id="2507744198" visible="true" version="1" changeset="18527551" timestamp="2013-10-24T21:42:46Z" user="matvey_kiev_ua" uid="371387" lat="28.6466700" lon="77.1129439"/>
 <node id="2507744200" visible="true" version="4" changeset="146057421" timestamp="2024-01-09T08:53:56Z" user="tusharvalvi" uid="16531141" lat="28.6457768" lon="77.1101031"/>
 <node id="2507744204" visible="true" version="1" changeset="18527551" timestamp="2013-10-24T21:42:46Z" user="matvey_kiev_ua" uid="371387" lat="28.6459026" lon="77.1128474"/>
 <node id="2507744206" visible="true" version="2" changeset="123343456" timestamp="2022-07-08T05:32:18Z" user="VLD106" uid="9124217" lat="28.6473162" lon="77.1126855"/>
 <node id="2507744215" visible="true" version="1" changeset="18527551" timestamp="2013-10-24T21:42:46Z" user="matvey_kiev_ua" uid="371387" lat="28.6452765" lon="77.1092639"/>
 <node id="2507744219" visible="true" version="2" changeset="72541107" timestamp="2019-07-23T06:44:49Z" user="seena monachan" uid="9086401" lat="28.6453129" lon="77.1123283"/>
 <node id="2507744229" visible="true" version="3" changeset="146057421" timestamp="2024-01-09T08:53:56Z" user="tusharvalvi" uid="16531141" lat="28.6459963" lon="77.1104713"/>
 <node id="2507744236" visible="true" version="2" changeset="146057421" timestamp="2024-01-09T08:53:56Z" user="tusharvalvi" uid="16531141" lat="28.6447651" lon="77.1113889"/>
 <node id="2507744242" visible="true" version="2" changeset="123342214" timestamp="2022-07-08T04:33:05Z" user="VLD106" uid="9124217" lat="28.6456278" lon="77.1127216"/>
 <node id="2507744246" visible="true" version="1" changeset="18527551" timestamp="2013-10-24T21:42:47Z" user="matvey_kiev_ua" uid="371387" lat="28.6469571" lon="77.1129117"/>
 <node id="2708361365" visible="true" version="3" changeset="178385675" timestamp="2026-02-11T02:47:50Z" user="contrapunctus" uid="4685130" lat="28.6473773" lon="77.1122901">
  <tag k="name" v="Tagore Garden"/>
  <tag k="name:hi" v="टैगोर गार्डन"/>
  <tag k="place" v="neighbourhood"/>
 </node>
 <node id="2920313912" visible="true" version="3" changeset="123343456" timestamp="2022-07-08T05:32:18Z" user="VLD106" uid="9124217" lat="28.6490272" lon="77.1108388"/>
 <node id="2920313914" visible="true" version="1" changeset="22984850" timestamp="2014-06-17T13:37:55Z" user="n'garh" uid="600918" lat="28.6492353" lon="77.1112198"/>
 <node id="3556229672" visible="true" version="1" changeset="31560336" timestamp="2015-05-29T11:46:15Z" user="Narsimulu" uid="2949621" lat="28.6472097" lon="77.1128795"/>
 <node id="3556229673" visible="true" version="3" changeset="147515996" timestamp="2024-02-16T05:13:09Z" user="kunalchhapre" uid="19795114" lat="28.6471625" lon="77.1132518"/>
 <node id="3556229675" visible="true" version="3" changeset="141158866" timestamp="2023-09-12T11:29:48Z" user="nileshdhandak" uid="16638013" lat="28.6472047" lon="77.1123401"/>
 <node id="3556229682" visible="true" version="1" changeset="31560336" timestamp="2015-05-29T11:46:15Z" user="Narsimulu" uid="2949621" lat="28.6472839" lon="77.1130084"/>
 <node id="3556229685" visible="true" version="1" changeset="31560336" timestamp="2015-05-29T11:46:15Z" user="Narsimulu" uid="2949621" lat="28.6473019" lon="77.1128106"/>
 <node id="3556229687" visible="true" version="1" changeset="31560336" timestamp="2015-05-29T11:46:15Z" user="Narsimulu" uid="2949621" lat="28.6473127" lon="77.1130102"/>
 <node id="3556229691" visible="true" version="3" changeset="147515996" timestamp="2024-02-16T05:13:09Z" user="kunalchhapre" uid="19795114" lat="28.6472531" lon="77.1134066"/>
 <node id="3556229692" visible="true" version="2" changeset="147515996" timestamp="2024-02-16T05:13:09Z" user="kunalchhapre" uid="19795114" lat="28.6472978" lon="77.1133923"/>
 <node id="3556229693" visible="true" version="3" changeset="147515996" timestamp="2024-02-16T05:13:09Z" user="kunalchhapre" uid="19795114" lat="28.6472988" lon="77.1131484"/>
 <node id="3556229700" visible="true" version="1" changeset="31560336" timestamp="2015-05-29T11:46:16Z" user="Narsimulu" uid="2949621" lat="28.6473657" lon="77.1136914"/>
 <node id="3556229701" visible="true" version="2" changeset="147515996" timestamp="2024-02-16T05:13:09Z" user="kunalchhapre" uid="19795114" lat="28.6473265" lon="77.1135267"/>
 <node id="3556229703" visible="true" version="1" changeset="31560336" timestamp="2015-05-29T11:46:16Z" user="Narsimulu" uid="2949621" lat="28.6473761" lon="77.1129395"/>
 <node id="3556229704" visible="true" version="3" changeset="141158866" timestamp="2023-09-12T11:29:48Z" user="nileshdhandak" uid="16638013" lat="28.6473545" lon="77.1122155"/>
 <node id="3556229705" visible="true" version="1" changeset="31560336" timestamp="2015-05-29T11:46:16Z" user="Narsimulu" uid="2949621" lat="28.6473891" lon="77.1131528"/>
 <node id="3556229707" visible="true" version="2" changeset="147515996" timestamp="2024-02-16T05:13:09Z" user="kunalchhapre" uid="19795114" lat="28.6473504" lon="77.1134815"/>
 <node id="3556229708" visible="true" version="1" changeset="31560336" timestamp="2015-05-29T11:46:16Z" user="Narsimulu" uid="2949621" lat="28.6473915" lon="77.1131626"/>
 <node id="3556229710" visible="true" version="3" changeset="141158866" timestamp="2023-09-12T11:29:48Z" user="nileshdhandak" uid="16638013" lat="28.6473652" lon="77.1125908"/>
 <node id="3556229711" visible="true" version="1" changeset="31560336" timestamp="2015-05-29T11:46:16Z" user="Narsimulu" uid="2949621" lat="28.6474000" lon="77.1127462"/>
 <node id="3556229712" visible="true" version="1" changeset="31560336" timestamp="2015-05-29T11:46:16Z" user="Narsimulu" uid="2949621" lat="28.6474019" lon="77.1129481"/>
 <node id="3556229715" visible="true" version="2" changeset="147515996" timestamp="2024-02-16T05:13:09Z" user="kunalchhapre" uid="19795114" lat="28.6473797" lon="77.1136163"/>
 <node id="3556229716" visible="true" version="1" changeset="31560336" timestamp="2015-05-29T11:46:16Z" user="Narsimulu" uid="2949621" lat="28.6474258" lon="77.1132250"/>
 <node id="3556229717" visible="true" version="3" changeset="147515996" timestamp="2024-02-16T05:13:09Z" user="kunalchhapre" uid="19795114" lat="28.6473894" lon="77.1133032"/>
 <node id="3556229719" visible="true" version="1" changeset="31560336" timestamp="2015-05-29T11:46:16Z" user="Narsimulu" uid="2949621" lat="28.6474400" lon="77.1138321"/>
 <node id="3556229721" visible="true" version="2" changeset="147515996" timestamp="2024-02-16T05:13:09Z" user="kunalchhapre" uid="19795114" lat="28.6474068" lon="77.1133087"/>
 <node id="3556229722" visible="true" version="1" changeset="31560336" timestamp="2015-05-29T11:46:16Z" user="Narsimulu" uid="2949621" lat="28.6474477" lon="77.1128267"/>
 <node id="3556229723" visible="true" version="1" changeset="31560336" timestamp="2015-05-29T11:46:16Z" user="Narsimulu" uid="2949621" lat="28.6474527" lon="77.1132316"/>
 <node id="3556229724" visible="true" version="1" changeset="31560336" timestamp="2015-05-29T11:46:16Z" user="Narsimulu" uid="2949621" lat="28.6474545" lon="77.1129502"/>
 <node id="3556229725" visible="true" version="1" changeset="31560336" timestamp="2015-05-29T11:46:16Z" user="Narsimulu" uid="2949621" lat="28.6474603" lon="77.1128376"/>
 <node id="3556229727" visible="true" version="1" changeset="31560336" timestamp="2015-05-29T11:46:16Z" user="Narsimulu" uid="2949621" lat="28.6474704" lon="77.1126920"/>
 <node id="3556229729" visible="true" version="3" changeset="141158866" timestamp="2023-09-12T11:29:48Z" user="nileshdhandak" uid="16638013" lat="28.6474417" lon="77.1125249"/>
 <node id="3556229730" visible="true" version="1" changeset="31560336" timestamp="2015-05-29T11:46:16Z" user="Narsimulu" uid="2949621" lat="28.6474783" lon="77.1130906"/>
 <node id="3556229736" visible="true" version="1" changeset="31560336" timestamp="2015-05-29T11:46:16Z" user="Narsimulu" uid="2949621" lat="28.6474896" lon="77.1130926"/>
 <node id="3556229737" visible="true" version="1" changeset="31560336" timestamp="2015-05-29T11:46:16Z" user="Narsimulu" uid="2949621" lat="28.6474912" lon="77.1126815"/>
 <node id="3556229738" visible="true" version="2" changeset="147515996" timestamp="2024-02-16T05:13:09Z" user="kunalchhapre" uid="19795114" lat="28.6474595" lon="77.1133979"/>
 <node id="3556229740" visible="true" version="1" changeset="31560336" timestamp="2015-05-29T11:46:16Z" user="Narsimulu" uid="2949621" lat="28.6475051" lon="77.1129111"/>
 <node id="3556229741" visible="true" version="2" changeset="147515996" timestamp="2024-02-16T05:13:09Z" user="kunalchhapre" uid="19795114" lat="28.6474673" lon="77.1134183"/>
 <node id="3556229742" visible="true" version="1" changeset="31560336" timestamp="2015-05-29T11:46:16Z" user="Narsimulu" uid="2949621" lat="28.6475131" lon="77.1130468"/>
 <node id="3556229743" visible="true" version="1" changeset="31560336" timestamp="2015-05-29T11:46:16Z" user="Narsimulu" uid="2949621" lat="28.6475151" lon="77.1131864"/>
 <node id="3556229744" visible="true" version="1" changeset="31560336" timestamp="2015-05-29T11:46:16Z" user="Narsimulu" uid="2949621" lat="28.6475181" lon="77.1127725"/>
 <node id="3556229745" visible="true" version="1" changeset="31560336" timestamp="2015-05-29T11:46:16Z" user="Narsimulu" uid="2949621" lat="28.6475239" lon="77.1131550"/>
 <node id="3556229746" visible="true" version="1" changeset="31560336" timestamp="2015-05-29T11:46:16Z" user="Narsimulu" uid="2949621" lat="28.6475241" lon="77.1135828"/>
 <node id="3556229749" visible="true" version="1" changeset="31560336" timestamp="2015-05-29T11:46:16Z" user="Narsimulu" uid="2949621" lat="28.6475347" lon="77.1127789"/>
 <node id="3556229750" visible="true" version="1" changeset="31560336" timestamp="2015-05-29T11:46:16Z" user="Narsimulu" uid="2949621" lat="28.6475353" lon="77.1135764"/>
 <node id="3556229755" visible="true" version="3" changeset="141158866" timestamp="2023-09-12T11:29:48Z" user="nileshdhandak" uid="16638013" lat="28.6475150" lon="77.1124662"/>
 <node id="3556229758" visible="true" version="1" changeset="31560336" timestamp="2015-05-29T11:46:16Z" user="Narsimulu" uid="2949621" lat="28.6475581" lon="77.1130312"/>
 <node id="3556229759" visible="true" version="2" changeset="147515996" timestamp="2024-02-16T05:13:09Z" user="kunalchhapre" uid="19795114" lat="28.6475205" lon="77.1135079"/>
 <node id="3556229764" visible="true" version="1" changeset="31560336" timestamp="2015-05-29T11:46:16Z" user="Narsimulu" uid="2949621" lat="28.6475794" lon="77.1128524"/>
 <node id="3556229765" visible="true" version="1" changeset="31560336" timestamp="2015-05-29T11:46:16Z" user="Narsimulu" uid="2949621" lat="28.6475807" lon="77.1134613"/>
 <node id="3556229766" visible="true" version="1" changeset="31560336" timestamp="2015-05-29T11:46:16Z" user="Narsimulu" uid="2949621" lat="28.6475814" lon="77.1130816"/>
 <node id="3556229769" visible="true" version="1" changeset="31560336" timestamp="2015-05-29T11:46:17Z" user="Narsimulu" uid="2949621" lat="28.6475863" lon="77.1128693"/>
 <node id="3556229770" visible="true" version="1" changeset="31560336" timestamp="2015-05-29T11:46:17Z" user="Narsimulu" uid="2949621" lat="28.6475907" lon="77.1125984"/>
 <node id="3556229771" visible="true" version="1" changeset="31560336" timestamp="2015-05-29T11:46:17Z" user="Narsimulu" uid="2949621" lat="28.6475914" lon="77.1130969"/>
 <node id="3556229773" visible="true" version="1" changeset="31560336" timestamp="2015-05-29T11:46:17Z" user="Narsimulu" uid="2949621" lat="28.6475984" lon="77.1137235"/>
 <node id="3556229778" visible="true" version="1" changeset="31560336" timestamp="2015-05-29T11:46:17Z" user="Narsimulu" uid="2949621" lat="28.6476096" lon="77.1128657"/>
 <node id="3556229781" visible="true" version="1" changeset="31560336" timestamp="2015-05-29T11:46:17Z" user="Narsimulu" uid="2949621" lat="28.6476153" lon="77.1137142"/>
 <node id="3556229784" visible="true" version="1" changeset="31560336" timestamp="2015-05-29T11:46:17Z" user="Narsimulu" uid="2949621" lat="28.6476190" lon="77.1131449"/>
 <node id="3556229785" visible="true" version="2" changeset="141158866" timestamp="2023-09-12T11:29:48Z" user="nileshdhandak" uid="16638013" lat="28.6476148" lon="77.1128855"/>
 <node id="3556229786" visible="true" version="1" changeset="31560336" timestamp="2015-05-29T11:46:17Z" user="Narsimulu" uid="2949621" lat="28.6476222" lon="77.1135109"/>
 <node id="3556229789" visible="true" version="1" changeset="31560336" timestamp="2015-05-29T11:46:17Z" user="Narsimulu" uid="2949621" lat="28.6476300" lon="77.1134728"/>
 <node id="3556229791" visible="true" version="2" changeset="141158866" timestamp="2023-09-12T11:29:48Z" user="nileshdhandak" uid="16638013" lat="28.6476011" lon="77.1131767"/>
 <node id="3556229797" visible="true" version="1" changeset="31560336" timestamp="2015-05-29T11:46:17Z" user="Narsimulu" uid="2949621" lat="28.6476421" lon="77.1129579"/>
 <node id="3556229798" visible="true" version="1" changeset="31560336" timestamp="2015-05-29T11:46:17Z" user="Narsimulu" uid="2949621" lat="28.6476431" lon="77.1134161"/>
 <node id="3556229799" visible="true" version="1" changeset="31560336" timestamp="2015-05-29T11:46:17Z" user="Narsimulu" uid="2949621" lat="28.6476582" lon="77.1129713"/>
 <node id="3556229800" visible="true" version="2" changeset="141158866" timestamp="2023-09-12T11:29:48Z" user="nileshdhandak" uid="16638013" lat="28.6476289" lon="77.1132196"/>
 <node id="3556229805" visible="true" version="2" changeset="141158866" timestamp="2023-09-12T11:29:48Z" user="nileshdhandak" uid="16638013" lat="28.6476357" lon="77.1132267"/>
 <node id="3556229806" visible="true" version="2" changeset="141158866" timestamp="2023-09-12T11:29:48Z" user="nileshdhandak" uid="16638013" lat="28.6476671" lon="77.1132766"/>
 <node id="3556229807" visible="true" version="1" changeset="31560336" timestamp="2015-05-29T11:46:17Z" user="Narsimulu" uid="2949621" lat="28.6476815" lon="77.1130218"/>
 <node id="3556229809" visible="true" version="1" changeset="31560336" timestamp="2015-05-29T11:46:17Z" user="Narsimulu" uid="2949621" lat="28.6476865" lon="77.1130257"/>
 <node id="3556229811" visible="true" version="1" changeset="31560336" timestamp="2015-05-29T11:46:17Z" user="Narsimulu" uid="2949621" lat="28.6477022" lon="77.1136487"/>
 <node id="3556229813" visible="true" version="2" changeset="141158866" timestamp="2023-09-12T11:29:48Z" user="nileshdhandak" uid="16638013" lat="28.6476655" lon="77.1132720"/>
 <node id="3556229815" visible="true" version="1" changeset="31560336" timestamp="2015-05-29T11:46:17Z" user="Narsimulu" uid="2949621" lat="28.6477091" lon="77.1127827"/>
 <node id="3556229816" visible="true" version="2" changeset="141158866" timestamp="2023-09-12T11:29:48Z" user="nileshdhandak" uid="16638013" lat="28.6477031" lon="77.1128120"/>
 <node id="3556229817" visible="true" version="1" changeset="31560336" timestamp="2015-05-29T11:46:17Z" user="Narsimulu" uid="2949621" lat="28.6477142" lon="77.1130737"/>
 <node id="3556229819" visible="true" version="1" changeset="31560336" timestamp="2015-05-29T11:46:18Z" user="Narsimulu" uid="2949621" lat="28.6477162" lon="77.1138068"/>
 <node id="3556229820" visible="true" version="1" changeset="31560336" timestamp="2015-05-29T11:46:18Z" user="Narsimulu" uid="2949621" lat="28.6477189" lon="77.1136259"/>
 <node id="3556229821" visible="true" version="2" changeset="141158866" timestamp="2023-09-12T11:29:48Z" user="nileshdhandak" uid="16638013" lat="28.6476876" lon="77.1131041"/>
 <node id="3556229823" visible="true" version="1" changeset="31560336" timestamp="2015-05-29T11:46:18Z" user="Narsimulu" uid="2949621" lat="28.6477295" lon="77.1133977"/>
 <node id="3556229825" visible="true" version="2" changeset="141158866" timestamp="2023-09-12T11:29:48Z" user="nileshdhandak" uid="16638013" lat="28.6477275" lon="77.1133693"/>
 <node id="3556229827" visible="true" version="2" changeset="141158866" timestamp="2023-09-12T11:29:48Z" user="nileshdhandak" uid="16638013" lat="28.6477368" lon="77.1130759"/>
 <node id="3556229828" visible="true" version="2" changeset="141158866" timestamp="2023-09-12T11:29:48Z" user="nileshdhandak" uid="16638013" lat="28.6477154" lon="77.1131470"/>
 <node id="3556229829" visible="true" version="1" changeset="31560336" timestamp="2015-05-29T11:46:18Z" user="Narsimulu" uid="2949621" lat="28.6477470" lon="77.1133928"/>
 <node id="3556229832" visible="true" version="2" changeset="141158866" timestamp="2023-09-12T11:29:48Z" user="nileshdhandak" uid="16638013" lat="28.6477472" lon="77.1130822"/>
 <node id="3556229834" visible="true" version="1" changeset="31560336" timestamp="2015-05-29T11:46:18Z" user="Narsimulu" uid="2949621" lat="28.6477650" lon="77.1126962"/>
 <node id="3556229835" visible="true" version="2" changeset="141158866" timestamp="2023-09-12T11:29:48Z" user="nileshdhandak" uid="16638013" lat="28.6477184" lon="77.1131561"/>
 <node id="3556229837" visible="true" version="2" changeset="141158866" timestamp="2023-09-12T11:29:48Z" user="nileshdhandak" uid="16638013" lat="28.6477676" lon="77.1131915"/>
 <node id="3556229839" visible="true" version="2" changeset="141158866" timestamp="2023-09-12T11:29:48Z" user="nileshdhandak" uid="16638013" lat="28.6477483" lon="77.1132014"/>
 <node id="3556229842" visible="true" version="1" changeset="31560336" timestamp="2015-05-29T11:46:18Z" user="Narsimulu" uid="2949621" lat="28.6478185" lon="77.1135509"/>
 <node id="3556229844" visible="true" version="1" changeset="31560336" timestamp="2015-05-29T11:46:18Z" user="Narsimulu" uid="2949621" lat="28.6478305" lon="77.1126424"/>
 <node id="3556229846" visible="true" version="2" changeset="141158866" timestamp="2023-09-12T11:29:48Z" user="nileshdhandak" uid="16638013" lat="28.6478251" lon="77.1130024"/>
 <node id="3556229849" visible="true" version="2" changeset="141158866" timestamp="2023-09-12T11:29:48Z" user="nileshdhandak" uid="16638013" lat="28.6478296" lon="77.1130124"/>
 <node id="3556229850" visible="true" version="2" changeset="141158866" timestamp="2023-09-12T11:29:48Z" user="nileshdhandak" uid="16638013" lat="28.6478280" lon="77.1132841"/>
 <node id="3556229852" visible="true" version="1" changeset="31560336" timestamp="2015-05-29T11:46:18Z" user="Narsimulu" uid="2949621" lat="28.6478446" lon="77.1135417"/>
 <node id="3556229856" visible="true" version="1" changeset="31560336" timestamp="2015-05-29T11:46:18Z" user="Narsimulu" uid="2949621" lat="28.6478558" lon="77.1140509"/>
 <node id="3556229857" visible="true" version="1" changeset="31560336" timestamp="2015-05-29T11:46:18Z" user="Narsimulu" uid="2949621" lat="28.6478568" lon="77.1137024"/>
 <node id="3556229858" visible="true" version="1" changeset="31560336" timestamp="2015-05-29T11:46:18Z" user="Narsimulu" uid="2949621" lat="28.6478577" lon="77.1132985"/>
 <node id="3556229859" visible="true" version="2" changeset="141158866" timestamp="2023-09-12T11:29:48Z" user="nileshdhandak" uid="16638013" lat="28.6478570" lon="77.1132507"/>
 <node id="3556229862" visible="true" version="2" changeset="141158866" timestamp="2023-09-12T11:29:48Z" user="nileshdhandak" uid="16638013" lat="28.6478739" lon="77.1132913"/>
 <node id="3556229863" visible="true" version="1" changeset="31560336" timestamp="2015-05-29T11:46:18Z" user="Narsimulu" uid="2949621" lat="28.6478879" lon="77.1128905"/>
 <node id="3556229867" visible="true" version="1" changeset="31560336" timestamp="2015-05-29T11:46:18Z" user="Narsimulu" uid="2949621" lat="28.6479058" lon="77.1123804"/>
 <node id="3556229868" visible="true" version="1" changeset="31560336" timestamp="2015-05-29T11:46:18Z" user="Narsimulu" uid="2949621" lat="28.6479321" lon="77.1129993"/>
 <node id="3556229871" visible="true" version="2" changeset="141158866" timestamp="2023-09-12T11:29:48Z" user="nileshdhandak" uid="16638013" lat="28.6479394" lon="77.1131809"/>
 <node id="3556229873" visible="true" version="1" changeset="31560336" timestamp="2015-05-29T11:46:18Z" user="Narsimulu" uid="2949621" lat="28.6479534" lon="77.1128367"/>
 <node id="3556229875" visible="true" version="1" changeset="31560336" timestamp="2015-05-29T11:46:19Z" user="Narsimulu" uid="2949621" lat="28.6479553" lon="77.1134474"/>
 <node id="3556229877" visible="true" version="2" changeset="141158866" timestamp="2023-09-12T11:29:48Z" user="nileshdhandak" uid="16638013" lat="28.6479482" lon="77.1132290"/>
 <node id="3556229881" visible="true" version="2" changeset="141158866" timestamp="2023-09-12T11:29:48Z" user="nileshdhandak" uid="16638013" lat="28.6479648" lon="77.1134320"/>
 <node id="3556229885" visible="true" version="1" changeset="31560336" timestamp="2015-05-29T11:46:19Z" user="Narsimulu" uid="2949621" lat="28.6479964" lon="77.1139465"/>
 <node id="3556229888" visible="true" version="1" changeset="31560336" timestamp="2015-05-29T11:46:19Z" user="Narsimulu" uid="2949621" lat="28.6480188" lon="77.1129338"/>
 <node id="3556229890" visible="true" version="1" changeset="31560336" timestamp="2015-05-29T11:46:19Z" user="Narsimulu" uid="2949621" lat="28.6480332" lon="77.1131732"/>
 <node id="3556229892" visible="true" version="1" changeset="31560336" timestamp="2015-05-29T11:46:19Z" user="Narsimulu" uid="2949621" lat="28.6480463" lon="77.1126062"/>
 <node id="3556229893" visible="true" version="2" changeset="141158866" timestamp="2023-09-12T11:29:48Z" user="nileshdhandak" uid="16638013" lat="28.6480391" lon="77.1133697"/>
 <node id="3556229904" visible="true" version="1" changeset="31560336" timestamp="2015-05-29T11:46:19Z" user="Narsimulu" uid="2949621" lat="28.6481199" lon="77.1131077"/>
 <node id="3556229907" visible="true" version="1" changeset="31560336" timestamp="2015-05-29T11:46:19Z" user="Narsimulu" uid="2949621" lat="28.6481318" lon="77.1131461"/>
 <node id="3556229920" visible="true" version="1" changeset="31560336" timestamp="2015-05-29T11:46:19Z" user="Narsimulu" uid="2949621" lat="28.6481802" lon="77.1132302"/>
 <node id="3556229921" visible="true" version="1" changeset="31560336" timestamp="2015-05-29T11:46:19Z" user="Narsimulu" uid="2949621" lat="28.6481853" lon="77.1121546"/>
 <node id="3556229942" visible="true" version="1" changeset="31560336" timestamp="2015-05-29T11:46:20Z" user="Narsimulu" uid="2949621" lat="28.6483258" lon="77.1123803"/>
 <node id="3556229951" visible="true" version="1" changeset="31560336" timestamp="2015-05-29T11:46:20Z" user="Narsimulu" uid="2949621" lat="28.6483868" lon="77.1123373"/>
 <node id="3556229963" visible="true" version="1" changeset="31560336" timestamp="2015-05-29T11:46:20Z" user="Narsimulu" uid="2949621" lat="28.6484602" lon="77.1122763"/>
 <node id="3556229967" visible="true" version="1" changeset="31560336" timestamp="2015-05-29T11:46:20Z" user="Narsimulu" uid="2949621" lat="28.6484945" lon="77.1128751"/>
 <node id="3556229969" visible="true" version="1" changeset="31560336" timestamp="2015-05-29T11:46:20Z" user="Narsimulu" uid="2949621" lat="28.6485110" lon="77.1136088"/>
 <node id="3556229978" visible="true" version="1" changeset="31560336" timestamp="2015-05-29T11:46:20Z" user="Narsimulu" uid="2949621" lat="28.6485429" lon="77.1129592"/>
 <node id="3556229981" visible="true" version="1" changeset="31560336" timestamp="2015-05-29T11:46:20Z" user="Narsimulu" uid="2949621" lat="28.6485675" lon="77.1135670"/>
 <node id="3556229983" visible="true" version="1" changeset="31560336" timestamp="2015-05-29T11:46:20Z" user="Narsimulu" uid="2949621" lat="28.6485833" lon="77.1137358"/>
 <node id="3556229985" visible="true" version="1" changeset="31560336" timestamp="2015-05-29T11:46:20Z" user="Narsimulu" uid="2949621" lat="28.6485874" lon="77.1137435"/>
 <node id="3556229991" visible="true" version="1" changeset="31560336" timestamp="2015-05-29T11:46:20Z" user="Narsimulu" uid="2949621" lat="28.6486236" lon="77.1120140"/>
 <node id="3556229994" visible="true" version="1" changeset="31560336" timestamp="2015-05-29T11:46:20Z" user="Narsimulu" uid="2949621" lat="28.6486372" lon="77.1127283"/>
 <node id="3556229995" visible="true" version="1" changeset="31560336" timestamp="2015-05-29T11:46:20Z" user="Narsimulu" uid="2949621" lat="28.6486398" lon="77.1136941"/>
 <node id="3556229997" visible="true" version="1" changeset="31560336" timestamp="2015-05-29T11:46:20Z" user="Narsimulu" uid="2949621" lat="28.6486438" lon="77.1137023"/>
 <node id="3556229998" visible="true" version="1" changeset="31560336" timestamp="2015-05-29T11:46:21Z" user="Narsimulu" uid="2949621" lat="28.6486464" lon="77.1138484"/>
 <node id="3556230007" visible="true" version="1" changeset="31560336" timestamp="2015-05-29T11:46:21Z" user="Narsimulu" uid="2949621" lat="28.6487009" lon="77.1119485"/>
 <node id="3556230008" visible="true" version="1" changeset="31560336" timestamp="2015-05-29T11:46:21Z" user="Narsimulu" uid="2949621" lat="28.6487027" lon="77.1138073"/>
 <node id="3556230009" visible="true" version="1" changeset="31560336" timestamp="2015-05-29T11:46:21Z" user="Narsimulu" uid="2949621" lat="28.6487106" lon="77.1126673"/>
 <node id="3556230012" visible="true" version="1" changeset="31560336" timestamp="2015-05-29T11:46:21Z" user="Narsimulu" uid="2949621" lat="28.6487363" lon="77.1126492"/>
 <node id="3556230023" visible="true" version="1" changeset="31560336" timestamp="2015-05-29T11:46:21Z" user="Narsimulu" uid="2949621" lat="28.6487843" lon="77.1127347"/>
 <node id="3556230044" visible="true" version="1" changeset="31560336" timestamp="2015-05-29T11:46:21Z" user="Narsimulu" uid="2949621" lat="28.6489068" lon="77.1125250"/>
 <node id="3556230051" visible="true" version="1" changeset="31560336" timestamp="2015-05-29T11:46:21Z" user="Narsimulu" uid="2949621" lat="28.6489548" lon="77.1126105"/>
 <node id="3556230062" visible="true" version="1" changeset="31560336" timestamp="2015-05-29T11:46:22Z" user="Narsimulu" uid="2949621" lat="28.6489821" lon="77.1125634"/>
 <node id="3556230084" visible="true" version="1" changeset="31560336" timestamp="2015-05-29T11:46:22Z" user="Narsimulu" uid="2949621" lat="28.6490594" lon="77.1124979"/>
 <node id="3557567211" visible="true" version="1" changeset="31577387" timestamp="2015-05-30T05:51:53Z" user="Narsimulu" uid="2949621" lat="28.6471839" lon="77.1115670"/>
 <node id="3557567222" visible="true" version="1" changeset="31577387" timestamp="2015-05-30T05:51:53Z" user="Narsimulu" uid="2949621" lat="28.6472007" lon="77.1113082"/>
 <node id="3557567226" visible="true" version="2" changeset="32093808" timestamp="2015-06-20T09:53:26Z" user="Narsimulu" uid="2949621" lat="28.6471923" lon="77.1108336"/>
 <node id="3557567234" visible="true" version="1" changeset="31577387" timestamp="2015-05-30T05:51:54Z" user="Narsimulu" uid="2949621" lat="28.6472311" lon="77.1115273"/>
 <node id="3557567236" visible="true" version="1" changeset="31577387" timestamp="2015-05-30T05:51:54Z" user="Narsimulu" uid="2949621" lat="28.6472316" lon="77.1115223"/>
 <node id="3557567241" visible="true" version="1" changeset="31577387" timestamp="2015-05-30T05:51:54Z" user="Narsimulu" uid="2949621" lat="28.6472479" lon="77.1112685"/>
 <node id="3557567245" visible="true" version="1" changeset="31577387" timestamp="2015-05-30T05:51:54Z" user="Narsimulu" uid="2949621" lat="28.6472526" lon="77.1112651"/>
 <node id="3557567248" visible="true" version="2" changeset="32093808" timestamp="2015-06-20T09:53:26Z" user="Narsimulu" uid="2949621" lat="28.6472515" lon="77.1109436"/>
 <node id="3557567251" visible="true" version="1" changeset="31577387" timestamp="2015-05-30T05:51:54Z" user="Narsimulu" uid="2949621" lat="28.6472708" lon="77.1117011"/>
 <node id="3557567253" visible="true" version="2" changeset="32093808" timestamp="2015-06-20T09:53:26Z" user="Narsimulu" uid="2949621" lat="28.6472445" lon="77.1118144"/>
 <node id="3557567256" visible="true" version="1" changeset="31577387" timestamp="2015-05-30T05:51:54Z" user="Narsimulu" uid="2949621" lat="28.6472788" lon="77.1114826"/>
 <node id="3557567257" visible="true" version="1" changeset="31577387" timestamp="2015-05-30T05:51:54Z" user="Narsimulu" uid="2949621" lat="28.6472834" lon="77.1114807"/>
 <node id="3557567260" visible="true" version="1" changeset="31577387" timestamp="2015-05-30T05:51:54Z" user="Narsimulu" uid="2949621" lat="28.6472876" lon="77.1114424"/>
 <node id="3557567261" visible="true" version="2" changeset="32093808" timestamp="2015-06-20T09:53:26Z" user="Narsimulu" uid="2949621" lat="28.6472746" lon="77.1109443"/>
 <node id="3557567267" visible="true" version="2" changeset="32093808" timestamp="2015-06-20T09:53:26Z" user="Narsimulu" uid="2949621" lat="28.6472974" lon="77.1107602"/>
 <node id="3557567271" visible="true" version="1" changeset="31577387" timestamp="2015-05-30T05:51:54Z" user="Narsimulu" uid="2949621" lat="28.6473180" lon="77.1116614"/>
 <node id="3557567272" visible="true" version="2" changeset="32093808" timestamp="2015-06-20T09:53:26Z" user="Narsimulu" uid="2949621" lat="28.6472890" lon="77.1118946"/>
 <node id="3557567273" visible="true" version="1" changeset="31577387" timestamp="2015-05-30T05:51:54Z" user="Narsimulu" uid="2949621" lat="28.6473185" lon="77.1116564"/>
 <node id="3557567279" visible="true" version="1" changeset="31577387" timestamp="2015-05-30T05:51:54Z" user="Narsimulu" uid="2949621" lat="28.6473306" lon="77.1114410"/>
 <node id="3557567280" visible="true" version="2" changeset="32093808" timestamp="2015-06-20T09:53:26Z" user="Narsimulu" uid="2949621" lat="28.6473192" lon="77.1119340"/>
 <node id="3557567281" visible="true" version="1" changeset="31577387" timestamp="2015-05-30T05:51:54Z" user="Narsimulu" uid="2949621" lat="28.6473348" lon="77.1114027"/>
 <node id="3557567282" visible="true" version="1" changeset="31577387" timestamp="2015-05-30T05:51:54Z" user="Narsimulu" uid="2949621" lat="28.6473367" lon="77.1114376"/>
 <node id="3557567287" visible="true" version="1" changeset="31577387" timestamp="2015-05-30T05:51:54Z" user="Narsimulu" uid="2949621" lat="28.6473437" lon="77.1114105"/>
 <node id="3557567289" visible="true" version="1" changeset="31577387" timestamp="2015-05-30T05:51:54Z" user="Narsimulu" uid="2949621" lat="28.6473517" lon="77.1111967"/>
 <node id="3557567292" visible="true" version="2" changeset="32093808" timestamp="2015-06-20T09:53:26Z" user="Narsimulu" uid="2949621" lat="28.6473424" lon="77.1110649"/>
 <node id="3557567393" visible="true" version="1" changeset="31577387" timestamp="2015-05-30T05:51:54Z" user="Narsimulu" uid="2949621" lat="28.6473657" lon="77.1116167"/>
 <node id="3557567396" visible="true" version="1" changeset="31577387" timestamp="2015-05-30T05:51:54Z" user="Narsimulu" uid="2949621" lat="28.6473703" lon="77.1116149"/>
 <node id="3557567397" visible="true" version="2" changeset="32093808" timestamp="2015-06-20T09:53:26Z" user="Narsimulu" uid="2949621" lat="28.6473566" lon="77.1108702"/>
 <node id="3557567398" visible="true" version="2" changeset="32093808" timestamp="2015-06-20T09:53:26Z" user="Narsimulu" uid="2949621" lat="28.6473628" lon="77.1108799"/>
 <node id="3557567399" visible="true" version="1" changeset="31577387" timestamp="2015-05-30T05:51:55Z" user="Narsimulu" uid="2949621" lat="28.6473839" lon="77.1113979"/>
 <node id="3557567400" visible="true" version="1" changeset="31577387" timestamp="2015-05-30T05:51:55Z" user="Narsimulu" uid="2949621" lat="28.6473856" lon="77.1111497"/>
 <node id="3557567402" visible="true" version="1" changeset="31577387" timestamp="2015-05-30T05:51:55Z" user="Narsimulu" uid="2949621" lat="28.6473902" lon="77.1113952"/>
 <node id="3557567406" visible="true" version="2" changeset="32093808" timestamp="2015-06-20T09:53:26Z" user="Narsimulu" uid="2949621" lat="28.6473818" lon="77.1120349"/>
 <node id="3557567409" visible="true" version="1" changeset="31577387" timestamp="2015-05-30T05:51:55Z" user="Narsimulu" uid="2949621" lat="28.6474055" lon="77.1106275"/>
 <node id="3557567411" visible="true" version="2" changeset="32093808" timestamp="2015-06-20T09:53:26Z" user="Narsimulu" uid="2949621" lat="28.6473959" lon="77.1120475"/>
 <node id="3557567414" visible="true" version="2" changeset="32093808" timestamp="2015-06-20T09:53:26Z" user="Narsimulu" uid="2949621" lat="28.6473860" lon="77.1117122"/>
 <node id="3557567415" visible="true" version="1" changeset="31577387" timestamp="2015-05-30T05:51:55Z" user="Narsimulu" uid="2949621" lat="28.6474175" lon="77.1115752"/>
 <node id="3557567418" visible="true" version="1" changeset="31577387" timestamp="2015-05-30T05:51:55Z" user="Narsimulu" uid="2949621" lat="28.6474236" lon="77.1115718"/>
 <node id="3557567419" visible="true" version="1" changeset="31577387" timestamp="2015-05-30T05:51:55Z" user="Narsimulu" uid="2949621" lat="28.6474256" lon="77.1112114"/>
 <node id="3557567422" visible="true" version="2" changeset="32093808" timestamp="2015-06-20T09:53:26Z" user="Narsimulu" uid="2949621" lat="28.6474236" lon="77.1116892"/>
 <node id="3557567424" visible="true" version="1" changeset="31577387" timestamp="2015-05-30T05:51:55Z" user="Narsimulu" uid="2949621" lat="28.6474374" lon="77.1113555"/>
 <node id="3557567425" visible="true" version="1" changeset="31577387" timestamp="2015-05-30T05:51:55Z" user="Narsimulu" uid="2949621" lat="28.6474386" lon="77.1113308"/>
 <node id="3557567430" visible="true" version="2" changeset="32093808" timestamp="2015-06-20T09:53:27Z" user="Narsimulu" uid="2949621" lat="28.6474306" lon="77.1110005"/>
 <node id="3557567433" visible="true" version="2" changeset="32093808" timestamp="2015-06-20T09:53:27Z" user="Narsimulu" uid="2949621" lat="28.6474341" lon="77.1118413"/>
 <node id="3557567436" visible="true" version="1" changeset="31577387" timestamp="2015-05-30T05:51:55Z" user="Narsimulu" uid="2949621" lat="28.6474580" lon="77.1105900"/>
 <node id="3557567437" visible="true" version="2" changeset="32093808" timestamp="2015-06-20T09:53:27Z" user="Narsimulu" uid="2949621" lat="28.6474306" lon="77.1117923"/>
 <node id="3557567438" visible="true" version="2" changeset="32093808" timestamp="2015-06-20T09:53:27Z" user="Narsimulu" uid="2949621" lat="28.6474506" lon="77.1121677"/>
 <node id="3557567439" visible="true" version="2" changeset="32093808" timestamp="2015-06-20T09:53:27Z" user="Narsimulu" uid="2949621" lat="28.6474547" lon="77.1121531"/>
 <node id="3557567440" visible="true" version="2" changeset="32093808" timestamp="2015-06-20T09:53:27Z" user="Narsimulu" uid="2949621" lat="28.6474635" lon="77.1117612"/>
 <node id="3557567441" visible="true" version="1" changeset="31577387" timestamp="2015-05-30T05:51:55Z" user="Narsimulu" uid="2949621" lat="28.6474706" lon="77.1105856"/>
 <node id="3557567442" visible="true" version="1" changeset="31577387" timestamp="2015-05-30T05:51:55Z" user="Narsimulu" uid="2949621" lat="28.6474708" lon="77.1115321"/>
 <node id="3557567444" visible="true" version="1" changeset="31577387" timestamp="2015-05-30T05:51:55Z" user="Narsimulu" uid="2949621" lat="28.6474771" lon="77.1115293"/>
 <node id="3557567445" visible="true" version="2" changeset="32093808" timestamp="2015-06-20T09:53:27Z" user="Narsimulu" uid="2949621" lat="28.6474670" lon="77.1118091"/>
 <node id="3557567450" visible="true" version="1" changeset="31577387" timestamp="2015-05-30T05:51:55Z" user="Narsimulu" uid="2949621" lat="28.6474872" lon="77.1111596"/>
 <node id="3557567452" visible="true" version="1" changeset="31577387" timestamp="2015-05-30T05:51:55Z" user="Narsimulu" uid="2949621" lat="28.6474906" lon="77.1107824"/>
 <node id="3557567456" visible="true" version="2" changeset="32093808" timestamp="2015-06-20T09:53:27Z" user="Narsimulu" uid="2949621" lat="28.6474881" lon="77.1122307"/>
 <node id="3557567460" visible="true" version="1" changeset="31577387" timestamp="2015-05-30T05:51:55Z" user="Narsimulu" uid="2949621" lat="28.6475075" lon="77.1110472"/>
 <node id="3557567461" visible="true" version="1" changeset="31577387" timestamp="2015-05-30T05:51:55Z" user="Narsimulu" uid="2949621" lat="28.6475107" lon="77.1107837"/>
 <node id="3557567462" visible="true" version="2" changeset="32093808" timestamp="2015-06-20T09:53:27Z" user="Narsimulu" uid="2949621" lat="28.6474967" lon="77.1119422"/>
 <node id="3557567464" visible="true" version="2" changeset="32093808" timestamp="2015-06-20T09:53:27Z" user="Narsimulu" uid="2949621" lat="28.6475030" lon="77.1122436"/>
 <node id="3557567467" visible="true" version="2" changeset="32093808" timestamp="2015-06-20T09:53:27Z" user="Narsimulu" uid="2949621" lat="28.6475109" lon="77.1119644"/>
 <node id="3557567469" visible="true" version="1" changeset="31577387" timestamp="2015-05-30T05:51:56Z" user="Narsimulu" uid="2949621" lat="28.6475243" lon="77.1114896"/>
 <node id="3557567470" visible="true" version="2" changeset="32093808" timestamp="2015-06-20T09:53:27Z" user="Narsimulu" uid="2949621" lat="28.6475217" lon="77.1119033"/>
 <node id="3557567471" visible="true" version="1" changeset="31577387" timestamp="2015-05-30T05:51:56Z" user="Narsimulu" uid="2949621" lat="28.6475384" lon="77.1108320"/>
 <node id="3557567472" visible="true" version="1" changeset="31577387" timestamp="2015-05-30T05:51:56Z" user="Narsimulu" uid="2949621" lat="28.6475393" lon="77.1105365"/>
 <node id="3557567473" visible="true" version="3" changeset="163311278" timestamp="2025-03-07T06:14:24Z" user="SB15" uid="18682850" lat="28.6475319" lon="77.1119202"/>
 <node id="3557567475" visible="true" version="1" changeset="31577387" timestamp="2015-05-30T05:51:56Z" user="Narsimulu" uid="2949621" lat="28.6475432" lon="77.1107448"/>
 <node id="3557567477" visible="true" version="1" changeset="31577387" timestamp="2015-05-30T05:51:56Z" user="Narsimulu" uid="2949621" lat="28.6475470" lon="77.1105355"/>
 <node id="3557567479" visible="true" version="1" changeset="31577387" timestamp="2015-05-30T05:51:56Z" user="Narsimulu" uid="2949621" lat="28.6475492" lon="77.1108296"/>
 <node id="3557567481" visible="true" version="1" changeset="31577387" timestamp="2015-05-30T05:51:56Z" user="Narsimulu" uid="2949621" lat="28.6475533" lon="77.1107361"/>
 <node id="3557567484" visible="true" version="2" changeset="32093808" timestamp="2015-06-20T09:53:27Z" user="Narsimulu" uid="2949621" lat="28.6475567" lon="77.1115934"/>
 <node id="3557567492" visible="true" version="2" changeset="32093808" timestamp="2015-06-20T09:53:27Z" user="Narsimulu" uid="2949621" lat="28.6475696" lon="77.1120700"/>
 <node id="3557567597" visible="true" version="1" changeset="31577387" timestamp="2015-05-30T05:51:56Z" user="Narsimulu" uid="2949621" lat="28.6475982" lon="77.1109206"/>
 <node id="3557567598" visible="true" version="2" changeset="32093808" timestamp="2015-06-20T09:53:27Z" user="Narsimulu" uid="2949621" lat="28.6475852" lon="77.1120638"/>
 <node id="3557567599" visible="true" version="2" changeset="32093808" timestamp="2015-06-20T09:53:27Z" user="Narsimulu" uid="2949621" lat="28.6475904" lon="77.1123952"/>
 <node id="3557567600" visible="true" version="1" changeset="31577387" timestamp="2015-05-30T05:51:56Z" user="Narsimulu" uid="2949621" lat="28.6476015" lon="77.1104862"/>
 <node id="3557567601" visible="true" version="2" changeset="32093808" timestamp="2015-06-20T09:53:27Z" user="Narsimulu" uid="2949621" lat="28.6475966" lon="77.1116654"/>
 <node id="3557567602" visible="true" version="1" changeset="31577387" timestamp="2015-05-30T05:51:56Z" user="Narsimulu" uid="2949621" lat="28.6476038" lon="77.1109310"/>
 <node id="3557567607" visible="true" version="2" changeset="32093808" timestamp="2015-06-20T09:53:27Z" user="Narsimulu" uid="2949621" lat="28.6476020" lon="77.1117074"/>
 <node id="3557567610" visible="true" version="3" changeset="163311278" timestamp="2025-03-07T06:14:24Z" user="SB15" uid="18682850" lat="28.6476104" lon="77.1120463"/>
 <node id="3557567614" visible="true" version="1" changeset="31577387" timestamp="2015-05-30T05:51:56Z" user="Narsimulu" uid="2949621" lat="28.6476221" lon="77.1106870"/>
 <node id="3557567618" visible="true" version="1" changeset="31577387" timestamp="2015-05-30T05:51:56Z" user="Narsimulu" uid="2949621" lat="28.6476330" lon="77.1106929"/>
 <node id="3557567620" visible="true" version="2" changeset="163056749" timestamp="2025-02-28T15:12:24Z" user="Vaishali Patil" uid="20041977" lat="28.6476251" lon="77.1106666"/>
 <node id="3557567621" visible="true" version="2" changeset="32093808" timestamp="2015-06-20T09:53:27Z" user="Narsimulu" uid="2949621" lat="28.6476226" lon="77.1121269"/>
 <node id="3557567623" visible="true" version="1" changeset="31577387" timestamp="2015-05-30T05:51:56Z" user="Narsimulu" uid="2949621" lat="28.6476377" lon="77.1120428"/>
 <node id="3557567625" visible="true" version="1" changeset="31577387" timestamp="2015-05-30T05:51:56Z" user="Narsimulu" uid="2949621" lat="28.6476406" lon="77.1113963"/>
 <node id="3557567626" visible="true" version="1" changeset="31577387" timestamp="2015-05-30T05:51:56Z" user="Narsimulu" uid="2949621" lat="28.6476409" lon="77.1110009"/>
 <node id="3557567628" visible="true" version="2" changeset="32093808" timestamp="2015-06-20T09:53:27Z" user="Narsimulu" uid="2949621" lat="28.6476284" lon="77.1115279"/>
 <node id="3557567629" visible="true" version="1" changeset="31577387" timestamp="2015-05-30T05:51:56Z" user="Narsimulu" uid="2949621" lat="28.6476470" lon="77.1113908"/>
 <node id="3557567632" visible="true" version="1" changeset="31577387" timestamp="2015-05-30T05:51:56Z" user="Narsimulu" uid="2949621" lat="28.6476520" lon="77.1106714"/>
 <node id="3557567633" visible="true" version="2" changeset="32093808" timestamp="2015-06-20T09:53:27Z" user="Narsimulu" uid="2949621" lat="28.6476459" lon="77.1121366"/>
 <node id="3557567634" visible="true" version="1" changeset="31577387" timestamp="2015-05-30T05:51:56Z" user="Narsimulu" uid="2949621" lat="28.6476592" lon="77.1120901"/>
 <node id="3557567636" visible="true" version="1" changeset="31577387" timestamp="2015-05-30T05:51:56Z" user="Narsimulu" uid="2949621" lat="28.6476606" lon="77.1107412"/>
 <node id="3557567638" visible="true" version="1" changeset="31577387" timestamp="2015-05-30T05:51:57Z" user="Narsimulu" uid="2949621" lat="28.6476644" lon="77.1120843"/>
 <node id="3557567639" visible="true" version="1" changeset="31577387" timestamp="2015-05-30T05:51:57Z" user="Narsimulu" uid="2949621" lat="28.6476692" lon="77.1110093"/>
 <node id="3557567640" visible="true" version="2" changeset="32093808" timestamp="2015-06-20T09:53:27Z" user="Narsimulu" uid="2949621" lat="28.6476566" lon="77.1118017"/>
 <node id="3557567644" visible="true" version="1" changeset="31577387" timestamp="2015-05-30T05:51:57Z" user="Narsimulu" uid="2949621" lat="28.6476761" lon="77.1107410"/>
 <node id="3557567645" visible="true" version="3" changeset="163311278" timestamp="2025-03-07T06:14:24Z" user="SB15" uid="18682850" lat="28.6476705" lon="77.1118082"/>
 <node id="3557567649" visible="true" version="2" changeset="163056749" timestamp="2025-02-28T15:12:24Z" user="Vaishali Patil" uid="20041977" lat="28.6476796" lon="77.1106188"/>
 <node id="3557567652" visible="true" version="1" changeset="31577387" timestamp="2015-05-30T05:51:57Z" user="Narsimulu" uid="2949621" lat="28.6476963" lon="77.1107507"/>
 <node id="3557567654" visible="true" version="1" changeset="31577387" timestamp="2015-05-30T05:51:57Z" user="Narsimulu" uid="2949621" lat="28.6477008" lon="77.1113456"/>
 <node id="3557567656" visible="true" version="1" changeset="31577387" timestamp="2015-05-30T05:51:57Z" user="Narsimulu" uid="2949621" lat="28.6477057" lon="77.1107506"/>
 <node id="3557567662" visible="true" version="1" changeset="31577387" timestamp="2015-05-30T05:51:57Z" user="Narsimulu" uid="2949621" lat="28.6477184" lon="77.1110802"/>
 <node id="3557567665" visible="true" version="1" changeset="31577387" timestamp="2015-05-30T05:51:57Z" user="Narsimulu" uid="2949621" lat="28.6477250" lon="77.1108319"/>
 <node id="3557567666" visible="true" version="1" changeset="31577387" timestamp="2015-05-30T05:51:57Z" user="Narsimulu" uid="2949621" lat="28.6477250" lon="77.1110804"/>
 <node id="3557567670" visible="true" version="2" changeset="32093808" timestamp="2015-06-20T09:53:28Z" user="Narsimulu" uid="2949621" lat="28.6477139" lon="77.1116763"/>
 <node id="3557567672" visible="true" version="1" changeset="31577387" timestamp="2015-05-30T05:51:57Z" user="Narsimulu" uid="2949621" lat="28.6477348" lon="77.1108407"/>
 <node id="3557567673" visible="true" version="2" changeset="32093808" timestamp="2015-06-20T09:53:28Z" user="Narsimulu" uid="2949621" lat="28.6477173" lon="77.1116928"/>
 <node id="3557567676" visible="true" version="1" changeset="31577387" timestamp="2015-05-30T05:51:57Z" user="Narsimulu" uid="2949621" lat="28.6477414" lon="77.1111291"/>
 <node id="3557567678" visible="true" version="1" changeset="31577387" timestamp="2015-05-30T05:51:57Z" user="Narsimulu" uid="2949621" lat="28.6477422" lon="77.1108193"/>
 <node id="3557567679" visible="true" version="2" changeset="32093808" timestamp="2015-06-20T09:53:28Z" user="Narsimulu" uid="2949621" lat="28.6477333" lon="77.1122882"/>
 <node id="3557567680" visible="true" version="1" changeset="31577387" timestamp="2015-05-30T05:51:57Z" user="Narsimulu" uid="2949621" lat="28.6477478" lon="77.1111176"/>
 <node id="3557567681" visible="true" version="1" changeset="31577387" timestamp="2015-05-30T05:51:57Z" user="Narsimulu" uid="2949621" lat="28.6477488" lon="77.1108246"/>
 <node id="3557567682" visible="true" version="1" changeset="31577387" timestamp="2015-05-30T05:51:57Z" user="Narsimulu" uid="2949621" lat="28.6477539" lon="77.1119461"/>
 <node id="3557567683" visible="true" version="3" changeset="163311278" timestamp="2025-03-07T06:14:24Z" user="SB15" uid="18682850" lat="28.6477490" lon="77.1119343"/>
 <node id="3557567684" visible="true" version="1" changeset="31577387" timestamp="2015-05-30T05:51:57Z" user="Narsimulu" uid="2949621" lat="28.6477586" lon="77.1122840"/>
 <node id="3557567691" visible="true" version="2" changeset="32093808" timestamp="2015-06-20T09:53:28Z" user="Narsimulu" uid="2949621" lat="28.6477490" lon="77.1117488"/>
 <node id="3557567794" visible="true" version="1" changeset="31577387" timestamp="2015-05-30T05:51:57Z" user="Narsimulu" uid="2949621" lat="28.6477720" lon="77.1109107"/>
 <node id="3557567795" visible="true" version="1" changeset="31577387" timestamp="2015-05-30T05:51:57Z" user="Narsimulu" uid="2949621" lat="28.6477741" lon="77.1111854"/>
 <node id="3557567796" visible="true" version="1" changeset="31577387" timestamp="2015-05-30T05:51:57Z" user="Narsimulu" uid="2949621" lat="28.6477742" lon="77.1109145"/>
 <node id="3557567797" visible="true" version="1" changeset="31577387" timestamp="2015-05-30T05:51:57Z" user="Narsimulu" uid="2949621" lat="28.6477756" lon="77.1111918"/>
 <node id="3557567799" visible="true" version="2" changeset="32093808" timestamp="2015-06-20T09:53:28Z" user="Narsimulu" uid="2949621" lat="28.6477623" lon="77.1117592"/>
 <node id="3557567800" visible="true" version="1" changeset="31577387" timestamp="2015-05-30T05:51:57Z" user="Narsimulu" uid="2949621" lat="28.6477805" lon="77.1119876"/>
 <node id="3557567801" visible="true" version="1" changeset="31577387" timestamp="2015-05-30T05:51:57Z" user="Narsimulu" uid="2949621" lat="28.6477828" lon="77.1105765"/>
 <node id="3557567802" visible="true" version="1" changeset="31577387" timestamp="2015-05-30T05:51:57Z" user="Narsimulu" uid="2949621" lat="28.6477828" lon="77.1108882"/>
 <node id="3557567803" visible="true" version="2" changeset="32093808" timestamp="2015-06-20T09:53:28Z" user="Narsimulu" uid="2949621" lat="28.6477672" lon="77.1114241"/>
 <node id="3557567805" visible="true" version="1" changeset="31577387" timestamp="2015-05-30T05:51:57Z" user="Narsimulu" uid="2949621" lat="28.6477924" lon="77.1120015"/>
 <node id="3557567808" visible="true" version="1" changeset="31577387" timestamp="2015-05-30T05:51:57Z" user="Narsimulu" uid="2949621" lat="28.6478018" lon="77.1109047"/>
 <node id="3557567811" visible="true" version="1" changeset="31577387" timestamp="2015-05-30T05:51:57Z" user="Narsimulu" uid="2949621" lat="28.6478121" lon="77.1112576"/>
 <node id="3557567815" visible="true" version="1" changeset="31577387" timestamp="2015-05-30T05:51:58Z" user="Narsimulu" uid="2949621" lat="28.6478235" lon="77.1109853"/>
 <node id="3557567816" visible="true" version="1" changeset="31577387" timestamp="2015-05-30T05:51:58Z" user="Narsimulu" uid="2949621" lat="28.6478257" lon="77.1110004"/>
 <node id="3557567818" visible="true" version="1" changeset="31577387" timestamp="2015-05-30T05:51:58Z" user="Narsimulu" uid="2949621" lat="28.6478271" lon="77.1106559"/>
 <node id="3557567819" visible="true" version="1" changeset="31577387" timestamp="2015-05-30T05:51:58Z" user="Narsimulu" uid="2949621" lat="28.6478286" lon="77.1106659"/>
 <node id="3557567822" visible="true" version="2" changeset="32093808" timestamp="2015-06-20T09:53:28Z" user="Narsimulu" uid="2949621" lat="28.6478152" lon="77.1118612"/>
 <node id="3557567823" visible="true" version="1" changeset="31577387" timestamp="2015-05-30T05:51:58Z" user="Narsimulu" uid="2949621" lat="28.6478374" lon="77.1114139"/>
 <node id="3557567826" visible="true" version="2" changeset="32093808" timestamp="2015-06-20T09:53:28Z" user="Narsimulu" uid="2949621" lat="28.6478324" lon="77.1118678"/>
 <node id="3557567829" visible="true" version="1" changeset="31577387" timestamp="2015-05-30T05:51:58Z" user="Narsimulu" uid="2949621" lat="28.6478484" lon="77.1110377"/>
 <node id="3557567831" visible="true" version="2" changeset="32093808" timestamp="2015-06-20T09:53:28Z" user="Narsimulu" uid="2949621" lat="28.6478315" lon="77.1116090"/>
 <node id="3557567832" visible="true" version="1" changeset="31577387" timestamp="2015-05-30T05:51:58Z" user="Narsimulu" uid="2949621" lat="28.6478529" lon="77.1110450"/>
 <node id="3557567834" visible="true" version="1" changeset="31577387" timestamp="2015-05-30T05:51:58Z" user="Narsimulu" uid="2949621" lat="28.6478556" lon="77.1109961"/>
 <node id="3557567835" visible="true" version="1" changeset="31577387" timestamp="2015-05-30T05:51:58Z" user="Narsimulu" uid="2949621" lat="28.6478631" lon="77.1105745"/>
 <node id="3557567836" visible="true" version="1" changeset="31577387" timestamp="2015-05-30T05:51:58Z" user="Narsimulu" uid="2949621" lat="28.6478640" lon="77.1110136"/>
 <node id="3557567837" visible="true" version="1" changeset="31577387" timestamp="2015-05-30T05:51:58Z" user="Narsimulu" uid="2949621" lat="28.6478651" lon="77.1107346"/>
 <node id="3557567842" visible="true" version="2" changeset="32093808" timestamp="2015-06-20T09:53:28Z" user="Narsimulu" uid="2949621" lat="28.6478526" lon="77.1115724"/>
 <node id="3557567844" visible="true" version="1" changeset="31577387" timestamp="2015-05-30T05:51:58Z" user="Narsimulu" uid="2949621" lat="28.6478754" lon="77.1114827"/>
 <node id="3557567845" visible="true" version="1" changeset="31577387" timestamp="2015-05-30T05:51:58Z" user="Narsimulu" uid="2949621" lat="28.6478757" lon="77.1107365"/>
 <node id="3557567849" visible="true" version="2" changeset="32093808" timestamp="2015-06-20T09:53:28Z" user="Narsimulu" uid="2949621" lat="28.6478688" lon="77.1119299"/>
 <node id="3557567850" visible="true" version="2" changeset="32093808" timestamp="2015-06-20T09:53:28Z" user="Narsimulu" uid="2949621" lat="28.6478632" lon="77.1116650"/>
 <node id="3557567851" visible="true" version="1" changeset="31577387" timestamp="2015-05-30T05:51:58Z" user="Narsimulu" uid="2949621" lat="28.6478856" lon="77.1111012"/>
 <node id="3557567852" visible="true" version="1" changeset="31577387" timestamp="2015-05-30T05:51:58Z" user="Narsimulu" uid="2949621" lat="28.6478886" lon="77.1111105"/>
 <node id="3557567854" visible="true" version="2" changeset="32093808" timestamp="2015-06-20T09:53:28Z" user="Narsimulu" uid="2949621" lat="28.6478583" lon="77.1119429"/>
 <node id="3557567855" visible="true" version="1" changeset="31577387" timestamp="2015-05-30T05:51:58Z" user="Narsimulu" uid="2949621" lat="28.6478918" lon="77.1121953"/>
 <node id="3557567857" visible="true" version="1" changeset="31577387" timestamp="2015-05-30T05:51:58Z" user="Narsimulu" uid="2949621" lat="28.6478952" lon="77.1106358"/>
 <node id="3557567858" visible="true" version="1" changeset="31577387" timestamp="2015-05-30T05:51:58Z" user="Narsimulu" uid="2949621" lat="28.6478989" lon="77.1114850"/>
 <node id="3557567860" visible="true" version="2" changeset="32093808" timestamp="2015-06-20T09:53:28Z" user="Narsimulu" uid="2949621" lat="28.6478821" lon="77.1116786"/>
 <node id="3557567862" visible="true" version="1" changeset="31577387" timestamp="2015-05-30T05:51:58Z" user="Narsimulu" uid="2949621" lat="28.6479008" lon="77.1106981"/>
 <node id="3557567865" visible="true" version="1" changeset="31577387" timestamp="2015-05-30T05:51:58Z" user="Narsimulu" uid="2949621" lat="28.6479120" lon="77.1110948"/>
 <node id="3557567866" visible="true" version="1" changeset="31577387" timestamp="2015-05-30T05:51:58Z" user="Narsimulu" uid="2949621" lat="28.6479153" lon="77.1108049"/>
 <node id="3557567869" visible="true" version="1" changeset="31577387" timestamp="2015-05-30T05:51:58Z" user="Narsimulu" uid="2949621" lat="28.6479165" lon="77.1111100"/>
 <node id="3557567870" visible="true" version="1" changeset="31577387" timestamp="2015-05-30T05:51:58Z" user="Narsimulu" uid="2949621" lat="28.6479167" lon="77.1108169"/>
 <node id="3557567871" visible="true" version="1" changeset="31577387" timestamp="2015-05-30T05:51:58Z" user="Narsimulu" uid="2949621" lat="28.6479177" lon="77.1136308"/>
 <node id="3557567874" visible="true" version="1" changeset="31577387" timestamp="2015-05-30T05:51:58Z" user="Narsimulu" uid="2949621" lat="28.6479251" lon="77.1111763"/>
 <node id="3557567878" visible="true" version="1" changeset="31577387" timestamp="2015-05-30T05:51:58Z" user="Narsimulu" uid="2949621" lat="28.6479306" lon="77.1112456"/>
 <node id="3557567884" visible="true" version="1" changeset="31577387" timestamp="2015-05-30T05:51:58Z" user="Narsimulu" uid="2949621" lat="28.6479471" lon="77.1115671"/>
 <node id="3557567887" visible="true" version="2" changeset="32093808" timestamp="2015-06-20T09:53:28Z" user="Narsimulu" uid="2949621" lat="28.6479350" lon="77.1117806"/>
 <node id="3557567889" visible="true" version="1" changeset="31577387" timestamp="2015-05-30T05:51:58Z" user="Narsimulu" uid="2949621" lat="28.6479534" lon="77.1115743"/>
 <node id="3557567890" visible="true" version="1" changeset="31577387" timestamp="2015-05-30T05:51:58Z" user="Narsimulu" uid="2949621" lat="28.6479574" lon="77.1111767"/>
 <node id="3557567891" visible="true" version="2" changeset="32093808" timestamp="2015-06-20T09:53:28Z" user="Narsimulu" uid="2949621" lat="28.6479445" lon="77.1117824"/>
 <node id="3557567892" visible="true" version="1" changeset="31577387" timestamp="2015-05-30T05:51:59Z" user="Narsimulu" uid="2949621" lat="28.6479588" lon="77.1135996"/>
 <node id="3557567893" visible="true" version="1" changeset="31577387" timestamp="2015-05-30T05:51:59Z" user="Narsimulu" uid="2949621" lat="28.6479603" lon="77.1113258"/>
 <node id="3557567894" visible="true" version="1" changeset="31577387" timestamp="2015-05-30T05:51:59Z" user="Narsimulu" uid="2949621" lat="28.6479613" lon="77.1135935"/>
 <node id="3557567897" visible="true" version="1" changeset="31577387" timestamp="2015-05-30T05:51:59Z" user="Narsimulu" uid="2949621" lat="28.6479705" lon="77.1109082"/>
 <node id="3557567902" visible="true" version="1" changeset="31577387" timestamp="2015-05-30T05:51:59Z" user="Narsimulu" uid="2949621" lat="28.6479780" lon="77.1104963"/>
 <node id="3557567904" visible="true" version="1" changeset="31577387" timestamp="2015-05-30T05:51:59Z" user="Narsimulu" uid="2949621" lat="28.6479830" lon="77.1116286"/>
 <node id="3557567905" visible="true" version="1" changeset="31577387" timestamp="2015-05-30T05:51:59Z" user="Narsimulu" uid="2949621" lat="28.6479836" lon="77.1137434"/>
 <node id="3557567908" visible="true" version="1" changeset="31577387" timestamp="2015-05-30T05:51:59Z" user="Narsimulu" uid="2949621" lat="28.6479887" lon="77.1109178"/>
 <node id="3557567909" visible="true" version="2" changeset="32093808" timestamp="2015-06-20T09:53:28Z" user="Narsimulu" uid="2949621" lat="28.6479568" lon="77.1121177"/>
 <node id="3557567910" visible="true" version="1" changeset="31577387" timestamp="2015-05-30T05:51:59Z" user="Narsimulu" uid="2949621" lat="28.6479891" lon="77.1137437"/>
 <node id="3557567911" visible="true" version="1" changeset="31577387" timestamp="2015-05-30T05:51:59Z" user="Narsimulu" uid="2949621" lat="28.6479932" lon="77.1108679"/>
 <node id="3557567914" visible="true" version="2" changeset="32093808" timestamp="2015-06-20T09:53:28Z" user="Narsimulu" uid="2949621" lat="28.6479809" lon="77.1118444"/>
 <node id="3557567915" visible="true" version="1" changeset="31577387" timestamp="2015-05-30T05:51:59Z" user="Narsimulu" uid="2949621" lat="28.6479950" lon="77.1114116"/>
 <node id="3557567917" visible="true" version="1" changeset="31577387" timestamp="2015-05-30T05:51:59Z" user="Narsimulu" uid="2949621" lat="28.6479983" lon="77.1113946"/>
 <node id="3557567918" visible="true" version="1" changeset="31577387" timestamp="2015-05-30T05:51:59Z" user="Narsimulu" uid="2949621" lat="28.6480024" lon="77.1135623"/>
 <node id="3557567920" visible="true" version="2" changeset="32093808" timestamp="2015-06-20T09:53:28Z" user="Narsimulu" uid="2949621" lat="28.6479718" lon="77.1118599"/>
 <node id="3557567921" visible="true" version="1" changeset="31577387" timestamp="2015-05-30T05:51:59Z" user="Narsimulu" uid="2949621" lat="28.6480049" lon="77.1135551"/>
 <node id="3557567926" visible="true" version="1" changeset="31577387" timestamp="2015-05-30T05:51:59Z" user="Narsimulu" uid="2949621" lat="28.6480089" lon="77.1111858"/>
 <node id="3557567928" visible="true" version="1" changeset="31577387" timestamp="2015-05-30T05:51:59Z" user="Narsimulu" uid="2949621" lat="28.6480101" lon="77.1105575"/>
 <node id="3557567931" visible="true" version="1" changeset="31577387" timestamp="2015-05-30T05:51:59Z" user="Narsimulu" uid="2949621" lat="28.6480166" lon="77.1113917"/>
 <node id="3557567933" visible="true" version="1" changeset="31577387" timestamp="2015-05-30T05:51:59Z" user="Narsimulu" uid="2949621" lat="28.6480208" lon="77.1116714"/>
 <node id="3557567934" visible="true" version="1" changeset="31577387" timestamp="2015-05-30T05:51:59Z" user="Narsimulu" uid="2949621" lat="28.6480246" lon="77.1137122"/>
 <node id="3557567935" visible="true" version="1" changeset="31577387" timestamp="2015-05-30T05:51:59Z" user="Narsimulu" uid="2949621" lat="28.6480269" lon="77.1113934"/>
 <node id="3557567936" visible="true" version="1" changeset="31577387" timestamp="2015-05-30T05:51:59Z" user="Narsimulu" uid="2949621" lat="28.6480272" lon="77.1137061"/>
 <node id="3557567938" visible="true" version="1" changeset="31577387" timestamp="2015-05-30T05:51:59Z" user="Narsimulu" uid="2949621" lat="28.6480301" lon="77.1137125"/>
 <node id="3557567941" visible="true" version="1" changeset="31577387" timestamp="2015-05-30T05:51:59Z" user="Narsimulu" uid="2949621" lat="28.6480314" lon="77.1110185"/>
 <node id="3557567945" visible="true" version="1" changeset="31577387" timestamp="2015-05-30T05:51:59Z" user="Narsimulu" uid="2949621" lat="28.6480367" lon="77.1109989"/>
 <node id="3557567947" visible="true" version="1" changeset="31577387" timestamp="2015-05-30T05:51:59Z" user="Narsimulu" uid="2949621" lat="28.6480426" lon="77.1137076"/>
 <node id="3557567948" visible="true" version="1" changeset="31577387" timestamp="2015-05-30T05:51:59Z" user="Narsimulu" uid="2949621" lat="28.6480433" lon="77.1114937"/>
 <node id="3557567950" visible="true" version="1" changeset="31577387" timestamp="2015-05-30T05:51:59Z" user="Narsimulu" uid="2949621" lat="28.6480460" lon="77.1135239"/>
 <node id="3557567952" visible="true" version="1" changeset="31577387" timestamp="2015-05-30T05:51:59Z" user="Narsimulu" uid="2949621" lat="28.6480515" lon="77.1135201"/>
 <node id="3557567953" visible="true" version="1" changeset="31577387" timestamp="2015-05-30T05:51:59Z" user="Narsimulu" uid="2949621" lat="28.6480524" lon="77.1111804"/>
 <node id="3557567954" visible="true" version="1" changeset="31577387" timestamp="2015-05-30T05:51:59Z" user="Narsimulu" uid="2949621" lat="28.6480550" lon="77.1138563"/>
 <node id="3557567957" visible="true" version="1" changeset="31577387" timestamp="2015-05-30T05:52:00Z" user="Narsimulu" uid="2949621" lat="28.6480683" lon="77.1136749"/>
 <node id="3557567958" visible="true" version="1" changeset="31577387" timestamp="2015-05-30T05:52:00Z" user="Narsimulu" uid="2949621" lat="28.6480684" lon="77.1114929"/>
 <node id="3557567960" visible="true" version="1" changeset="31577387" timestamp="2015-05-30T05:52:00Z" user="Narsimulu" uid="2949621" lat="28.6480704" lon="77.1105783"/>
 <node id="3557567961" visible="true" version="1" changeset="31577387" timestamp="2015-05-30T05:52:00Z" user="Narsimulu" uid="2949621" lat="28.6480708" lon="77.1136677"/>
 <node id="3557567963" visible="true" version="1" changeset="31577387" timestamp="2015-05-30T05:52:00Z" user="Narsimulu" uid="2949621" lat="28.6480723" lon="77.1110853"/>
 <node id="3557567964" visible="true" version="1" changeset="31577387" timestamp="2015-05-30T05:52:00Z" user="Narsimulu" uid="2949621" lat="28.6480745" lon="77.1113596"/>
 <node id="3557567968" visible="true" version="1" changeset="31577387" timestamp="2015-05-30T05:52:00Z" user="Narsimulu" uid="2949621" lat="28.6480836" lon="77.1136764"/>
 <node id="3557567975" visible="true" version="1" changeset="31577387" timestamp="2015-05-30T05:52:00Z" user="Narsimulu" uid="2949621" lat="28.6480900" lon="77.1113565"/>
 <node id="3557567980" visible="true" version="1" changeset="31577387" timestamp="2015-05-30T05:52:00Z" user="Narsimulu" uid="2949621" lat="28.6480926" lon="77.1134889"/>
 <node id="3557567982" visible="true" version="1" changeset="31577387" timestamp="2015-05-30T05:52:00Z" user="Narsimulu" uid="2949621" lat="28.6480949" lon="77.1113318"/>
 <node id="3557567983" visible="true" version="1" changeset="31577387" timestamp="2015-05-30T05:52:00Z" user="Narsimulu" uid="2949621" lat="28.6480951" lon="77.1115178"/>
 <node id="3557567984" visible="true" version="1" changeset="31577387" timestamp="2015-05-30T05:52:00Z" user="Narsimulu" uid="2949621" lat="28.6480960" lon="77.1138251"/>
 <node id="3557567985" visible="true" version="1" changeset="31577387" timestamp="2015-05-30T05:52:00Z" user="Narsimulu" uid="2949621" lat="28.6480971" lon="77.1134851"/>
 <node id="3557567986" visible="true" version="1" changeset="31577387" timestamp="2015-05-30T05:52:00Z" user="Narsimulu" uid="2949621" lat="28.6480979" lon="77.1115473"/>
 <node id="3557567988" visible="true" version="1" changeset="31577387" timestamp="2015-05-30T05:52:00Z" user="Narsimulu" uid="2949621" lat="28.6480994" lon="77.1118143"/>
 <node id="3557567991" visible="true" version="1" changeset="31577387" timestamp="2015-05-30T05:52:00Z" user="Narsimulu" uid="2949621" lat="28.6481020" lon="77.1111432"/>
 <node id="3557567992" visible="true" version="2" changeset="32093808" timestamp="2015-06-20T09:53:29Z" user="Narsimulu" uid="2949621" lat="28.6480703" lon="77.1120346"/>
 <node id="3557567997" visible="true" version="1" changeset="31577387" timestamp="2015-05-30T05:52:00Z" user="Narsimulu" uid="2949621" lat="28.6481085" lon="77.1138201"/>
 <node id="3557567998" visible="true" version="1" changeset="31577387" timestamp="2015-05-30T05:52:00Z" user="Narsimulu" uid="2949621" lat="28.6481119" lon="77.1136365"/>
 <node id="3557568000" visible="true" version="1" changeset="31577387" timestamp="2015-05-30T05:52:00Z" user="Narsimulu" uid="2949621" lat="28.6481130" lon="77.1111350"/>
 <node id="3557568001" visible="true" version="1" changeset="31577387" timestamp="2015-05-30T05:52:00Z" user="Narsimulu" uid="2949621" lat="28.6481149" lon="77.1118227"/>
 <node id="3557568003" visible="true" version="1" changeset="31577387" timestamp="2015-05-30T05:52:00Z" user="Narsimulu" uid="2949621" lat="28.6481174" lon="77.1136327"/>
 <node id="3557568004" visible="true" version="1" changeset="31577387" timestamp="2015-05-30T05:52:00Z" user="Narsimulu" uid="2949621" lat="28.6481189" lon="77.1116014"/>
 <node id="3557568006" visible="true" version="1" changeset="31577387" timestamp="2015-05-30T05:52:00Z" user="Narsimulu" uid="2949621" lat="28.6481248" lon="77.1113055"/>
 <node id="3557568007" visible="true" version="1" changeset="31577387" timestamp="2015-05-30T05:52:00Z" user="Narsimulu" uid="2949621" lat="28.6481268" lon="77.1136387"/>
 <node id="3557568009" visible="true" version="1" changeset="31577387" timestamp="2015-05-30T05:52:00Z" user="Narsimulu" uid="2949621" lat="28.6481357" lon="77.1115901"/>
 <node id="3557568011" visible="true" version="1" changeset="31577387" timestamp="2015-05-30T05:52:00Z" user="Narsimulu" uid="2949621" lat="28.6481382" lon="77.1134539"/>
 <node id="3557568012" visible="true" version="1" changeset="31577387" timestamp="2015-05-30T05:52:00Z" user="Narsimulu" uid="2949621" lat="28.6481427" lon="77.1114839"/>
 <node id="3557568014" visible="true" version="1" changeset="31577387" timestamp="2015-05-30T05:52:00Z" user="Narsimulu" uid="2949621" lat="28.6481495" lon="77.1137890"/>
 <node id="3557568016" visible="true" version="1" changeset="31577387" timestamp="2015-05-30T05:52:00Z" user="Narsimulu" uid="2949621" lat="28.6481516" lon="77.1134704"/>
 <node id="3557568019" visible="true" version="1" changeset="31577387" timestamp="2015-05-30T05:52:00Z" user="Narsimulu" uid="2949621" lat="28.6481535" lon="77.1113114"/>
 <node id="3557568021" visible="true" version="1" changeset="31577387" timestamp="2015-05-30T05:52:00Z" user="Narsimulu" uid="2949621" lat="28.6481579" lon="77.1113168"/>
 <node id="3557568022" visible="true" version="1" changeset="31577387" timestamp="2015-05-30T05:52:00Z" user="Narsimulu" uid="2949621" lat="28.6481584" lon="77.1136015"/>
 <node id="3557568023" visible="true" version="1" changeset="31577387" timestamp="2015-05-30T05:52:00Z" user="Narsimulu" uid="2949621" lat="28.6481605" lon="77.1114850"/>
 <node id="3557568026" visible="true" version="1" changeset="31577387" timestamp="2015-05-30T05:52:00Z" user="Narsimulu" uid="2949621" lat="28.6481627" lon="77.1107481"/>
 <node id="3557568028" visible="true" version="1" changeset="31577387" timestamp="2015-05-30T05:52:00Z" user="Narsimulu" uid="2949621" lat="28.6481630" lon="77.1135977"/>
 <node id="3557568032" visible="true" version="1" changeset="31577387" timestamp="2015-05-30T05:52:00Z" user="Narsimulu" uid="2949621" lat="28.6481679" lon="77.1136075"/>
 <node id="3557568036" visible="true" version="1" changeset="31577387" timestamp="2015-05-30T05:52:01Z" user="Narsimulu" uid="2949621" lat="28.6481744" lon="77.1110909"/>
 <node id="3557568037" visible="true" version="1" changeset="31577387" timestamp="2015-05-30T05:52:01Z" user="Narsimulu" uid="2949621" lat="28.6481744" lon="77.1112682"/>
 <node id="3557568038" visible="true" version="1" changeset="31577387" timestamp="2015-05-30T05:52:01Z" user="Narsimulu" uid="2949621" lat="28.6481754" lon="77.1136025"/>
 <node id="3557568042" visible="true" version="1" changeset="31577387" timestamp="2015-05-30T05:52:01Z" user="Narsimulu" uid="2949621" lat="28.6481811" lon="77.1119498"/>
 <node id="3557568044" visible="true" version="1" changeset="31577387" timestamp="2015-05-30T05:52:01Z" user="Narsimulu" uid="2949621" lat="28.6481843" lon="77.1110841"/>
 <node id="3557568045" visible="true" version="1" changeset="31577387" timestamp="2015-05-30T05:52:01Z" user="Narsimulu" uid="2949621" lat="28.6481852" lon="77.1112659"/>
 <node id="3557568052" visible="true" version="1" changeset="31577387" timestamp="2015-05-30T05:52:01Z" user="Narsimulu" uid="2949621" lat="28.6481927" lon="77.1137513"/>
 <node id="3557568055" visible="true" version="1" changeset="31577387" timestamp="2015-05-30T05:52:01Z" user="Narsimulu" uid="2949621" lat="28.6481975" lon="77.1117443"/>
 <node id="3557568057" visible="true" version="1" changeset="31577387" timestamp="2015-05-30T05:52:01Z" user="Narsimulu" uid="2949621" lat="28.6482002" lon="77.1117651"/>
 <node id="3557568059" visible="true" version="1" changeset="31577387" timestamp="2015-05-30T05:52:01Z" user="Narsimulu" uid="2949621" lat="28.6482031" lon="77.1115404"/>
 <node id="3557568060" visible="true" version="1" changeset="31577387" timestamp="2015-05-30T05:52:01Z" user="Narsimulu" uid="2949621" lat="28.6482040" lon="77.1135665"/>
 <node id="3557568062" visible="true" version="1" changeset="31577387" timestamp="2015-05-30T05:52:01Z" user="Narsimulu" uid="2949621" lat="28.6482044" lon="77.1112784"/>
 <node id="3557568066" visible="true" version="1" changeset="31577387" timestamp="2015-05-30T05:52:01Z" user="Narsimulu" uid="2949621" lat="28.6482072" lon="77.1135559"/>
 <node id="3557568068" visible="true" version="1" changeset="31577387" timestamp="2015-05-30T05:52:01Z" user="Narsimulu" uid="2949621" lat="28.6482091" lon="77.1110615"/>
 <node id="3557568069" visible="true" version="1" changeset="31577387" timestamp="2015-05-30T05:52:01Z" user="Narsimulu" uid="2949621" lat="28.6482140" lon="77.1115234"/>
 <node id="3557568071" visible="true" version="1" changeset="31577387" timestamp="2015-05-30T05:52:01Z" user="Narsimulu" uid="2949621" lat="28.6482153" lon="77.1117302"/>
 <node id="3557568072" visible="true" version="1" changeset="31577387" timestamp="2015-05-30T05:52:01Z" user="Narsimulu" uid="2949621" lat="28.6482157" lon="77.1112620"/>
 <node id="3557568073" visible="true" version="1" changeset="31577387" timestamp="2015-05-30T05:52:01Z" user="Narsimulu" uid="2949621" lat="28.6482164" lon="77.1135713"/>
 <node id="3557568074" visible="true" version="1" changeset="31577387" timestamp="2015-05-30T05:52:01Z" user="Narsimulu" uid="2949621" lat="28.6482230" lon="77.1135653"/>
 <node id="3557568076" visible="true" version="1" changeset="31577387" timestamp="2015-05-30T05:52:01Z" user="Narsimulu" uid="2949621" lat="28.6482240" lon="77.1114399"/>
 <node id="3557568081" visible="true" version="1" changeset="31577387" timestamp="2015-05-30T05:52:01Z" user="Narsimulu" uid="2949621" lat="28.6482338" lon="77.1137201"/>
 <node id="3557568082" visible="true" version="1" changeset="31577387" timestamp="2015-05-30T05:52:01Z" user="Narsimulu" uid="2949621" lat="28.6482339" lon="77.1114365"/>
 <node id="3557568086" visible="true" version="1" changeset="31577387" timestamp="2015-05-30T05:52:01Z" user="Narsimulu" uid="2949621" lat="28.6482413" lon="77.1137151"/>
 <node id="3557568090" visible="true" version="1" changeset="31577387" timestamp="2015-05-30T05:52:02Z" user="Narsimulu" uid="2949621" lat="28.6482467" lon="77.1112218"/>
 <node id="3557568092" visible="true" version="1" changeset="31577387" timestamp="2015-05-30T05:52:02Z" user="Narsimulu" uid="2949621" lat="28.6482488" lon="77.1138252"/>
 <node id="3557568098" visible="true" version="2" changeset="32093808" timestamp="2015-06-20T09:53:29Z" user="Narsimulu" uid="2949621" lat="28.6482432" lon="77.1109785"/>
 <node id="3557568100" visible="true" version="1" changeset="31577387" timestamp="2015-05-30T05:52:02Z" user="Narsimulu" uid="2949621" lat="28.6482640" lon="77.1135341"/>
 <node id="3557568102" visible="true" version="1" changeset="31577387" timestamp="2015-05-30T05:52:02Z" user="Narsimulu" uid="2949621" lat="28.6482656" lon="77.1117143"/>
 <node id="3557568103" visible="true" version="1" changeset="31577387" timestamp="2015-05-30T05:52:02Z" user="Narsimulu" uid="2949621" lat="28.6482663" lon="77.1118922"/>
 <node id="3557568107" visible="true" version="1" changeset="31577387" timestamp="2015-05-30T05:52:02Z" user="Narsimulu" uid="2949621" lat="28.6482686" lon="77.1135325"/>
 <node id="3557568108" visible="true" version="1" changeset="31577387" timestamp="2015-05-30T05:52:02Z" user="Narsimulu" uid="2949621" lat="28.6482702" lon="77.1112064"/>
 <node id="3557568110" visible="true" version="1" changeset="31577387" timestamp="2015-05-30T05:52:02Z" user="Narsimulu" uid="2949621" lat="28.6482735" lon="77.1114783"/>
 <node id="3557568117" visible="true" version="1" changeset="31577387" timestamp="2015-05-30T05:52:02Z" user="Narsimulu" uid="2949621" lat="28.6482804" lon="77.1113981"/>
 <node id="3557568118" visible="true" version="1" changeset="31577387" timestamp="2015-05-30T05:52:02Z" user="Narsimulu" uid="2949621" lat="28.6482823" lon="77.1136839"/>
 <node id="3557568119" visible="true" version="1" changeset="31577387" timestamp="2015-05-30T05:52:02Z" user="Narsimulu" uid="2949621" lat="28.6482824" lon="77.1133598"/>
 <node id="3557568120" visible="true" version="1" changeset="31577387" timestamp="2015-05-30T05:52:02Z" user="Narsimulu" uid="2949621" lat="28.6482827" lon="77.1116805"/>
 <node id="3557568121" visible="true" version="1" changeset="31577387" timestamp="2015-05-30T05:52:02Z" user="Narsimulu" uid="2949621" lat="28.6482834" lon="77.1133270"/>
 <node id="3557568122" visible="true" version="1" changeset="31577387" timestamp="2015-05-30T05:52:02Z" user="Narsimulu" uid="2949621" lat="28.6482848" lon="77.1137979"/>
 <node id="3557568123" visible="true" version="1" changeset="31577387" timestamp="2015-05-30T05:52:02Z" user="Narsimulu" uid="2949621" lat="28.6482868" lon="77.1114701"/>
 <node id="3557568126" visible="true" version="1" changeset="31577387" timestamp="2015-05-30T05:52:02Z" user="Narsimulu" uid="2949621" lat="28.6482888" lon="77.1136779"/>
 <node id="3557568128" visible="true" version="1" changeset="31577387" timestamp="2015-05-30T05:52:02Z" user="Narsimulu" uid="2949621" lat="28.6482902" lon="77.1137945"/>
 <node id="3557568129" visible="true" version="1" changeset="31577387" timestamp="2015-05-30T05:52:02Z" user="Narsimulu" uid="2949621" lat="28.6482920" lon="77.1112033"/>
 <node id="3557568130" visible="true" version="1" changeset="31577387" timestamp="2015-05-30T05:52:02Z" user="Narsimulu" uid="2949621" lat="28.6482923" lon="77.1113913"/>
 <node id="3557568133" visible="true" version="1" changeset="31577387" timestamp="2015-05-30T05:52:02Z" user="Narsimulu" uid="2949621" lat="28.6482949" lon="77.1111838"/>
 <node id="3557568134" visible="true" version="1" changeset="31577387" timestamp="2015-05-30T05:52:02Z" user="Narsimulu" uid="2949621" lat="28.6482974" lon="77.1116660"/>
 <node id="3557568137" visible="true" version="1" changeset="31577387" timestamp="2015-05-30T05:52:02Z" user="Narsimulu" uid="2949621" lat="28.6483032" lon="77.1116883"/>
 <node id="3557568139" visible="true" version="1" changeset="31577387" timestamp="2015-05-30T05:52:02Z" user="Narsimulu" uid="2949621" lat="28.6483072" lon="77.1111925"/>
 <node id="3557568140" visible="true" version="1" changeset="31577387" timestamp="2015-05-30T05:52:02Z" user="Narsimulu" uid="2949621" lat="28.6483096" lon="77.1135013"/>
 <node id="3557568141" visible="true" version="1" changeset="31577387" timestamp="2015-05-30T05:52:02Z" user="Narsimulu" uid="2949621" lat="28.6483110" lon="77.1116869"/>
 <node id="3557568143" visible="true" version="1" changeset="31577387" timestamp="2015-05-30T05:52:02Z" user="Narsimulu" uid="2949621" lat="28.6483122" lon="77.1134975"/>
 <node id="3557568145" visible="true" version="1" changeset="31577387" timestamp="2015-05-30T05:52:02Z" user="Narsimulu" uid="2949621" lat="28.6483131" lon="77.1114489"/>
 <node id="3557568147" visible="true" version="1" changeset="31577387" timestamp="2015-05-30T05:52:02Z" user="Narsimulu" uid="2949621" lat="28.6483147" lon="77.1139378"/>
 <node id="3557568153" visible="true" version="1" changeset="31577387" timestamp="2015-05-30T05:52:02Z" user="Narsimulu" uid="2949621" lat="28.6483244" lon="77.1114434"/>
 <node id="3557568154" visible="true" version="1" changeset="31577387" timestamp="2015-05-30T05:52:02Z" user="Narsimulu" uid="2949621" lat="28.6483245" lon="77.1132958"/>
 <node id="3557568160" visible="true" version="1" changeset="31577387" timestamp="2015-05-30T05:52:03Z" user="Narsimulu" uid="2949621" lat="28.6483299" lon="77.1136467"/>
 <node id="3557568162" visible="true" version="1" changeset="31577387" timestamp="2015-05-30T05:52:03Z" user="Narsimulu" uid="2949621" lat="28.6483330" lon="77.1132852"/>
 <node id="3557568163" visible="true" version="1" changeset="31577387" timestamp="2015-05-30T05:52:03Z" user="Narsimulu" uid="2949621" lat="28.6483344" lon="77.1136451"/>
 <node id="3557568164" visible="true" version="1" changeset="31577387" timestamp="2015-05-30T05:52:03Z" user="Narsimulu" uid="2949621" lat="28.6483380" lon="77.1134452"/>
 <node id="3557568166" visible="true" version="1" changeset="31577387" timestamp="2015-05-30T05:52:03Z" user="Narsimulu" uid="2949621" lat="28.6483389" lon="77.1118523"/>
 <node id="3557568170" visible="true" version="2" changeset="32093808" timestamp="2015-06-20T09:53:29Z" user="Narsimulu" uid="2949621" lat="28.6483235" lon="77.1111072"/>
 <node id="3557568171" visible="true" version="1" changeset="31577387" timestamp="2015-05-30T05:52:03Z" user="Narsimulu" uid="2949621" lat="28.6483438" lon="77.1135461"/>
 <node id="3557568174" visible="true" version="1" changeset="31577387" timestamp="2015-05-30T05:52:03Z" user="Narsimulu" uid="2949621" lat="28.6483459" lon="77.1116601"/>
 <node id="3557568175" visible="true" version="1" changeset="31577387" timestamp="2015-05-30T05:52:03Z" user="Narsimulu" uid="2949621" lat="28.6483493" lon="77.1134396"/>
 <node id="3557568176" visible="true" version="1" changeset="31577387" timestamp="2015-05-30T05:52:03Z" user="Narsimulu" uid="2949621" lat="28.6483503" lon="77.1138972"/>
 <node id="3557568177" visible="true" version="1" changeset="31577387" timestamp="2015-05-30T05:52:03Z" user="Narsimulu" uid="2949621" lat="28.6483506" lon="77.1139105"/>
 <node id="3557568180" visible="true" version="1" changeset="31577387" timestamp="2015-05-30T05:52:03Z" user="Narsimulu" uid="2949621" lat="28.6483524" lon="77.1116565"/>
 <node id="3557568181" visible="true" version="1" changeset="31577387" timestamp="2015-05-30T05:52:03Z" user="Narsimulu" uid="2949621" lat="28.6483532" lon="77.1134663"/>
 <node id="3557568182" visible="true" version="2" changeset="32093808" timestamp="2015-06-20T09:53:29Z" user="Narsimulu" uid="2949621" lat="28.6483350" lon="77.1109041"/>
 <node id="3557568183" visible="true" version="1" changeset="31577387" timestamp="2015-05-30T05:52:03Z" user="Narsimulu" uid="2949621" lat="28.6483558" lon="77.1114184"/>
 <node id="3557568184" visible="true" version="1" changeset="31577387" timestamp="2015-05-30T05:52:03Z" user="Narsimulu" uid="2949621" lat="28.6483569" lon="77.1116208"/>
 <node id="3557568186" visible="true" version="1" changeset="31577387" timestamp="2015-05-30T05:52:03Z" user="Narsimulu" uid="2949621" lat="28.6483582" lon="77.1115852"/>
 <node id="3557568190" visible="true" version="1" changeset="31577387" timestamp="2015-05-30T05:52:03Z" user="Narsimulu" uid="2949621" lat="28.6483617" lon="77.1111542"/>
 <node id="3557568193" visible="true" version="1" changeset="31577387" timestamp="2015-05-30T05:52:03Z" user="Narsimulu" uid="2949621" lat="28.6483647" lon="77.1134580"/>
 <node id="3557568196" visible="true" version="1" changeset="31577387" timestamp="2015-05-30T05:52:03Z" user="Narsimulu" uid="2949621" lat="28.6483677" lon="77.1114128"/>
 <node id="3557568197" visible="true" version="1" changeset="31577387" timestamp="2015-05-30T05:52:03Z" user="Narsimulu" uid="2949621" lat="28.6483686" lon="77.1113326"/>
 <node id="3557568199" visible="true" version="1" changeset="31577387" timestamp="2015-05-30T05:52:03Z" user="Narsimulu" uid="2949621" lat="28.6483740" lon="77.1132540"/>
 <node id="3557568200" visible="true" version="2" changeset="32093808" timestamp="2015-06-20T09:53:29Z" user="Narsimulu" uid="2949621" lat="28.6483549" lon="77.1108793"/>
 <node id="3557568201" visible="true" version="1" changeset="31577387" timestamp="2015-05-30T05:52:03Z" user="Narsimulu" uid="2949621" lat="28.6483755" lon="77.1113185"/>
 <node id="3557568202" visible="true" version="1" changeset="31577387" timestamp="2015-05-30T05:52:03Z" user="Narsimulu" uid="2949621" lat="28.6483755" lon="77.1136139"/>
 <node id="3557568203" visible="true" version="1" changeset="31577387" timestamp="2015-05-30T05:52:03Z" user="Narsimulu" uid="2949621" lat="28.6483766" lon="77.1111417"/>
 <node id="3557568204" visible="true" version="1" changeset="31577387" timestamp="2015-05-30T05:52:03Z" user="Narsimulu" uid="2949621" lat="28.6483766" lon="77.1118263"/>
 <node id="3557568206" visible="true" version="1" changeset="31577387" timestamp="2015-05-30T05:52:03Z" user="Narsimulu" uid="2949621" lat="28.6483780" lon="77.1136101"/>
 <node id="3557568207" visible="true" version="1" changeset="31577387" timestamp="2015-05-30T05:52:03Z" user="Narsimulu" uid="2949621" lat="28.6483780" lon="77.1137278"/>
 <node id="3557568211" visible="true" version="1" changeset="31577387" timestamp="2015-05-30T05:52:03Z" user="Narsimulu" uid="2949621" lat="28.6483845" lon="77.1115641"/>
 <node id="3557568212" visible="true" version="1" changeset="31577387" timestamp="2015-05-30T05:52:03Z" user="Narsimulu" uid="2949621" lat="28.6483846" lon="77.1137170"/>
 <node id="3557568213" visible="true" version="1" changeset="31577387" timestamp="2015-05-30T05:52:03Z" user="Narsimulu" uid="2949621" lat="28.6483853" lon="77.1118123"/>
 <node id="3557568218" visible="true" version="1" changeset="31577387" timestamp="2015-05-30T05:52:03Z" user="Narsimulu" uid="2949621" lat="28.6483888" lon="77.1115484"/>
 <node id="3557568219" visible="true" version="1" changeset="31577387" timestamp="2015-05-30T05:52:03Z" user="Narsimulu" uid="2949621" lat="28.6483903" lon="77.1134084"/>
 <node id="3557568222" visible="true" version="1" changeset="31577387" timestamp="2015-05-30T05:52:03Z" user="Narsimulu" uid="2949621" lat="28.6483973" lon="77.1135122"/>
 <node id="3557568223" visible="true" version="1" changeset="31577387" timestamp="2015-05-30T05:52:03Z" user="Narsimulu" uid="2949621" lat="28.6483989" lon="77.1133978"/>
 <node id="3557568225" visible="true" version="2" changeset="146056988" timestamp="2024-01-09T08:41:24Z" user="tusharvalvi" uid="16531141" lat="28.6483763" lon="77.1105565"/>
 <node id="3557568226" visible="true" version="1" changeset="31577387" timestamp="2015-05-30T05:52:03Z" user="Narsimulu" uid="2949621" lat="28.6484057" lon="77.1134268"/>
 <node id="3557568233" visible="true" version="1" changeset="31577387" timestamp="2015-05-30T05:52:03Z" user="Narsimulu" uid="2949621" lat="28.6484117" lon="77.1134148"/>
 <node id="3557568235" visible="true" version="2" changeset="32093808" timestamp="2015-06-20T09:53:29Z" user="Narsimulu" uid="2949621" lat="28.6483975" lon="77.1108409"/>
 <node id="3557568236" visible="true" version="1" changeset="31577387" timestamp="2015-05-30T05:52:03Z" user="Narsimulu" uid="2949621" lat="28.6484182" lon="77.1116036"/>
 <node id="3557568238" visible="true" version="1" changeset="31577387" timestamp="2015-05-30T05:52:04Z" user="Narsimulu" uid="2949621" lat="28.6484189" lon="77.1115015"/>
 <node id="3557568239" visible="true" version="1" changeset="31577387" timestamp="2015-05-30T05:52:04Z" user="Narsimulu" uid="2949621" lat="28.6484191" lon="77.1135789"/>
 <node id="3557568240" visible="true" version="1" changeset="31577387" timestamp="2015-05-30T05:52:04Z" user="Narsimulu" uid="2949621" lat="28.6484202" lon="77.1115234"/>
 <node id="3557568241" visible="true" version="1" changeset="31577387" timestamp="2015-05-30T05:52:04Z" user="Narsimulu" uid="2949621" lat="28.6484202" lon="77.1117854"/>
 <node id="3557568243" visible="true" version="1" changeset="31577387" timestamp="2015-05-30T05:52:04Z" user="Narsimulu" uid="2949621" lat="28.6484205" lon="77.1136898"/>
 <node id="3557568245" visible="true" version="1" changeset="31577387" timestamp="2015-05-30T05:52:04Z" user="Narsimulu" uid="2949621" lat="28.6484233" lon="77.1115969"/>
 <node id="3557568249" visible="true" version="2" changeset="32093808" timestamp="2015-06-20T09:53:29Z" user="Narsimulu" uid="2949621" lat="28.6484074" lon="77.1108319"/>
 <node id="3557568251" visible="true" version="1" changeset="31577387" timestamp="2015-05-30T05:52:04Z" user="Narsimulu" uid="2949621" lat="28.6484277" lon="77.1117780"/>
 <node id="3557568252" visible="true" version="1" changeset="31577387" timestamp="2015-05-30T05:52:04Z" user="Narsimulu" uid="2949621" lat="28.6484300" lon="77.1112801"/>
 <node id="3557568253" visible="true" version="1" changeset="31577387" timestamp="2015-05-30T05:52:04Z" user="Narsimulu" uid="2949621" lat="28.6484306" lon="77.1135706"/>
 <node id="3557568254" visible="true" version="1" changeset="31577387" timestamp="2015-05-30T05:52:04Z" user="Narsimulu" uid="2949621" lat="28.6484312" lon="77.1136809"/>
 <node id="3557568257" visible="true" version="2" changeset="32093808" timestamp="2015-06-20T09:53:29Z" user="Narsimulu" uid="2949621" lat="28.6484153" lon="77.1110329"/>
 <node id="3557568259" visible="true" version="1" changeset="31577387" timestamp="2015-05-30T05:52:04Z" user="Narsimulu" uid="2949621" lat="28.6484370" lon="77.1110966"/>
 <node id="3557568260" visible="true" version="1" changeset="31577387" timestamp="2015-05-30T05:52:04Z" user="Narsimulu" uid="2949621" lat="28.6484381" lon="77.1138305"/>
 <node id="3557568263" visible="true" version="1" changeset="31577387" timestamp="2015-05-30T05:52:04Z" user="Narsimulu" uid="2949621" lat="28.6484399" lon="77.1133666"/>
 <node id="3557568264" visible="true" version="1" changeset="31577387" timestamp="2015-05-30T05:52:04Z" user="Narsimulu" uid="2949621" lat="28.6484416" lon="77.1114883"/>
 <node id="3557568267" visible="true" version="1" changeset="31577387" timestamp="2015-05-30T05:52:04Z" user="Narsimulu" uid="2949621" lat="28.6484505" lon="77.1138296"/>
 <node id="3557568268" visible="true" version="1" changeset="31577387" timestamp="2015-05-30T05:52:04Z" user="Narsimulu" uid="2949621" lat="28.6484514" lon="77.1112717"/>
 <node id="3557568270" visible="true" version="1" changeset="31577387" timestamp="2015-05-30T05:52:04Z" user="Narsimulu" uid="2949621" lat="28.6484527" lon="77.1133836"/>
 <node id="3557568273" visible="true" version="1" changeset="31577387" timestamp="2015-05-30T05:52:04Z" user="Narsimulu" uid="2949621" lat="28.6484569" lon="77.1115686"/>
 <node id="3557568277" visible="true" version="2" changeset="32093808" timestamp="2015-06-20T09:53:29Z" user="Narsimulu" uid="2949621" lat="28.6484424" lon="77.1110054"/>
 <node id="3557568278" visible="true" version="1" changeset="31577387" timestamp="2015-05-30T05:52:04Z" user="Narsimulu" uid="2949621" lat="28.6484671" lon="77.1136536"/>
 <node id="3557568279" visible="true" version="1" changeset="31577387" timestamp="2015-05-30T05:52:04Z" user="Narsimulu" uid="2949621" lat="28.6484692" lon="77.1132303"/>
 <node id="3557568280" visible="true" version="2" changeset="146056988" timestamp="2024-01-09T08:41:24Z" user="tusharvalvi" uid="16531141" lat="28.6484436" lon="77.1106675"/>
 <node id="3557568281" visible="true" version="2" changeset="146056988" timestamp="2024-01-09T08:41:24Z" user="tusharvalvi" uid="16531141" lat="28.6484473" lon="77.1110710"/>
 <node id="3557568282" visible="true" version="1" changeset="31577387" timestamp="2015-05-30T05:52:04Z" user="Narsimulu" uid="2949621" lat="28.6484716" lon="77.1135394"/>
 <node id="3557568283" visible="true" version="1" changeset="31577387" timestamp="2015-05-30T05:52:04Z" user="Narsimulu" uid="2949621" lat="28.6484717" lon="77.1136494"/>
 <node id="3557568287" visible="true" version="1" changeset="31577387" timestamp="2015-05-30T05:52:04Z" user="Narsimulu" uid="2949621" lat="28.6484775" lon="77.1135274"/>
 <node id="3557568288" visible="true" version="1" changeset="31577387" timestamp="2015-05-30T05:52:04Z" user="Narsimulu" uid="2949621" lat="28.6484806" lon="77.1113281"/>
 <node id="3557568291" visible="true" version="2" changeset="146056988" timestamp="2024-01-09T08:41:24Z" user="tusharvalvi" uid="16531141" lat="28.6484576" lon="77.1106818"/>
 <node id="3557568292" visible="true" version="1" changeset="31577387" timestamp="2015-05-30T05:52:05Z" user="Narsimulu" uid="2949621" lat="28.6484864" lon="77.1138024"/>
 <node id="3557568295" visible="true" version="2" changeset="32093808" timestamp="2015-06-20T09:53:29Z" user="Narsimulu" uid="2949621" lat="28.6484688" lon="77.1107810"/>
 <node id="3557568297" visible="true" version="1" changeset="31577387" timestamp="2015-05-30T05:52:05Z" user="Narsimulu" uid="2949621" lat="28.6484925" lon="77.1115754"/>
 <node id="3557568299" visible="true" version="1" changeset="31577387" timestamp="2015-05-30T05:52:05Z" user="Narsimulu" uid="2949621" lat="28.6484929" lon="77.1117040"/>
 <node id="3557568300" visible="true" version="1" changeset="31577387" timestamp="2015-05-30T05:52:05Z" user="Narsimulu" uid="2949621" lat="28.6484934" lon="77.1117251"/>
 <node id="3557568303" visible="true" version="1" changeset="31577387" timestamp="2015-05-30T05:52:05Z" user="Narsimulu" uid="2949621" lat="28.6484952" lon="77.1115842"/>
 <node id="3557568306" visible="true" version="1" changeset="31577387" timestamp="2015-05-30T05:52:05Z" user="Narsimulu" uid="2949621" lat="28.6484971" lon="77.1137935"/>
 <node id="3557568308" visible="true" version="1" changeset="31577387" timestamp="2015-05-30T05:52:05Z" user="Narsimulu" uid="2949621" lat="28.6485033" lon="77.1137977"/>
 <node id="3557568309" visible="true" version="2" changeset="32093808" timestamp="2015-06-20T09:53:29Z" user="Narsimulu" uid="2949621" lat="28.6484850" lon="77.1109671"/>
 <node id="3557568311" visible="true" version="1" changeset="31577387" timestamp="2015-05-30T05:52:05Z" user="Narsimulu" uid="2949621" lat="28.6485076" lon="77.1136221"/>
 <node id="3557568312" visible="true" version="1" changeset="31577387" timestamp="2015-05-30T05:52:05Z" user="Narsimulu" uid="2949621" lat="28.6485101" lon="77.1132996"/>
 <node id="3557568313" visible="true" version="1" changeset="31577387" timestamp="2015-05-30T05:52:05Z" user="Narsimulu" uid="2949621" lat="28.6485118" lon="77.1112266"/>
 <node id="3557568314" visible="true" version="2" changeset="32093808" timestamp="2015-06-20T09:53:29Z" user="Narsimulu" uid="2949621" lat="28.6484927" lon="77.1109658"/>
 <node id="3557568315" visible="true" version="2" changeset="146056988" timestamp="2024-01-09T08:41:24Z" user="tusharvalvi" uid="16531141" lat="28.6484867" lon="77.1104696"/>
 <node id="3557568316" visible="true" version="1" changeset="31577387" timestamp="2015-05-30T05:52:05Z" user="Narsimulu" uid="2949621" lat="28.6485161" lon="77.1133109"/>
 <node id="3557568320" visible="true" version="1" changeset="31577387" timestamp="2015-05-30T05:52:05Z" user="Narsimulu" uid="2949621" lat="28.6485186" lon="77.1134962"/>
 <node id="3557568324" visible="true" version="1" changeset="31577387" timestamp="2015-05-30T05:52:05Z" user="Narsimulu" uid="2949621" lat="28.6485224" lon="77.1113032"/>
 <node id="3557568325" visible="true" version="2" changeset="146056988" timestamp="2024-01-09T08:41:24Z" user="tusharvalvi" uid="16531141" lat="28.6484955" lon="77.1107555"/>
 <node id="3557568326" visible="true" version="2" changeset="146056988" timestamp="2024-01-09T08:41:24Z" user="tusharvalvi" uid="16531141" lat="28.6484975" lon="77.1107718"/>
 <node id="3557568328" visible="true" version="1" changeset="31577387" timestamp="2015-05-30T05:52:05Z" user="Narsimulu" uid="2949621" lat="28.6485265" lon="77.1116757"/>
 <node id="3557568330" visible="true" version="1" changeset="31577387" timestamp="2015-05-30T05:52:05Z" user="Narsimulu" uid="2949621" lat="28.6485319" lon="77.1114168"/>
 <node id="3557568332" visible="true" version="1" changeset="31577387" timestamp="2015-05-30T05:52:05Z" user="Narsimulu" uid="2949621" lat="28.6485330" lon="77.1137662"/>
 <node id="3557568333" visible="true" version="1" changeset="31577387" timestamp="2015-05-30T05:52:05Z" user="Narsimulu" uid="2949621" lat="28.6485338" lon="77.1114183"/>
 <node id="3557568335" visible="true" version="1" changeset="31577387" timestamp="2015-05-30T05:52:05Z" user="Narsimulu" uid="2949621" lat="28.6485376" lon="77.1137620"/>
 <node id="3557568336" visible="true" version="1" changeset="31577387" timestamp="2015-05-30T05:52:05Z" user="Narsimulu" uid="2949621" lat="28.6485392" lon="77.1137704"/>
 <node id="3557568337" visible="true" version="1" changeset="31577387" timestamp="2015-05-30T05:52:05Z" user="Narsimulu" uid="2949621" lat="28.6485401" lon="77.1116725"/>
 <node id="3557568338" visible="true" version="1" changeset="31577387" timestamp="2015-05-30T05:52:05Z" user="Narsimulu" uid="2949621" lat="28.6485426" lon="77.1137642"/>
 <node id="3557568340" visible="true" version="2" changeset="146056988" timestamp="2024-01-09T08:41:24Z" user="tusharvalvi" uid="16531141" lat="28.6485216" lon="77.1111986"/>
 <node id="3557568342" visible="true" version="2" changeset="146056988" timestamp="2024-01-09T08:41:24Z" user="tusharvalvi" uid="16531141" lat="28.6485236" lon="77.1110133"/>
 <node id="3557568343" visible="true" version="1" changeset="31577387" timestamp="2015-05-30T05:52:05Z" user="Narsimulu" uid="2949621" lat="28.6485537" lon="77.1133788"/>
 <node id="3557568344" visible="true" version="2" changeset="146056988" timestamp="2024-01-09T08:41:24Z" user="tusharvalvi" uid="16531141" lat="28.6485314" lon="77.1110063"/>
 <node id="3557568351" visible="true" version="2" changeset="146056988" timestamp="2024-01-09T08:41:24Z" user="tusharvalvi" uid="16531141" lat="28.6485389" lon="77.1108463"/>
 <node id="3557568352" visible="true" version="1" changeset="31577387" timestamp="2015-05-30T05:52:05Z" user="Narsimulu" uid="2949621" lat="28.6485673" lon="77.1133780"/>
 <node id="3557568354" visible="true" version="1" changeset="31577387" timestamp="2015-05-30T05:52:05Z" user="Narsimulu" uid="2949621" lat="28.6485692" lon="77.1139103"/>
 <node id="3557568356" visible="true" version="1" changeset="31577387" timestamp="2015-05-30T05:52:05Z" user="Narsimulu" uid="2949621" lat="28.6485735" lon="77.1137347"/>
 <node id="3557568357" visible="true" version="2" changeset="32093808" timestamp="2015-06-20T09:53:29Z" user="Narsimulu" uid="2949621" lat="28.6485542" lon="77.1109150"/>
 <node id="3557568359" visible="true" version="1" changeset="31577387" timestamp="2015-05-30T05:52:05Z" user="Narsimulu" uid="2949621" lat="28.6485764" lon="77.1131480"/>
 <node id="3557568361" visible="true" version="1" changeset="31577387" timestamp="2015-05-30T05:52:06Z" user="Narsimulu" uid="2949621" lat="28.6485785" lon="77.1137369"/>
 <node id="3557568364" visible="true" version="2" changeset="146056988" timestamp="2024-01-09T08:41:24Z" user="tusharvalvi" uid="16531141" lat="28.6485540" lon="77.1105806"/>
 <node id="3557568365" visible="true" version="1" changeset="31577387" timestamp="2015-05-30T05:52:06Z" user="Narsimulu" uid="2949621" lat="28.6485847" lon="77.1115054"/>
 <node id="3557568368" visible="true" version="2" changeset="146056988" timestamp="2024-01-09T08:41:24Z" user="tusharvalvi" uid="16531141" lat="28.6485632" lon="77.1108429"/>
 <node id="3557568370" visible="true" version="1" changeset="31577387" timestamp="2015-05-30T05:52:06Z" user="Narsimulu" uid="2949621" lat="28.6485975" lon="77.1131237"/>
 <node id="3557568372" visible="true" version="2" changeset="146056988" timestamp="2024-01-09T08:41:24Z" user="tusharvalvi" uid="16531141" lat="28.6485751" lon="77.1109737"/>
 <node id="3557568374" visible="true" version="1" changeset="31577387" timestamp="2015-05-30T05:52:06Z" user="Narsimulu" uid="2949621" lat="28.6486051" lon="77.1138830"/>
 <node id="3557568377" visible="true" version="2" changeset="146056988" timestamp="2024-01-09T08:41:24Z" user="tusharvalvi" uid="16531141" lat="28.6485796" lon="77.1106004"/>
 <node id="3557568378" visible="true" version="1" changeset="31577387" timestamp="2015-05-30T05:52:06Z" user="Narsimulu" uid="2949621" lat="28.6486082" lon="77.1115097"/>
 <node id="3557568379" visible="true" version="1" changeset="31577387" timestamp="2015-05-30T05:52:06Z" user="Narsimulu" uid="2949621" lat="28.6486084" lon="77.1138767"/>
 <node id="3557568381" visible="true" version="1" changeset="31577387" timestamp="2015-05-30T05:52:06Z" user="Narsimulu" uid="2949621" lat="28.6486157" lon="77.1134705"/>
 <node id="3557568383" visible="true" version="1" changeset="31577387" timestamp="2015-05-30T05:52:06Z" user="Narsimulu" uid="2949621" lat="28.6486174" lon="77.1132173"/>
 <node id="3557568386" visible="true" version="2" changeset="146056988" timestamp="2024-01-09T08:41:24Z" user="tusharvalvi" uid="16531141" lat="28.6485979" lon="77.1111409"/>
 <node id="3557568387" visible="true" version="2" changeset="146056988" timestamp="2024-01-09T08:41:24Z" user="tusharvalvi" uid="16531141" lat="28.6486028" lon="77.1111306"/>
 <node id="3557568390" visible="true" version="1" changeset="31577387" timestamp="2015-05-30T05:52:06Z" user="Narsimulu" uid="2949621" lat="28.6486318" lon="77.1132279"/>
 <node id="3557568393" visible="true" version="1" changeset="31577387" timestamp="2015-05-30T05:52:06Z" user="Narsimulu" uid="2949621" lat="28.6486360" lon="77.1112073"/>
 <node id="3557568394" visible="true" version="2" changeset="146056988" timestamp="2024-01-09T08:41:24Z" user="tusharvalvi" uid="16531141" lat="28.6486085" lon="77.1109366"/>
 <node id="3557568395" visible="true" version="1" changeset="31577387" timestamp="2015-05-30T05:52:06Z" user="Narsimulu" uid="2949621" lat="28.6486395" lon="77.1134834"/>
 <node id="3557568396" visible="true" version="2" changeset="146056988" timestamp="2024-01-09T08:41:24Z" user="tusharvalvi" uid="16531141" lat="28.6486118" lon="77.1109238"/>
 <node id="3557568397" visible="true" version="2" changeset="146056988" timestamp="2024-01-09T08:41:24Z" user="tusharvalvi" uid="16531141" lat="28.6486124" lon="77.1106283"/>
 <node id="3557568399" visible="true" version="1" changeset="31577387" timestamp="2015-05-30T05:52:06Z" user="Narsimulu" uid="2949621" lat="28.6486443" lon="77.1138495"/>
 <node id="3557568400" visible="true" version="2" changeset="146056988" timestamp="2024-01-09T08:41:24Z" user="tusharvalvi" uid="16531141" lat="28.6486174" lon="77.1106740"/>
 <node id="3557568401" visible="true" version="1" changeset="31577387" timestamp="2015-05-30T05:52:06Z" user="Narsimulu" uid="2949621" lat="28.6486499" lon="77.1132082"/>
 <node id="3557568402" visible="true" version="1" changeset="31577387" timestamp="2015-05-30T05:52:06Z" user="Narsimulu" uid="2949621" lat="28.6486531" lon="77.1115980"/>
 <node id="3557568404" visible="true" version="2" changeset="146056988" timestamp="2024-01-09T08:41:24Z" user="tusharvalvi" uid="16531141" lat="28.6486292" lon="77.1106768"/>
 <node id="3557568405" visible="true" version="1" changeset="31577387" timestamp="2015-05-30T05:52:06Z" user="Narsimulu" uid="2949621" lat="28.6486607" lon="77.1111945"/>
 <node id="3557568406" visible="true" version="2" changeset="146056988" timestamp="2024-01-09T08:41:24Z" user="tusharvalvi" uid="16531141" lat="28.6486376" lon="77.1106709"/>
 <node id="3557568408" visible="true" version="1" changeset="31577387" timestamp="2015-05-30T05:52:06Z" user="Narsimulu" uid="2949621" lat="28.6486663" lon="77.1132155"/>
 <node id="3557568409" visible="true" version="1" changeset="31577387" timestamp="2015-05-30T05:52:06Z" user="Narsimulu" uid="2949621" lat="28.6486693" lon="77.1132957"/>
 <node id="3557568410" visible="true" version="1" changeset="31577387" timestamp="2015-05-30T05:52:06Z" user="Narsimulu" uid="2949621" lat="28.6486696" lon="77.1133085"/>
 <node id="3557568411" visible="true" version="2" changeset="146056988" timestamp="2024-01-09T08:41:24Z" user="tusharvalvi" uid="16531141" lat="28.6486465" lon="77.1110980"/>
 <node id="3557568415" visible="true" version="2" changeset="146056988" timestamp="2024-01-09T08:41:24Z" user="tusharvalvi" uid="16531141" lat="28.6486494" lon="77.1106773"/>
 <node id="3557568417" visible="true" version="2" changeset="146056988" timestamp="2024-01-09T08:41:24Z" user="tusharvalvi" uid="16531141" lat="28.6486538" lon="77.1110220"/>
 <node id="3557568419" visible="true" version="2" changeset="146056988" timestamp="2024-01-09T08:41:24Z" user="tusharvalvi" uid="16531141" lat="28.6486607" lon="77.1110257"/>
 <node id="3557568420" visible="true" version="1" changeset="31577387" timestamp="2015-05-30T05:52:06Z" user="Narsimulu" uid="2949621" lat="28.6486887" lon="77.1130503"/>
 <node id="3557568425" visible="true" version="1" changeset="31577387" timestamp="2015-05-30T05:52:06Z" user="Narsimulu" uid="2949621" lat="28.6486986" lon="77.1115742"/>
 <node id="3557568426" visible="true" version="2" changeset="146056988" timestamp="2024-01-09T08:41:24Z" user="tusharvalvi" uid="16531141" lat="28.6486707" lon="77.1107513"/>
 <node id="3557568428" visible="true" version="1" changeset="31577387" timestamp="2015-05-30T05:52:06Z" user="Narsimulu" uid="2949621" lat="28.6487018" lon="77.1111626"/>
 <node id="3557568429" visible="true" version="1" changeset="31577387" timestamp="2015-05-30T05:52:06Z" user="Narsimulu" uid="2949621" lat="28.6487035" lon="77.1136088"/>
 <node id="3557568431" visible="true" version="2" changeset="146056988" timestamp="2024-01-09T08:41:24Z" user="tusharvalvi" uid="16531141" lat="28.6486788" lon="77.1107527"/>
 <node id="3557568432" visible="true" version="2" changeset="146056988" timestamp="2024-01-09T08:41:24Z" user="tusharvalvi" uid="16531141" lat="28.6486798" lon="77.1107254"/>
 <node id="3557568433" visible="true" version="2" changeset="146056988" timestamp="2024-01-09T08:41:24Z" user="tusharvalvi" uid="16531141" lat="28.6486810" lon="77.1107541"/>
 <node id="3557568435" visible="true" version="2" changeset="146056988" timestamp="2024-01-09T08:41:24Z" user="tusharvalvi" uid="16531141" lat="28.6486868" lon="77.1110739"/>
 <node id="3557568437" visible="true" version="1" changeset="31577387" timestamp="2015-05-30T05:52:07Z" user="Narsimulu" uid="2949621" lat="28.6487180" lon="77.1134010"/>
 <node id="3557568438" visible="true" version="1" changeset="31577387" timestamp="2015-05-30T05:52:07Z" user="Narsimulu" uid="2949621" lat="28.6487184" lon="77.1111486"/>
 <node id="3557568440" visible="true" version="1" changeset="31577387" timestamp="2015-05-30T05:52:07Z" user="Narsimulu" uid="2949621" lat="28.6487252" lon="77.1133274"/>
 <node id="3557568441" visible="true" version="1" changeset="31577387" timestamp="2015-05-30T05:52:07Z" user="Narsimulu" uid="2949621" lat="28.6487255" lon="77.1133125"/>
 <node id="3557568445" visible="true" version="1" changeset="31577387" timestamp="2015-05-30T05:52:07Z" user="Narsimulu" uid="2949621" lat="28.6487327" lon="77.1136336"/>
 <node id="3557568448" visible="true" version="1" changeset="31577387" timestamp="2015-05-30T05:52:07Z" user="Narsimulu" uid="2949621" lat="28.6487383" lon="77.1134179"/>
 <node id="3557568449" visible="true" version="1" changeset="31577387" timestamp="2015-05-30T05:52:07Z" user="Narsimulu" uid="2949621" lat="28.6487411" lon="77.1131348"/>
 <node id="3557568452" visible="true" version="1" changeset="31577387" timestamp="2015-05-30T05:52:07Z" user="Narsimulu" uid="2949621" lat="28.6487446" lon="77.1131534"/>
 <node id="3557568453" visible="true" version="2" changeset="146056988" timestamp="2024-01-09T08:41:24Z" user="tusharvalvi" uid="16531141" lat="28.6487175" lon="77.1108123"/>
 <node id="3557568454" visible="true" version="2" changeset="146056988" timestamp="2024-01-09T08:41:24Z" user="tusharvalvi" uid="16531141" lat="28.6487274" lon="77.1105402"/>
 <node id="3557568455" visible="true" version="2" changeset="146056988" timestamp="2024-01-09T08:41:24Z" user="tusharvalvi" uid="16531141" lat="28.6487274" lon="77.1108336"/>
 <node id="3557568457" visible="true" version="2" changeset="146056988" timestamp="2024-01-09T08:41:24Z" user="tusharvalvi" uid="16531141" lat="28.6487381" lon="77.1108472"/>
 <node id="3557568459" visible="true" version="2" changeset="146056988" timestamp="2024-01-09T08:41:24Z" user="tusharvalvi" uid="16531141" lat="28.6487525" lon="77.1105828"/>
 <node id="3557568461" visible="true" version="2" changeset="146056988" timestamp="2024-01-09T08:41:24Z" user="tusharvalvi" uid="16531141" lat="28.6487593" lon="77.1108507"/>
 <node id="3557568462" visible="true" version="2" changeset="146056988" timestamp="2024-01-09T08:41:24Z" user="tusharvalvi" uid="16531141" lat="28.6487594" lon="77.1105870"/>
 <node id="3557568463" visible="true" version="1" changeset="31577387" timestamp="2015-05-30T05:52:07Z" user="Narsimulu" uid="2949621" lat="28.6487887" lon="77.1112808"/>
 <node id="3557568464" visible="true" version="1" changeset="31577387" timestamp="2015-05-30T05:52:07Z" user="Narsimulu" uid="2949621" lat="28.6487887" lon="77.1137179"/>
 <node id="3557568469" visible="true" version="1" changeset="31577387" timestamp="2015-05-30T05:52:07Z" user="Narsimulu" uid="2949621" lat="28.6487981" lon="77.1134527"/>
 <node id="3557568470" visible="true" version="1" changeset="31577387" timestamp="2015-05-30T05:52:07Z" user="Narsimulu" uid="2949621" lat="28.6488023" lon="77.1135434"/>
 <node id="3557568471" visible="true" version="1" changeset="31577387" timestamp="2015-05-30T05:52:07Z" user="Narsimulu" uid="2949621" lat="28.6488038" lon="77.1132504"/>
 <node id="3557568472" visible="true" version="1" changeset="31577387" timestamp="2015-05-30T05:52:07Z" user="Narsimulu" uid="2949621" lat="28.6488085" lon="77.1112933"/>
 <node id="3557568474" visible="true" version="1" changeset="31577387" timestamp="2015-05-30T05:52:07Z" user="Narsimulu" uid="2949621" lat="28.6488110" lon="77.1110848"/>
 <node id="3557568475" visible="true" version="2" changeset="146056988" timestamp="2024-01-09T08:41:24Z" user="tusharvalvi" uid="16531141" lat="28.6487835" lon="77.1109326"/>
 <node id="3557568476" visible="true" version="1" changeset="31577387" timestamp="2015-05-30T05:52:07Z" user="Narsimulu" uid="2949621" lat="28.6488121" lon="77.1114783"/>
 <node id="3557568477" visible="true" version="1" changeset="31577387" timestamp="2015-05-30T05:52:07Z" user="Narsimulu" uid="2949621" lat="28.6488126" lon="77.1134713"/>
 <node id="3557568480" visible="true" version="2" changeset="146056988" timestamp="2024-01-09T08:41:24Z" user="tusharvalvi" uid="16531141" lat="28.6487868" lon="77.1109370"/>
 <node id="3557568481" visible="true" version="1" changeset="31577387" timestamp="2015-05-30T05:52:07Z" user="Narsimulu" uid="2949621" lat="28.6488161" lon="77.1135617"/>
 <node id="3557568482" visible="true" version="2" changeset="146056988" timestamp="2024-01-09T08:41:24Z" user="tusharvalvi" uid="16531141" lat="28.6487898" lon="77.1106350"/>
 <node id="3557568483" visible="true" version="1" changeset="31577387" timestamp="2015-05-30T05:52:07Z" user="Narsimulu" uid="2949621" lat="28.6488245" lon="77.1110801"/>
 <node id="3557568484" visible="true" version="1" changeset="31577387" timestamp="2015-05-30T05:52:07Z" user="Narsimulu" uid="2949621" lat="28.6488253" lon="77.1132518"/>
 <node id="3557568485" visible="true" version="1" changeset="31577387" timestamp="2015-05-30T05:52:07Z" user="Narsimulu" uid="2949621" lat="28.6488303" lon="77.1114788"/>
 <node id="3557568487" visible="true" version="2" changeset="146056988" timestamp="2024-01-09T08:41:24Z" user="tusharvalvi" uid="16531141" lat="28.6488059" lon="77.1106525"/>
 <node id="3557568489" visible="true" version="2" changeset="146056988" timestamp="2024-01-09T08:41:24Z" user="tusharvalvi" uid="16531141" lat="28.6488129" lon="77.1109853"/>
 <node id="3557568492" visible="true" version="2" changeset="146056988" timestamp="2024-01-09T08:41:24Z" user="tusharvalvi" uid="16531141" lat="28.6488170" lon="77.1109432"/>
 <node id="3557568495" visible="true" version="1" changeset="31577387" timestamp="2015-05-30T05:52:07Z" user="Narsimulu" uid="2949621" lat="28.6488691" lon="77.1135627"/>
 <node id="3557568496" visible="true" version="2" changeset="146056988" timestamp="2024-01-09T08:41:24Z" user="tusharvalvi" uid="16531141" lat="28.6488424" lon="77.1107107"/>
 <node id="3557568497" visible="true" version="1" changeset="31577387" timestamp="2015-05-30T05:52:07Z" user="Narsimulu" uid="2949621" lat="28.6488714" lon="77.1114469"/>
 <node id="3557568499" visible="true" version="1" changeset="31577387" timestamp="2015-05-30T05:52:07Z" user="Narsimulu" uid="2949621" lat="28.6488721" lon="77.1136460"/>
 <node id="3557568502" visible="true" version="1" changeset="31577387" timestamp="2015-05-30T05:52:07Z" user="Narsimulu" uid="2949621" lat="28.6488770" lon="77.1114214"/>
 <node id="3557568503" visible="true" version="1" changeset="31577387" timestamp="2015-05-30T05:52:07Z" user="Narsimulu" uid="2949621" lat="28.6488812" lon="77.1112169"/>
 <node id="3557568504" visible="true" version="1" changeset="31577387" timestamp="2015-05-30T05:52:07Z" user="Narsimulu" uid="2949621" lat="28.6488861" lon="77.1110347"/>
 <node id="3557568505" visible="true" version="1" changeset="31577387" timestamp="2015-05-30T05:52:07Z" user="Narsimulu" uid="2949621" lat="28.6488912" lon="77.1112358"/>
 <node id="3557568507" visible="true" version="2" changeset="146056988" timestamp="2024-01-09T08:41:24Z" user="tusharvalvi" uid="16531141" lat="28.6488659" lon="77.1107645"/>
 <node id="3557568509" visible="true" version="1" changeset="31577387" timestamp="2015-05-30T05:52:07Z" user="Narsimulu" uid="2949621" lat="28.6488982" lon="77.1133770"/>
 <node id="3557568510" visible="true" version="1" changeset="31577387" timestamp="2015-05-30T05:52:07Z" user="Narsimulu" uid="2949621" lat="28.6488984" lon="77.1112103"/>
 <node id="3557568511" visible="true" version="1" changeset="31577387" timestamp="2015-05-30T05:52:07Z" user="Narsimulu" uid="2949621" lat="28.6488992" lon="77.1134018"/>
 <node id="3557568522" visible="true" version="2" changeset="146056988" timestamp="2024-01-09T08:41:24Z" user="tusharvalvi" uid="16531141" lat="28.6489235" lon="77.1108570"/>
 <node id="3557568524" visible="true" version="1" changeset="31577387" timestamp="2015-05-30T05:52:08Z" user="Narsimulu" uid="2949621" lat="28.6489557" lon="77.1134933"/>
 <node id="3557568526" visible="true" version="1" changeset="31577387" timestamp="2015-05-30T05:52:08Z" user="Narsimulu" uid="2949621" lat="28.6489597" lon="77.1113639"/>
 <node id="3557568527" visible="true" version="1" changeset="31577387" timestamp="2015-05-30T05:52:08Z" user="Narsimulu" uid="2949621" lat="28.6489600" lon="77.1111648"/>
 <node id="6385280596" visible="true" version="3" changeset="146057421" timestamp="2024-01-09T08:53:56Z" user="tusharvalvi" uid="16531141" lat="28.6461824" lon="77.1107836"/>
 <node id="6385280597" visible="true" version="3" changeset="146057421" timestamp="2024-01-09T08:53:56Z" user="tusharvalvi" uid="16531141" lat="28.6466802" lon="77.1116186"/>
 <node id="6385280598" visible="true" version="1" changeset="68914941" timestamp="2019-04-05T10:03:36Z" user="Greeshmag" uid="6782523" lat="28.6475147" lon="77.1109686"/>
 <node id="6385280599" visible="true" version="1" changeset="68914941" timestamp="2019-04-05T10:03:36Z" user="Greeshmag" uid="6782523" lat="28.6471859" lon="77.1118447"/>
 <node id="6385280600" visible="true" version="1" changeset="68914941" timestamp="2019-04-05T10:03:36Z" user="Greeshmag" uid="6782523" lat="28.6480766" lon="77.1134106"/>
 <node id="6385280601" visible="true" version="1" changeset="68914941" timestamp="2019-04-05T10:03:36Z" user="Greeshmag" uid="6782523" lat="28.6475548" lon="77.1124891"/>
 <node id="6385280602" visible="true" version="2" changeset="146056988" timestamp="2024-01-09T08:41:24Z" user="tusharvalvi" uid="16531141" lat="28.6486686" lon="77.1129348"/>
 <node id="6385280603" visible="true" version="2" changeset="129984775" timestamp="2022-12-12T05:36:13Z" user="Pooja Koul" uid="16283053" lat="28.6472937" lon="77.1140447"/>
 <node id="6385280606" visible="true" version="2" changeset="137325810" timestamp="2023-06-14T12:21:16Z" user="adianand" uid="19438866" lat="28.6490328" lon="77.1135607"/>
 <node id="6385280608" visible="true" version="1" changeset="68914941" timestamp="2019-04-05T10:03:36Z" user="Greeshmag" uid="6782523" lat="28.6481484" lon="77.1120407"/>
 <node id="6385280609" visible="true" version="1" changeset="68914941" timestamp="2019-04-05T10:03:36Z" user="Greeshmag" uid="6782523" lat="28.6477679" lon="77.1113661"/>
 <node id="6385280610" visible="true" version="3" changeset="146057421" timestamp="2024-01-09T08:53:56Z" user="tusharvalvi" uid="16531141" lat="28.6469370" lon="77.1120493"/>
 <node id="6385280612" visible="true" version="3" changeset="146057421" timestamp="2024-01-09T08:53:56Z" user="tusharvalvi" uid="16531141" lat="28.6466518" lon="77.1115710"/>
 <node id="6385280613" visible="true" version="1" changeset="68914941" timestamp="2019-04-05T10:03:36Z" user="Greeshmag" uid="6782523" lat="28.6454213" lon="77.1124977"/>
 <node id="7247911166" visible="true" version="2" changeset="146056988" timestamp="2024-01-09T08:41:24Z" user="tusharvalvi" uid="16531141" lat="28.6487619" lon="77.1130951"/>
 <node id="7247911167" visible="true" version="3" changeset="146056988" timestamp="2024-01-09T08:41:24Z" user="tusharvalvi" uid="16531141" lat="28.6494256" lon="77.1125834"/>
 <node id="7247911168" visible="true" version="2" changeset="146056988" timestamp="2024-01-09T08:41:24Z" user="tusharvalvi" uid="16531141" lat="28.6488085" lon="77.1115422"/>
 <node id="9868089370" visible="true" version="1" changeset="123231652" timestamp="2022-07-05T11:49:45Z" user="VLD148" uid="10979428" lat="28.6486880" lon="77.1111104"/>
 <node id="9868089372" visible="true" version="2" changeset="146056988" timestamp="2024-01-09T08:41:24Z" user="tusharvalvi" uid="16531141" lat="28.6479519" lon="77.1116923"/>
 <node id="9868089373" visible="true" version="1" changeset="123231652" timestamp="2022-07-05T11:49:45Z" user="VLD148" uid="10979428" lat="28.6484897" lon="77.1107897"/>
 <node id="9868089374" visible="true" version="1" changeset="123231652" timestamp="2022-07-05T11:49:45Z" user="VLD148" uid="10979428" lat="28.6488899" lon="77.1114763"/>
 <node id="9868089375" visible="true" version="2" changeset="146056988" timestamp="2024-01-09T08:41:24Z" user="tusharvalvi" uid="16531141" lat="28.6488949" lon="77.1114769"/>
 <node id="9868089379" visible="true" version="3" changeset="146056707" timestamp="2024-01-09T08:33:22Z" user="tusharvalvi" uid="16531141" lat="28.6481611" lon="77.1104690"/>
 <node id="9873600632" visible="true" version="1" changeset="123342214" timestamp="2022-07-08T04:33:05Z" user="VLD106" uid="9124217" lat="28.6455080" lon="77.1126204"/>
 <node id="9873600633" visible="true" version="1" changeset="123342214" timestamp="2022-07-08T04:33:05Z" user="VLD106" uid="9124217" lat="28.6455612" lon="77.1126736"/>
 <node id="9873662593" visible="true" version="1" changeset="123343345" timestamp="2022-07-08T05:27:50Z" user="VLD106" uid="9124217" lat="28.6467618" lon="77.1129336"/>
 <node id="9873662598" visible="true" version="2" changeset="146056988" timestamp="2024-01-09T08:41:24Z" user="tusharvalvi" uid="16531141" lat="28.6470293" lon="77.1113467"/>
 <node id="9873662600" visible="true" version="2" changeset="146056988" timestamp="2024-01-09T08:41:24Z" user="tusharvalvi" uid="16531141" lat="28.6472775" lon="77.1111534"/>
 <node id="9873662605" visible="true" version="4" changeset="146056988" timestamp="2024-01-09T08:41:24Z" user="tusharvalvi" uid="16531141" lat="28.6476933" lon="77.1104132"/>
 <node id="9873671117" visible="true" version="1" changeset="123343222" timestamp="2022-07-08T05:21:53Z" user="VLD106" uid="9124217" lat="28.6498724" lon="77.1122390"/>
 <node id="9873671119" visible="true" version="3" changeset="146056988" timestamp="2024-01-09T08:41:24Z" user="tusharvalvi" uid="16531141" lat="28.6497771" lon="77.1123125">
  <tag k="access" v="private"/>
  <tag k="barrier" v="gate"/>
 </node>
 <node id="9873674456" visible="true" version="1" changeset="123343553" timestamp="2022-07-08T05:35:25Z" user="VLD106" uid="9124217" lat="28.6473671" lon="77.1099162"/>
 <node id="9873674458" visible="true" version="1" changeset="123343553" timestamp="2022-07-08T05:35:25Z" user="VLD106" uid="9124217" lat="28.6481208" lon="77.1110644"/>
 <node id="9873677670" visible="true" version="1" changeset="123343456" timestamp="2022-07-08T05:32:18Z" user="VLD106" uid="9124217" lat="28.6484788" lon="77.1107781"/>
 <node id="9873677671" visible="true" version="1" changeset="123343456" timestamp="2022-07-08T05:32:18Z" user="VLD106" uid="9124217" lat="28.6484676" lon="77.1107749"/>
 <node id="9873677672" visible="true" version="1" changeset="123343456" timestamp="2022-07-08T05:32:18Z" user="VLD106" uid="9124217" lat="28.6484530" lon="77.1107768"/>
 <node id="9873677673" visible="true" version="1" changeset="123343456" timestamp="2022-07-08T05:32:18Z" user="VLD106" uid="9124217" lat="28.6484413" lon="77.1107838"/>
 <node id="9873677674" visible="true" version="1" changeset="123343456" timestamp="2022-07-08T05:32:18Z" user="VLD106" uid="9124217" lat="28.6480270" lon="77.1111465"/>
 <node id="9873677682" visible="true" version="1" changeset="123343456" timestamp="2022-07-08T05:32:18Z" user="VLD106" uid="9124217" lat="28.6478286" lon="77.1136100"/>
 <node id="9873677683" visible="true" version="1" changeset="123343456" timestamp="2022-07-08T05:32:18Z" user="VLD106" uid="9124217" lat="28.6481917" lon="77.1142491"/>
 <node id="9873677684" visible="true" version="1" changeset="123343456" timestamp="2022-07-08T05:32:18Z" user="VLD106" uid="9124217" lat="28.6483533" lon="77.1131881"/>
 <node id="9873677685" visible="true" version="1" changeset="123343456" timestamp="2022-07-08T05:32:18Z" user="VLD106" uid="9124217" lat="28.6487418" lon="77.1138446"/>
 <node id="9873677686" visible="true" version="1" changeset="123343456" timestamp="2022-07-08T05:32:18Z" user="VLD106" uid="9124217" lat="28.6480226" lon="77.1139515"/>
 <node id="9873677687" visible="true" version="1" changeset="123343456" timestamp="2022-07-08T05:32:18Z" user="VLD106" uid="9124217" lat="28.6485547" lon="77.1135283"/>
 <node id="10254855929" visible="true" version="2" changeset="146056988" timestamp="2024-01-09T08:41:24Z" user="tusharvalvi" uid="16531141" lat="28.6468830" lon="77.1114607"/>
 <node id="10254855932" visible="true" version="3" changeset="146057421" timestamp="2024-01-09T08:53:56Z" user="tusharvalvi" uid="16531141" lat="28.6460757" lon="77.1106045"/>
 <node id="10254877752" visible="true" version="2" changeset="146056988" timestamp="2024-01-09T08:41:24Z" user="tusharvalvi" uid="16531141" lat="28.6474677" lon="77.1110052"/>
 <node id="10254903751" visible="true" version="1" changeset="129985784" timestamp="2022-12-12T06:21:31Z" user="Pooja Koul" uid="16283053" lat="28.6459497" lon="77.1128586"/>
 <node id="10254950264" visible="true" version="3" changeset="146057421" timestamp="2024-01-09T08:53:56Z" user="tusharvalvi" uid="16531141" lat="28.6460941" lon="77.1106355"/>
 <node id="10254950520" visible="true" version="1" changeset="129985277" timestamp="2022-12-12T05:58:33Z" user="Pooja Koul" uid="16283053" lat="28.6448674" lon="77.1115641"/>
 <node id="10254950521" visible="true" version="3" changeset="146057421" timestamp="2024-01-09T08:53:56Z" user="tusharvalvi" uid="16531141" lat="28.6465446" lon="77.1113912"/>
 <node id="10254950528" visible="true" version="1" changeset="129985277" timestamp="2022-12-12T05:58:33Z" user="Pooja Koul" uid="16283053" lat="28.6452203" lon="77.1121695"/>
 <node id="10254950535" visible="true" version="2" changeset="146056988" timestamp="2024-01-09T08:41:24Z" user="tusharvalvi" uid="16531141" lat="28.6471848" lon="77.1112256"/>
 <node id="10255149599" visible="true" version="3" changeset="146057421" timestamp="2024-01-09T08:53:56Z" user="tusharvalvi" uid="16531141" lat="28.6470438" lon="77.1122286"/>
 <node id="10255427315" visible="true" version="3" changeset="146057421" timestamp="2024-01-09T08:53:56Z" user="tusharvalvi" uid="16531141" lat="28.6467491" lon="77.1117342"/>
 <node id="10258446571" visible="true" version="1" changeset="130019280" timestamp="2022-12-13T04:00:09Z" user="Pooja Koul" uid="16283053" lat="28.6472944" lon="77.1127030"/>
 <node id="10258446572" visible="true" version="1" changeset="130019280" timestamp="2022-12-13T04:00:09Z" user="Pooja Koul" uid="16283053" lat="28.6475483" lon="77.1131414"/>
 <node id="10258446573" visible="true" version="2" changeset="147515996" timestamp="2024-02-16T05:13:09Z" user="kunalchhapre" uid="19795114" lat="28.6475579" lon="77.1135032"/>
 <node id="11185571759" visible="true" version="1" changeset="141158777" timestamp="2023-09-12T11:27:21Z" user="nileshdhandak" uid="16638013" lat="28.6472904" lon="77.1106917"/>
 <node id="11185582959" visible="true" version="1" changeset="141158866" timestamp="2023-09-12T11:29:48Z" user="nileshdhandak" uid="16638013" lat="28.6476990" lon="77.1134041"/>
 <node id="11185582960" visible="true" version="1" changeset="141158866" timestamp="2023-09-12T11:29:48Z" user="nileshdhandak" uid="16638013" lat="28.6479573" lon="77.1132000"/>
 <node id="11185620720" visible="true" version="2" changeset="146056988" timestamp="2024-01-09T08:41:24Z" user="tusharvalvi" uid="16531141" lat="28.6488751" lon="77.1116545">
  <tag k="access" v="private"/>
  <tag k="barrier" v="gate"/>
 </node>
 <node id="11185620721" visible="true" version="2" changeset="146056988" timestamp="2024-01-09T08:41:24Z" user="tusharvalvi" uid="16531141" lat="28.6482189" lon="77.1121618">
  <tag k="access" v="private"/>
  <tag k="barrier" v="gate"/>
 </node>
 <node id="11185621959" visible="true" version="1" changeset="141159166" timestamp="2023-09-12T11:38:31Z" user="nileshdhandak" uid="16638013" lat="28.6475940" lon="77.1125583">
  <tag k="access" v="private"/>
  <tag k="barrier" v="gate"/>
 </node>
 <node id="11185621960" visible="true" version="1" changeset="141159166" timestamp="2023-09-12T11:38:31Z" user="nileshdhandak" uid="16638013" lat="28.6473293" lon="77.1127632">
  <tag k="access" v="private"/>
  <tag k="barrier" v="gate"/>
 </node>
 <node id="11185621961" visible="true" version="1" changeset="141159166" timestamp="2023-09-12T11:38:31Z" user="nileshdhandak" uid="16638013" lat="28.6472008" lon="77.1128945">
  <tag k="access" v="private"/>
  <tag k="barrier" v="gate"/>
 </node>
 <node id="11185622148" visible="true" version="1" changeset="141159196" timestamp="2023-09-12T11:39:22Z" user="nileshdhandak" uid="16638013" lat="28.6473681" lon="77.1139842">
  <tag k="access" v="private"/>
  <tag k="barrier" v="gate"/>
 </node>
 <node id="11502593156" visible="true" version="2" changeset="146056988" timestamp="2024-01-09T08:41:24Z" user="tusharvalvi" uid="16531141" lat="28.6478707" lon="77.1106834"/>
 <node id="11502593157" visible="true" version="2" changeset="146056988" timestamp="2024-01-09T08:41:24Z" user="tusharvalvi" uid="16531141" lat="28.6488214" lon="77.1099802"/>
 <node id="11502602149" visible="true" version="2" changeset="146056707" timestamp="2024-01-09T08:33:22Z" user="tusharvalvi" uid="16531141" lat="28.6482741" lon="77.1103854"/>
 <node id="11502622123" visible="true" version="1" changeset="146056988" timestamp="2024-01-09T08:41:24Z" user="tusharvalvi" uid="16531141" lat="28.6489610" lon="77.1108918"/>
 <node id="11502622124" visible="true" version="1" changeset="146056988" timestamp="2024-01-09T08:41:24Z" user="tusharvalvi" uid="16531141" lat="28.6485442" lon="77.1101854"/>
 <node id="11629460981" visible="true" version="1" changeset="147515996" timestamp="2024-02-16T05:13:09Z" user="kunalchhapre" uid="19795114" lat="28.6473443" lon="77.1136607"/>
 <way id="243350954" visible="true" version="7" changeset="129995526" timestamp="2022-12-12T11:33:32Z" user="Pooja Koul" uid="16283053">
  <nd ref="2507744206"/>
  <nd ref="10255149599"/>
  <nd ref="6385280610"/>
  <nd ref="10255427315"/>
  <nd ref="6385280597"/>
  <nd ref="6385280612"/>
  <nd ref="10254950521"/>
  <nd ref="6385280596"/>
  <nd ref="10254950264"/>
  <nd ref="10254855932"/>
  <nd ref="2507744229"/>
  <nd ref="2507744200"/>
  <nd ref="2507744215"/>
  <tag k="highway" v="residential"/>
  <tag k="source" v="bing"/>
 </way>
 <way id="243350959" visible="true" version="12" changeset="141159166" timestamp="2023-09-12T11:38:31Z" user="nileshdhandak" uid="16638013">
  <nd ref="6385280601"/>
  <nd ref="2507744206"/>
  <nd ref="10258446571"/>
  <nd ref="2507744196"/>
  <nd ref="2507744246"/>
  <nd ref="9873662593"/>
  <nd ref="2507744198"/>
  <nd ref="2507744192"/>
  <nd ref="10254903751"/>
  <nd ref="2507744204"/>
  <nd ref="2507744242"/>
  <nd ref="9873600633"/>
  <nd ref="9873600632"/>
  <nd ref="2507744191"/>
  <nd ref="6385280613"/>
  <nd ref="2507744219"/>
  <nd ref="10254950528"/>
  <nd ref="10254950520"/>
  <nd ref="2507744236"/>
  <tag k="highway" v="residential"/>
  <tag k="source" v="bing"/>
 </way>
 <way id="349830305" visible="true" version="2" changeset="141158866" timestamp="2023-09-12T11:29:48Z" user="nileshdhandak" uid="16638013">
  <nd ref="3556229871"/>
  <nd ref="3556229859"/>
  <nd ref="3556229832"/>
  <nd ref="3556229849"/>
  <nd ref="3556229871"/>
 </way>
 <way id="349830327" visible="true" version="1" changeset="31560336" timestamp="2015-05-29T11:46:33Z" user="Narsimulu" uid="2949621">
  <nd ref="3556229815"/>
  <nd ref="3556229778"/>
  <nd ref="3556229737"/>
  <nd ref="3556229770"/>
  <nd ref="3556229815"/>
  <tag k="building" v="yes"/>
 </way>
 <way id="349830338" visible="true" version="1" changeset="31560336" timestamp="2015-05-29T11:46:33Z" user="Narsimulu" uid="2949621">
  <nd ref="3556229844"/>
  <nd ref="3556229873"/>
  <nd ref="3556229863"/>
  <nd ref="3556229834"/>
  <nd ref="3556229844"/>
  <tag k="building" v="yes"/>
 </way>
 <way id="349830348" visible="true" version="1" changeset="31560336" timestamp="2015-05-29T11:46:34Z" user="Narsimulu" uid="2949621">
  <nd ref="3556229746"/>
  <nd ref="3556229773"/>
  <nd ref="3556229719"/>
  <nd ref="3556229700"/>
  <nd ref="3556229746"/>
  <tag k="building" v="yes"/>
 </way>
 <way id="349830351" visible="true" version="1" changeset="31560336" timestamp="2015-05-29T11:46:34Z" user="Narsimulu" uid="2949621">
  <nd ref="3556229798"/>
  <nd ref="3556229765"/>
  <nd ref="3556229723"/>
  <nd ref="3556229743"/>
  <nd ref="3556229798"/>
  <tag k="building" v="yes"/>
 </way>
 <way id="349830378" visible="true" version="1" changeset="31560336" timestamp="2015-05-29T11:46:35Z" user="Narsimulu" uid="2949621">
  <nd ref="3556229693"/>
  <nd ref="3556229717"/>
  <nd ref="3556229691"/>
  <nd ref="3556229673"/>
  <nd ref="3556229693"/>
  <tag k="building" v="yes"/>
 </way>
 <way id="349830381" visible="true" version="1" changeset="31560336" timestamp="2015-05-29T11:46:35Z" user="Narsimulu" uid="2949621">
  <nd ref="3556229821"/>
  <nd ref="3556229828"/>
  <nd ref="3556229800"/>
  <nd ref="3556229791"/>
  <nd ref="3556229821"/>
  <tag k="building" v="yes"/>
 </way>
 <way id="349830385" visible="true" version="1" changeset="31560336" timestamp="2015-05-29T11:46:36Z" user="Narsimulu" uid="2949621">
  <nd ref="3556230084"/>
  <nd ref="3556230062"/>
  <nd ref="3556229991"/>
  <nd ref="3556230007"/>
  <nd ref="3556230084"/>
  <tag k="building" v="yes"/>
 </way>
 <way id="349830389" visible="true" version="1" changeset="31560336" timestamp="2015-05-29T11:46:36Z" user="Narsimulu" uid="2949621">
  <nd ref="3556229877"/>
  <nd ref="3556229893"/>
  <nd ref="3556229881"/>
  <nd ref="3556229862"/>
  <nd ref="3556229877"/>
  <tag k="building" v="yes"/>
 </way>
 <way id="349830396" visible="true" version="1" changeset="31560336" timestamp="2015-05-29T11:46:36Z" user="Narsimulu" uid="2949621">
  <nd ref="3556229769"/>
  <nd ref="3556229797"/>
  <nd ref="3556229742"/>
  <nd ref="3556229724"/>
  <nd ref="3556229769"/>
  <tag k="building" v="yes"/>
 </way>
 <way id="349830397" visible="true" version="1" changeset="31560336" timestamp="2015-05-29T11:46:36Z" user="Narsimulu" uid="2949621">
  <nd ref="3556229967"/>
  <nd ref="3556229978"/>
  <nd ref="3556229920"/>
  <nd ref="3556229907"/>
  <nd ref="3556229967"/>
  <tag k="building" v="yes"/>
 </way>
 <way id="349830413" visible="true" version="1" changeset="31560336" timestamp="2015-05-29T11:46:37Z" user="Narsimulu" uid="2949621">
  <nd ref="3556229921"/>
  <nd ref="3556229942"/>
  <nd ref="3556229892"/>
  <nd ref="3556229867"/>
  <nd ref="3556229921"/>
  <tag k="building" v="yes"/>
 </way>
 <way id="349830426" visible="true" version="1" changeset="31560336" timestamp="2015-05-29T11:46:38Z" user="Narsimulu" uid="2949621">
  <nd ref="3556229741"/>
  <nd ref="3556229759"/>
  <nd ref="3556229715"/>
  <nd ref="3556229701"/>
  <nd ref="3556229741"/>
  <tag k="building" v="yes"/>
 </way>
 <way id="349830442" visible="true" version="1" changeset="31560336" timestamp="2015-05-29T11:46:39Z" user="Narsimulu" uid="2949621">
  <nd ref="3556229842"/>
  <nd ref="3556229820"/>
  <nd ref="3556229789"/>
  <nd ref="3556229823"/>
  <nd ref="3556229842"/>
  <tag k="building" v="yes"/>
 </way>
 <way id="349830446" visible="true" version="1" changeset="31560336" timestamp="2015-05-29T11:46:39Z" user="Narsimulu" uid="2949621">
  <nd ref="3556229817"/>
  <nd ref="3556229784"/>
  <nd ref="3556229771"/>
  <nd ref="3556229809"/>
  <nd ref="3556229817"/>
  <tag k="building" v="yes"/>
 </way>
 <way id="349830465" visible="true" version="1" changeset="31560336" timestamp="2015-05-29T11:46:40Z" user="Narsimulu" uid="2949621">
  <nd ref="3556229685"/>
  <nd ref="3556229703"/>
  <nd ref="3556229682"/>
  <nd ref="3556229672"/>
  <nd ref="3556229685"/>
  <tag k="building" v="yes"/>
 </way>
 <way id="349830474" visible="true" version="1" changeset="31560336" timestamp="2015-05-29T11:46:41Z" user="Narsimulu" uid="2949621">
  <nd ref="3556229857"/>
  <nd ref="3556229885"/>
  <nd ref="3556229856"/>
  <nd ref="3556229819"/>
  <nd ref="3556229857"/>
  <tag k="building" v="yes"/>
 </way>
 <way id="349830475" visible="true" version="1" changeset="31560336" timestamp="2015-05-29T11:46:41Z" user="Narsimulu" uid="2949621">
  <nd ref="3556229837"/>
  <nd ref="3556229850"/>
  <nd ref="3556229825"/>
  <nd ref="3556229806"/>
  <nd ref="3556229837"/>
  <tag k="building" v="yes"/>
 </way>
 <way id="349830477" visible="true" version="1" changeset="31560336" timestamp="2015-05-29T11:46:41Z" user="Narsimulu" uid="2949621">
  <nd ref="3556229727"/>
  <nd ref="3556229744"/>
  <nd ref="3556229722"/>
  <nd ref="3556229711"/>
  <nd ref="3556229727"/>
  <tag k="building" v="yes"/>
 </way>
 <way id="349830487" visible="true" version="1" changeset="31560336" timestamp="2015-05-29T11:46:42Z" user="Narsimulu" uid="2949621">
  <nd ref="3556229997"/>
  <nd ref="3556230008"/>
  <nd ref="3556229998"/>
  <nd ref="3556229985"/>
  <nd ref="3556229997"/>
  <tag k="building" v="yes"/>
 </way>
 <way id="349830501" visible="true" version="1" changeset="31560336" timestamp="2015-05-29T11:46:42Z" user="Narsimulu" uid="2949621">
  <nd ref="3556230009"/>
  <nd ref="3556229994"/>
  <nd ref="3556229951"/>
  <nd ref="3556229963"/>
  <nd ref="3556230009"/>
  <tag k="building" v="yes"/>
 </way>
 <way id="349830506" visible="true" version="1" changeset="31560336" timestamp="2015-05-29T11:46:42Z" user="Narsimulu" uid="2949621">
  <nd ref="3556229745"/>
  <nd ref="3556229716"/>
  <nd ref="3556229708"/>
  <nd ref="3556229736"/>
  <nd ref="3556229745"/>
  <tag k="building" v="yes"/>
 </way>
 <way id="349830507" visible="true" version="1" changeset="31560336" timestamp="2015-05-29T11:46:43Z" user="Narsimulu" uid="2949621">
  <nd ref="3556229839"/>
  <nd ref="3556229813"/>
  <nd ref="3556229805"/>
  <nd ref="3556229835"/>
  <nd ref="3556229839"/>
  <tag k="building" v="yes"/>
 </way>
 <way id="349830521" visible="true" version="1" changeset="31560336" timestamp="2015-05-29T11:46:43Z" user="Narsimulu" uid="2949621">
  <nd ref="3556229858"/>
  <nd ref="3556229875"/>
  <nd ref="3556229852"/>
  <nd ref="3556229829"/>
  <nd ref="3556229858"/>
  <tag k="building" v="yes"/>
 </way>
 <way id="349830530" visible="true" version="2" changeset="141158866" timestamp="2023-09-12T11:29:48Z" user="nileshdhandak" uid="16638013">
  <nd ref="3556229846"/>
  <nd ref="3556229827"/>
  <nd ref="3556229785"/>
  <nd ref="3556229816"/>
  <nd ref="3556229846"/>
 </way>
 <way id="349830538" visible="true" version="1" changeset="31560336" timestamp="2015-05-29T11:46:45Z" user="Narsimulu" uid="2949621">
  <nd ref="3556230044"/>
  <nd ref="3556230051"/>
  <nd ref="3556230023"/>
  <nd ref="3556230012"/>
  <nd ref="3556230044"/>
  <tag k="building" v="yes"/>
 </way>
 <way id="349830545" visible="true" version="1" changeset="31560336" timestamp="2015-05-29T11:46:45Z" user="Narsimulu" uid="2949621">
  <nd ref="3556229764"/>
  <nd ref="3556229740"/>
  <nd ref="3556229725"/>
  <nd ref="3556229749"/>
  <nd ref="3556229764"/>
  <tag k="building" v="yes"/>
 </way>
 <way id="349830546" visible="true" version="1" changeset="31560336" timestamp="2015-05-29T11:46:45Z" user="Narsimulu" uid="2949621">
  <nd ref="3556229888"/>
  <nd ref="3556229904"/>
  <nd ref="3556229890"/>
  <nd ref="3556229868"/>
  <nd ref="3556229888"/>
  <tag k="building" v="yes"/>
 </way>
 <way id="349830555" visible="true" version="1" changeset="31560336" timestamp="2015-05-29T11:46:46Z" user="Narsimulu" uid="2949621">
  <nd ref="3556229721"/>
  <nd ref="3556229738"/>
  <nd ref="3556229707"/>
  <nd ref="3556229692"/>
  <nd ref="3556229721"/>
  <tag k="building" v="yes"/>
 </way>
 <way id="349830577" visible="true" version="1" changeset="31560336" timestamp="2015-05-29T11:46:47Z" user="Narsimulu" uid="2949621">
  <nd ref="3556229786"/>
  <nd ref="3556229811"/>
  <nd ref="3556229781"/>
  <nd ref="3556229750"/>
  <nd ref="3556229786"/>
  <tag k="building" v="yes"/>
 </way>
 <way id="349830579" visible="true" version="1" changeset="31560336" timestamp="2015-05-29T11:46:47Z" user="Narsimulu" uid="2949621">
  <nd ref="3556229981"/>
  <nd ref="3556229995"/>
  <nd ref="3556229983"/>
  <nd ref="3556229969"/>
  <nd ref="3556229981"/>
  <tag k="building" v="yes"/>
 </way>
 <way id="349830597" visible="true" version="1" changeset="31560336" timestamp="2015-05-29T11:46:48Z" user="Narsimulu" uid="2949621">
  <nd ref="3556229807"/>
  <nd ref="3556229766"/>
  <nd ref="3556229758"/>
  <nd ref="3556229799"/>
  <nd ref="3556229807"/>
  <tag k="building" v="yes"/>
 </way>
 <way id="349830600" visible="true" version="1" changeset="31560336" timestamp="2015-05-29T11:46:48Z" user="Narsimulu" uid="2949621">
  <nd ref="3556229730"/>
  <nd ref="3556229705"/>
  <nd ref="3556229687"/>
  <nd ref="3556229712"/>
  <nd ref="3556229730"/>
  <tag k="building" v="yes"/>
 </way>
 <way id="349830606" visible="true" version="1" changeset="31560336" timestamp="2015-05-29T11:46:49Z" user="Narsimulu" uid="2949621">
  <nd ref="3556229704"/>
  <nd ref="3556229755"/>
  <nd ref="3556229729"/>
  <nd ref="3556229710"/>
  <nd ref="3556229675"/>
  <nd ref="3556229704"/>
  <tag k="building" v="yes"/>
 </way>
 <way id="349984924" visible="true" version="1" changeset="31577387" timestamp="2015-05-30T05:52:11Z" user="Narsimulu" uid="2949621">
  <nd ref="3557568503"/>
  <nd ref="3557568463"/>
  <nd ref="3557568438"/>
  <nd ref="3557568474"/>
  <nd ref="3557568503"/>
  <tag k="building" v="yes"/>
 </way>
 <way id="349984925" visible="true" version="1" changeset="31577387" timestamp="2015-05-30T05:52:11Z" user="Narsimulu" uid="2949621">
  <nd ref="3557567963"/>
  <nd ref="3557567890"/>
  <nd ref="3557567869"/>
  <nd ref="3557567941"/>
  <nd ref="3557567963"/>
  <tag k="building" v="yes"/>
 </way>
 <way id="349984926" visible="true" version="1" changeset="31577387" timestamp="2015-05-30T05:52:11Z" user="Narsimulu" uid="2949621">
  <nd ref="3557568233"/>
  <nd ref="3557568270"/>
  <nd ref="3557568320"/>
  <nd ref="3557568287"/>
  <nd ref="3557568233"/>
  <tag k="building" v="yes"/>
 </way>
 <way id="349984928" visible="true" version="1" changeset="31577387" timestamp="2015-05-30T05:52:11Z" user="Narsimulu" uid="2949621">
  <nd ref="3557568482"/>
  <nd ref="3557568432"/>
  <nd ref="3557568415"/>
  <nd ref="3557568462"/>
  <nd ref="3557568482"/>
  <tag k="building" v="yes"/>
 </way>
 <way id="349984934" visible="true" version="1" changeset="31577387" timestamp="2015-05-30T05:52:11Z" user="Narsimulu" uid="2949621">
  <nd ref="3557568496"/>
  <nd ref="3557568453"/>
  <nd ref="3557568433"/>
  <nd ref="3557568487"/>
  <nd ref="3557568496"/>
  <tag k="building" v="yes"/>
 </way>
 <way id="349984945" visible="true" version="1" changeset="31577387" timestamp="2015-05-30T05:52:12Z" user="Narsimulu" uid="2949621">
  <nd ref="3557568145"/>
  <nd ref="3557568211"/>
  <nd ref="3557568186"/>
  <nd ref="3557568123"/>
  <nd ref="3557568145"/>
  <tag k="building" v="yes"/>
 </way>
 <way id="349984949" visible="true" version="1" changeset="31577387" timestamp="2015-05-30T05:52:12Z" user="Narsimulu" uid="2949621">
  <nd ref="3557568509"/>
  <nd ref="3557568469"/>
  <nd ref="3557568440"/>
  <nd ref="3557568484"/>
  <nd ref="3557568509"/>
  <tag k="building" v="yes"/>
 </way>
 <way id="349984951" visible="true" version="1" changeset="31577387" timestamp="2015-05-30T05:52:12Z" user="Narsimulu" uid="2949621">
  <nd ref="3557568402"/>
  <nd ref="3557568337"/>
  <nd ref="3557568303"/>
  <nd ref="3557568378"/>
  <nd ref="3557568402"/>
  <tag k="building" v="yes"/>
 </way>
 <way id="349984954" visible="true" version="1" changeset="31577387" timestamp="2015-05-30T05:52:12Z" user="Narsimulu" uid="2949621">
  <nd ref="3557568511"/>
  <nd ref="3557568524"/>
  <nd ref="3557568495"/>
  <nd ref="3557568477"/>
  <nd ref="3557568511"/>
  <tag k="building" v="yes"/>
 </way>
 <way id="349984956" visible="true" version="1" changeset="31577387" timestamp="2015-05-30T05:52:12Z" user="Narsimulu" uid="2949621">
  <nd ref="3557568338"/>
  <nd ref="3557568361"/>
  <nd ref="3557568399"/>
  <nd ref="3557568379"/>
  <nd ref="3557568338"/>
  <tag k="building" v="yes"/>
 </way>
 <way id="349984957" visible="true" version="1" changeset="31577387" timestamp="2015-05-30T05:52:13Z" user="Narsimulu" uid="2949621">
  <nd ref="3557567800"/>
  <nd ref="3557567638"/>
  <nd ref="3557567623"/>
  <nd ref="3557567682"/>
  <nd ref="3557567800"/>
  <tag k="building" v="yes"/>
 </way>
 <way id="349984960" visible="true" version="1" changeset="31577387" timestamp="2015-05-30T05:52:13Z" user="Narsimulu" uid="2949621">
  <nd ref="3557568190"/>
  <nd ref="3557568252"/>
  <nd ref="3557568201"/>
  <nd ref="3557568139"/>
  <nd ref="3557568190"/>
  <tag k="building" v="yes"/>
 </way>
 <way id="349984961" visible="true" version="1" changeset="31577387" timestamp="2015-05-30T05:52:13Z" user="Narsimulu" uid="2949621">
  <nd ref="3557567897"/>
  <nd ref="3557567834"/>
  <nd ref="3557567808"/>
  <nd ref="3557567870"/>
  <nd ref="3557567897"/>
  <tag k="building" v="yes"/>
 </way>
 <way id="349984963" visible="true" version="1" changeset="31577387" timestamp="2015-05-30T05:52:13Z" user="Narsimulu" uid="2949621">
  <nd ref="3557568390"/>
  <nd ref="3557568409"/>
  <nd ref="3557568343"/>
  <nd ref="3557568316"/>
  <nd ref="3557568390"/>
  <tag k="building" v="yes"/>
 </way>
 <way id="349984964" visible="true" version="1" changeset="31577387" timestamp="2015-05-30T05:52:13Z" user="Narsimulu" uid="2949621">
  <nd ref="3557568254"/>
  <nd ref="3557568278"/>
  <nd ref="3557568332"/>
  <nd ref="3557568306"/>
  <nd ref="3557568254"/>
  <tag k="building" v="yes"/>
 </way>
 <way id="349984968" visible="true" version="1" changeset="31577387" timestamp="2015-05-30T05:52:13Z" user="Narsimulu" uid="2949621">
  <nd ref="3557567908"/>
  <nd ref="3557567945"/>
  <nd ref="3557567865"/>
  <nd ref="3557567836"/>
  <nd ref="3557567908"/>
  <tag k="building" v="yes"/>
 </way>
 <way id="349984983" visible="true" version="1" changeset="31577387" timestamp="2015-05-30T05:52:14Z" user="Narsimulu" uid="2949621">
  <nd ref="3557568121"/>
  <nd ref="3557568154"/>
  <nd ref="3557568219"/>
  <nd ref="3557568175"/>
  <nd ref="3557568121"/>
  <tag k="building" v="yes"/>
 </way>
 <way id="349984997" visible="true" version="1" changeset="31577387" timestamp="2015-05-30T05:52:14Z" user="Narsimulu" uid="2949621">
  <nd ref="3557568236"/>
  <nd ref="3557568300"/>
  <nd ref="3557568251"/>
  <nd ref="3557568180"/>
  <nd ref="3557568236"/>
  <tag k="building" v="yes"/>
 </way>
 <way id="349984999" visible="true" version="1" changeset="31577387" timestamp="2015-05-30T05:52:14Z" user="Narsimulu" uid="2949621">
  <nd ref="3557567985"/>
  <nd ref="3557568011"/>
  <nd ref="3557568060"/>
  <nd ref="3557568028"/>
  <nd ref="3557567985"/>
  <tag k="building" v="yes"/>
 </way>
 <way id="349985012" visible="true" version="1" changeset="31577387" timestamp="2015-05-30T05:52:15Z" user="Narsimulu" uid="2949621">
  <nd ref="3557568107"/>
  <nd ref="3557568140"/>
  <nd ref="3557568202"/>
  <nd ref="3557568163"/>
  <nd ref="3557568107"/>
  <tag k="building" v="yes"/>
 </way>
 <way id="349985015" visible="true" version="1" changeset="31577387" timestamp="2015-05-30T05:52:15Z" user="Narsimulu" uid="2949621">
  <nd ref="3557568074"/>
  <nd ref="3557568100"/>
  <nd ref="3557568160"/>
  <nd ref="3557568126"/>
  <nd ref="3557568074"/>
  <tag k="building" v="yes"/>
 </way>
 <way id="349985017" visible="true" version="1" changeset="31577387" timestamp="2015-05-30T05:52:15Z" user="Narsimulu" uid="2949621">
  <nd ref="3557568119"/>
  <nd ref="3557568164"/>
  <nd ref="3557568066"/>
  <nd ref="3557568016"/>
  <nd ref="3557568119"/>
  <tag k="building" v="yes"/>
 </way>
 <way id="349985019" visible="true" version="1" changeset="31577387" timestamp="2015-05-30T05:52:15Z" user="Narsimulu" uid="2949621">
  <nd ref="3557567241"/>
  <nd ref="3557567281"/>
  <nd ref="3557567260"/>
  <nd ref="3557567222"/>
  <nd ref="3557567241"/>
  <tag k="building" v="yes"/>
 </way>
 <way id="349985020" visible="true" version="1" changeset="31577387" timestamp="2015-05-30T05:52:15Z" user="Narsimulu" uid="2949621">
  <nd ref="3557567801"/>
  <nd ref="3557567818"/>
  <nd ref="3557567652"/>
  <nd ref="3557567632"/>
  <nd ref="3557567801"/>
  <tag k="building" v="yes"/>
 </way>
 <way id="349985024" visible="true" version="1" changeset="31577387" timestamp="2015-05-30T05:52:16Z" user="Narsimulu" uid="2949621">
  <nd ref="3557568057"/>
  <nd ref="3557568103"/>
  <nd ref="3557568042"/>
  <nd ref="3557568001"/>
  <nd ref="3557568057"/>
  <tag k="building" v="yes"/>
 </way>
 <way id="349985027" visible="true" version="1" changeset="31577387" timestamp="2015-05-30T05:52:16Z" user="Narsimulu" uid="2949621">
  <nd ref="3557567399"/>
  <nd ref="3557567442"/>
  <nd ref="3557567418"/>
  <nd ref="3557567282"/>
  <nd ref="3557567399"/>
  <tag k="building" v="yes"/>
 </way>
 <way id="349985037" visible="true" version="1" changeset="31577387" timestamp="2015-05-30T05:52:16Z" user="Narsimulu" uid="2949621">
  <nd ref="3557567852"/>
  <nd ref="3557567874"/>
  <nd ref="3557567811"/>
  <nd ref="3557567797"/>
  <nd ref="3557567852"/>
  <tag k="building" v="yes"/>
 </way>
 <way id="349985040" visible="true" version="1" changeset="31577387" timestamp="2015-05-30T05:52:16Z" user="Narsimulu" uid="2949621">
  <nd ref="3557568162"/>
  <nd ref="3557568199"/>
  <nd ref="3557568263"/>
  <nd ref="3557568223"/>
  <nd ref="3557568162"/>
  <tag k="building" v="yes"/>
 </way>
 <way id="349985048" visible="true" version="1" changeset="31577387" timestamp="2015-05-30T05:52:17Z" user="Narsimulu" uid="2949621">
  <nd ref="3557567866"/>
  <nd ref="3557567802"/>
  <nd ref="3557567681"/>
  <nd ref="3557567845"/>
  <nd ref="3557567866"/>
  <tag k="building" v="yes"/>
 </way>
 <way id="349985054" visible="true" version="1" changeset="31577387" timestamp="2015-05-30T05:52:17Z" user="Narsimulu" uid="2949621">
  <nd ref="3557567599"/>
  <nd ref="3557567464"/>
  <nd ref="3557567633"/>
  <nd ref="3557567679"/>
  <nd ref="3557567599"/>
  <tag k="building" v="yes"/>
 </way>
 <way id="349985055" visible="true" version="1" changeset="31577387" timestamp="2015-05-30T05:52:17Z" user="Narsimulu" uid="2949621">
  <nd ref="3557568527"/>
  <nd ref="3557568510"/>
  <nd ref="3557568483"/>
  <nd ref="3557568504"/>
  <nd ref="3557568527"/>
  <tag k="building" v="yes"/>
 </way>
 <way id="349985066" visible="true" version="1" changeset="31577387" timestamp="2015-05-30T05:52:18Z" user="Narsimulu" uid="2949621">
  <nd ref="3557568038"/>
  <nd ref="3557568073"/>
  <nd ref="3557568118"/>
  <nd ref="3557568086"/>
  <nd ref="3557568038"/>
  <tag k="building" v="yes"/>
 </way>
 <way id="349985071" visible="true" version="1" changeset="31577387" timestamp="2015-05-30T05:52:18Z" user="Narsimulu" uid="2949621">
  <nd ref="3557567279"/>
  <nd ref="3557567415"/>
  <nd ref="3557567396"/>
  <nd ref="3557567257"/>
  <nd ref="3557567279"/>
  <tag k="building" v="yes"/>
 </way>
 <way id="349985074" visible="true" version="1" changeset="31577387" timestamp="2015-05-30T05:52:18Z" user="Narsimulu" uid="2949621">
  <nd ref="3557568235"/>
  <nd ref="3557568309"/>
  <nd ref="3557568277"/>
  <nd ref="3557568200"/>
  <nd ref="3557568235"/>
  <tag k="building" v="yes"/>
 </way>
 <way id="349985075" visible="true" version="1" changeset="31577387" timestamp="2015-05-30T05:52:18Z" user="Narsimulu" uid="2949621">
  <nd ref="3557567816"/>
  <nd ref="3557567829"/>
  <nd ref="3557567680"/>
  <nd ref="3557567666"/>
  <nd ref="3557567816"/>
  <tag k="building" v="yes"/>
 </way>
 <way id="349985080" visible="true" version="1" changeset="31577387" timestamp="2015-05-30T05:52:18Z" user="Narsimulu" uid="2949621">
  <nd ref="3557567920"/>
  <nd ref="3557567992"/>
  <nd ref="3557567909"/>
  <nd ref="3557567854"/>
  <nd ref="3557567920"/>
  <tag k="building" v="yes"/>
 </way>
 <way id="349985081" visible="true" version="1" changeset="31577387" timestamp="2015-05-30T05:52:18Z" user="Narsimulu" uid="2949621">
  <nd ref="3557568455"/>
  <nd ref="3557568396"/>
  <nd ref="3557568368"/>
  <nd ref="3557568431"/>
  <nd ref="3557568455"/>
  <tag k="building" v="yes"/>
 </way>
 <way id="349985082" visible="true" version="1" changeset="31577387" timestamp="2015-05-30T05:52:18Z" user="Narsimulu" uid="2949621">
  <nd ref="3557568526"/>
  <nd ref="3557568502"/>
  <nd ref="3557568472"/>
  <nd ref="3557568505"/>
  <nd ref="3557568526"/>
  <tag k="building" v="yes"/>
 </way>
 <way id="349985086" visible="true" version="1" changeset="31577387" timestamp="2015-05-30T05:52:19Z" user="Narsimulu" uid="2949621">
  <nd ref="3557568420"/>
  <nd ref="3557568449"/>
  <nd ref="3557568401"/>
  <nd ref="3557568370"/>
  <nd ref="3557568420"/>
  <tag k="building" v="yes"/>
 </way>
 <way id="349985087" visible="true" version="1" changeset="31577387" timestamp="2015-05-30T05:52:19Z" user="Narsimulu" uid="2949621">
  <nd ref="3557567947"/>
  <nd ref="3557567968"/>
  <nd ref="3557568014"/>
  <nd ref="3557567997"/>
  <nd ref="3557567947"/>
  <tag k="building" v="yes"/>
 </way>
 <way id="349985088" visible="true" version="1" changeset="31577387" timestamp="2015-05-30T05:52:19Z" user="Narsimulu" uid="2949621">
  <nd ref="3557567805"/>
  <nd ref="3557567855"/>
  <nd ref="3557567684"/>
  <nd ref="3557567634"/>
  <nd ref="3557567805"/>
  <tag k="building" v="yes"/>
 </way>
 <way id="349985089" visible="true" version="1" changeset="31577387" timestamp="2015-05-30T05:52:19Z" user="Narsimulu" uid="2949621">
  <nd ref="3557568475"/>
  <nd ref="3557568417"/>
  <nd ref="3557568394"/>
  <nd ref="3557568457"/>
  <nd ref="3557568475"/>
  <tag k="building" v="yes"/>
 </way>
 <way id="349985091" visible="true" version="1" changeset="31577387" timestamp="2015-05-30T05:52:19Z" user="Narsimulu" uid="2949621">
  <nd ref="3557567803"/>
  <nd ref="3557567842"/>
  <nd ref="3557567670"/>
  <nd ref="3557567628"/>
  <nd ref="3557567803"/>
  <tag k="building" v="yes"/>
 </way>
 <way id="349985092" visible="true" version="1" changeset="31577387" timestamp="2015-05-30T05:52:19Z" user="Narsimulu" uid="2949621">
  <nd ref="3557568377"/>
  <nd ref="3557568400"/>
  <nd ref="3557568325"/>
  <nd ref="3557568291"/>
  <nd ref="3557568377"/>
  <tag k="building" v="yes"/>
 </way>
 <way id="349985094" visible="true" version="1" changeset="31577387" timestamp="2015-05-30T05:52:19Z" user="Narsimulu" uid="2949621">
  <nd ref="3557568068"/>
  <nd ref="3557568133"/>
  <nd ref="3557568108"/>
  <nd ref="3557568044"/>
  <nd ref="3557568068"/>
  <tag k="building" v="yes"/>
 </way>
 <way id="349985098" visible="true" version="1" changeset="31577387" timestamp="2015-05-30T05:52:19Z" user="Narsimulu" uid="2949621">
  <nd ref="3557567445"/>
  <nd ref="3557567607"/>
  <nd ref="3557567640"/>
  <nd ref="3557567470"/>
  <nd ref="3557567445"/>
  <tag k="building" v="yes"/>
 </way>
 <way id="349985101" visible="true" version="1" changeset="31577387" timestamp="2015-05-30T05:52:19Z" user="Narsimulu" uid="2949621">
  <nd ref="3557567893"/>
  <nd ref="3557567917"/>
  <nd ref="3557567844"/>
  <nd ref="3557567823"/>
  <nd ref="3557567893"/>
  <tag k="building" v="yes"/>
 </way>
 <way id="349985103" visible="true" version="1" changeset="31577387" timestamp="2015-05-30T05:52:19Z" user="Narsimulu" uid="2949621">
  <nd ref="3557568007"/>
  <nd ref="3557568032"/>
  <nd ref="3557568081"/>
  <nd ref="3557568052"/>
  <nd ref="3557568007"/>
  <tag k="building" v="yes"/>
 </way>
 <way id="349985105" visible="true" version="1" changeset="31577387" timestamp="2015-05-30T05:52:19Z" user="Narsimulu" uid="2949621">
  <nd ref="3557567958"/>
  <nd ref="3557567986"/>
  <nd ref="3557567904"/>
  <nd ref="3557567889"/>
  <nd ref="3557567958"/>
  <tag k="building" v="yes"/>
 </way>
 <way id="349985109" visible="true" version="1" changeset="31577387" timestamp="2015-05-30T05:52:20Z" user="Narsimulu" uid="2949621">
  <nd ref="3557567256"/>
  <nd ref="3557567393"/>
  <nd ref="3557567273"/>
  <nd ref="3557567236"/>
  <nd ref="3557567256"/>
  <tag k="building" v="yes"/>
 </way>
 <way id="349985111" visible="true" version="1" changeset="31577387" timestamp="2015-05-30T05:52:20Z" user="Narsimulu" uid="2949621">
  <nd ref="3557568372"/>
  <nd ref="3557568411"/>
  <nd ref="3557568387"/>
  <nd ref="3557568344"/>
  <nd ref="3557568372"/>
  <tag k="building" v="yes"/>
 </way>
 <way id="349985112" visible="true" version="1" changeset="31577387" timestamp="2015-05-30T05:52:20Z" user="Narsimulu" uid="2949621">
  <nd ref="3557568092"/>
  <nd ref="3557568122"/>
  <nd ref="3557568177"/>
  <nd ref="3557568147"/>
  <nd ref="3557568092"/>
  <tag k="building" v="yes"/>
 </way>
 <way id="349985115" visible="true" version="1" changeset="31577387" timestamp="2015-05-30T05:52:20Z" user="Narsimulu" uid="2949621">
  <nd ref="3557567850"/>
  <nd ref="3557567691"/>
  <nd ref="3557567673"/>
  <nd ref="3557567831"/>
  <nd ref="3557567850"/>
  <tag k="building" v="yes"/>
 </way>
 <way id="349985117" visible="true" version="1" changeset="31577387" timestamp="2015-05-30T05:52:20Z" user="Narsimulu" uid="2949621">
  <nd ref="3557568410"/>
  <nd ref="3557568437"/>
  <nd ref="3557568381"/>
  <nd ref="3557568352"/>
  <nd ref="3557568410"/>
  <tag k="building" v="yes"/>
 </way>
 <way id="349985119" visible="true" version="1" changeset="31577387" timestamp="2015-05-30T05:52:20Z" user="Narsimulu" uid="2949621">
  <nd ref="3557568182"/>
  <nd ref="3557568257"/>
  <nd ref="3557568170"/>
  <nd ref="3557568098"/>
  <nd ref="3557568182"/>
  <tag k="building" v="yes"/>
 </way>
 <way id="349985120" visible="true" version="1" changeset="31577387" timestamp="2015-05-30T05:52:20Z" user="Narsimulu" uid="2949621">
  <nd ref="3557567672"/>
  <nd ref="3557567794"/>
  <nd ref="3557567626"/>
  <nd ref="3557567602"/>
  <nd ref="3557567672"/>
  <tag k="building" v="yes"/>
 </way>
 <way id="349985122" visible="true" version="1" changeset="31577387" timestamp="2015-05-30T05:52:20Z" user="Narsimulu" uid="2949621">
  <nd ref="3557567891"/>
  <nd ref="3557567914"/>
  <nd ref="3557567849"/>
  <nd ref="3557567826"/>
  <nd ref="3557567891"/>
  <tag k="building" v="yes"/>
 </way>
 <way id="349985123" visible="true" version="1" changeset="31577387" timestamp="2015-05-30T05:52:20Z" user="Narsimulu" uid="2949621">
  <nd ref="3557568489"/>
  <nd ref="3557568435"/>
  <nd ref="3557568419"/>
  <nd ref="3557568480"/>
  <nd ref="3557568489"/>
  <tag k="building" v="yes"/>
 </way>
 <way id="349985124" visible="true" version="1" changeset="31577387" timestamp="2015-05-30T05:52:20Z" user="Narsimulu" uid="2949621">
  <nd ref="3557568393"/>
  <nd ref="3557568476"/>
  <nd ref="3557568425"/>
  <nd ref="3557568324"/>
  <nd ref="3557568393"/>
  <tag k="building" v="yes"/>
 </way>
 <way id="349985127" visible="true" version="1" changeset="31577387" timestamp="2015-05-30T05:52:21Z" user="Narsimulu" uid="2949621">
  <nd ref="3557568481"/>
  <nd ref="3557568499"/>
  <nd ref="3557568464"/>
  <nd ref="3557568445"/>
  <nd ref="3557568481"/>
  <tag k="building" v="yes"/>
 </way>
 <way id="349985128" visible="true" version="1" changeset="31577387" timestamp="2015-05-30T05:52:21Z" user="Narsimulu" uid="2949621">
  <nd ref="3557567894"/>
  <nd ref="3557567918"/>
  <nd ref="3557567957"/>
  <nd ref="3557567936"/>
  <nd ref="3557567894"/>
  <tag k="building" v="yes"/>
 </way>
 <way id="349985129" visible="true" version="1" changeset="31577387" timestamp="2015-05-30T05:52:21Z" user="Narsimulu" uid="2949621">
  <nd ref="3557568036"/>
  <nd ref="3557568090"/>
  <nd ref="3557568045"/>
  <nd ref="3557568000"/>
  <nd ref="3557568036"/>
  <tag k="building" v="yes"/>
 </way>
 <way id="349985130" visible="true" version="1" changeset="31577387" timestamp="2015-05-30T05:52:21Z" user="Narsimulu" uid="2949621">
  <nd ref="3557567871"/>
  <nd ref="3557567892"/>
  <nd ref="3557567934"/>
  <nd ref="3557567905"/>
  <nd ref="3557567871"/>
  <tag k="building" v="yes"/>
 </way>
 <way id="349985136" visible="true" version="1" changeset="31577387" timestamp="2015-05-30T05:52:21Z" user="Narsimulu" uid="2949621">
  <nd ref="3557568037"/>
  <nd ref="3557568006"/>
  <nd ref="3557567953"/>
  <nd ref="3557567991"/>
  <nd ref="3557568037"/>
  <tag k="building" v="yes"/>
 </way>
 <way id="349985142" visible="true" version="1" changeset="31577387" timestamp="2015-05-30T05:52:21Z" user="Narsimulu" uid="2949621">
  <nd ref="3557568207"/>
  <nd ref="3557568260"/>
  <nd ref="3557568176"/>
  <nd ref="3557568128"/>
  <nd ref="3557568207"/>
  <tag k="building" v="yes"/>
 </way>
 <way id="349985147" visible="true" version="1" changeset="31577387" timestamp="2015-05-30T05:52:22Z" user="Narsimulu" uid="2949621">
  <nd ref="3557568212"/>
  <nd ref="3557568243"/>
  <nd ref="3557568292"/>
  <nd ref="3557568267"/>
  <nd ref="3557568212"/>
  <tag k="building" v="yes"/>
 </way>
 <way id="349985149" visible="true" version="1" changeset="31577387" timestamp="2015-05-30T05:52:22Z" user="Narsimulu" uid="2949621">
  <nd ref="3557567461"/>
  <nd ref="3557567618"/>
  <nd ref="3557567636"/>
  <nd ref="3557567471"/>
  <nd ref="3557567461"/>
  <tag k="building" v="yes"/>
 </way>
 <way id="349985169" visible="true" version="1" changeset="31577387" timestamp="2015-05-30T05:52:22Z" user="Narsimulu" uid="2949621">
  <nd ref="3557568454"/>
  <nd ref="3557568459"/>
  <nd ref="3557568406"/>
  <nd ref="3557568397"/>
  <nd ref="3557568454"/>
  <tag k="building" v="yes"/>
 </way>
 <way id="349985190" visible="true" version="1" changeset="31577387" timestamp="2015-05-30T05:52:23Z" user="Narsimulu" uid="2949621">
  <nd ref="3557568059"/>
  <nd ref="3557568120"/>
  <nd ref="3557568071"/>
  <nd ref="3557568009"/>
  <nd ref="3557568059"/>
  <tag k="building" v="yes"/>
 </way>
 <way id="349985198" visible="true" version="1" changeset="31577387" timestamp="2015-05-30T05:52:23Z" user="Narsimulu" uid="2949621">
  <nd ref="3557568183"/>
  <nd ref="3557568240"/>
  <nd ref="3557568218"/>
  <nd ref="3557568153"/>
  <nd ref="3557568183"/>
  <tag k="building" v="yes"/>
 </way>
 <way id="349985200" visible="true" version="1" changeset="31577387" timestamp="2015-05-30T05:52:23Z" user="Narsimulu" uid="2949621">
  <nd ref="3557568452"/>
  <nd ref="3557568471"/>
  <nd ref="3557568441"/>
  <nd ref="3557568408"/>
  <nd ref="3557568452"/>
  <tag k="building" v="yes"/>
 </way>
 <way id="349985204" visible="true" version="1" changeset="31577387" timestamp="2015-05-30T05:52:23Z" user="Narsimulu" uid="2949621">
  <nd ref="3557567398"/>
  <nd ref="3557567430"/>
  <nd ref="3557567292"/>
  <nd ref="3557567261"/>
  <nd ref="3557567398"/>
  <tag k="building" v="yes"/>
 </way>
 <way id="349985206" visible="true" version="1" changeset="31577387" timestamp="2015-05-30T05:52:23Z" user="Narsimulu" uid="2949621">
  <nd ref="3557568365"/>
  <nd ref="3557568297"/>
  <nd ref="3557568264"/>
  <nd ref="3557568333"/>
  <nd ref="3557568365"/>
  <tag k="building" v="yes"/>
 </way>
 <way id="349985223" visible="true" version="1" changeset="31577387" timestamp="2015-05-30T05:52:23Z" user="Narsimulu" uid="2949621">
  <nd ref="3557567600"/>
  <nd ref="3557567649"/>
  <nd ref="3557567620"/>
  <nd ref="3557567477"/>
  <nd ref="3557567600"/>
  <tag k="building" v="yes"/>
 </way>
 <way id="349985228" visible="true" version="1" changeset="31577387" timestamp="2015-05-30T05:52:23Z" user="Narsimulu" uid="2949621">
  <nd ref="3557568273"/>
  <nd ref="3557568328"/>
  <nd ref="3557568299"/>
  <nd ref="3557568245"/>
  <nd ref="3557568273"/>
  <tag k="building" v="yes"/>
 </way>
 <way id="349985236" visible="true" version="1" changeset="31577387" timestamp="2015-05-30T05:52:24Z" user="Narsimulu" uid="2949621">
  <nd ref="3557568137"/>
  <nd ref="3557568204"/>
  <nd ref="3557568166"/>
  <nd ref="3557568102"/>
  <nd ref="3557568137"/>
  <tag k="building" v="yes"/>
 </way>
 <way id="349985239" visible="true" version="1" changeset="31577387" timestamp="2015-05-30T05:52:24Z" user="Narsimulu" uid="2949621">
  <nd ref="3557568174"/>
  <nd ref="3557568241"/>
  <nd ref="3557568213"/>
  <nd ref="3557568141"/>
  <nd ref="3557568174"/>
  <tag k="building" v="yes"/>
 </way>
 <way id="349985248" visible="true" version="1" changeset="31577387" timestamp="2015-05-30T05:52:24Z" user="Narsimulu" uid="2949621">
  <nd ref="3557568110"/>
  <nd ref="3557568184"/>
  <nd ref="3557568134"/>
  <nd ref="3557568069"/>
  <nd ref="3557568110"/>
  <tag k="building" v="yes"/>
 </way>
 <way id="349985252" visible="true" version="1" changeset="31577387" timestamp="2015-05-30T05:52:24Z" user="Narsimulu" uid="2949621">
  <nd ref="3557567267"/>
  <nd ref="3557567397"/>
  <nd ref="3557567248"/>
  <nd ref="3557567226"/>
  <nd ref="3557567267"/>
  <tag k="building" v="yes"/>
 </way>
 <way id="349985269" visible="true" version="1" changeset="31577387" timestamp="2015-05-30T05:52:24Z" user="Narsimulu" uid="2949621">
  <nd ref="3557567837"/>
  <nd ref="3557567678"/>
  <nd ref="3557567656"/>
  <nd ref="3557567819"/>
  <nd ref="3557567837"/>
  <tag k="building" v="yes"/>
 </way>
 <way id="349985279" visible="true" version="1" changeset="31577387" timestamp="2015-05-30T05:52:25Z" user="Narsimulu" uid="2949621">
  <nd ref="3557567289"/>
  <nd ref="3557567425"/>
  <nd ref="3557567287"/>
  <nd ref="3557567245"/>
  <nd ref="3557567289"/>
  <tag k="building" v="yes"/>
 </way>
 <way id="349985285" visible="true" version="1" changeset="31577387" timestamp="2015-05-30T05:52:25Z" user="Narsimulu" uid="2949621">
  <nd ref="3557567952"/>
  <nd ref="3557567980"/>
  <nd ref="3557568022"/>
  <nd ref="3557568003"/>
  <nd ref="3557567952"/>
  <tag k="building" v="yes"/>
 </way>
 <way id="349985290" visible="true" version="1" changeset="31577387" timestamp="2015-05-30T05:52:25Z" user="Narsimulu" uid="2949621">
  <nd ref="3557568004"/>
  <nd ref="3557568055"/>
  <nd ref="3557567988"/>
  <nd ref="3557567933"/>
  <nd ref="3557568004"/>
  <tag k="building" v="yes"/>
 </way>
 <way id="349985294" visible="true" version="1" changeset="31577387" timestamp="2015-05-30T05:52:25Z" user="Narsimulu" uid="2949621">
  <nd ref="3557567462"/>
  <nd ref="3557567406"/>
  <nd ref="3557567280"/>
  <nd ref="3557567433"/>
  <nd ref="3557567462"/>
  <tag k="building" v="yes"/>
 </way>
 <way id="349985321" visible="true" version="1" changeset="31577387" timestamp="2015-05-30T05:52:26Z" user="Narsimulu" uid="2949621">
  <nd ref="3557568308"/>
  <nd ref="3557568336"/>
  <nd ref="3557568374"/>
  <nd ref="3557568354"/>
  <nd ref="3557568308"/>
  <tag k="building" v="yes"/>
 </way>
 <way id="349985327" visible="true" version="1" changeset="31577387" timestamp="2015-05-30T05:52:26Z" user="Narsimulu" uid="2949621">
  <nd ref="3557567960"/>
  <nd ref="3557568026"/>
  <nd ref="3557567911"/>
  <nd ref="3557567862"/>
  <nd ref="3557567960"/>
  <tag k="building" v="yes"/>
 </way>
 <way id="349985331" visible="true" version="1" changeset="31577387" timestamp="2015-05-30T05:52:26Z" user="Narsimulu" uid="2949621">
  <nd ref="3557568225"/>
  <nd ref="3557568315"/>
  <nd ref="3557568364"/>
  <nd ref="3557568280"/>
  <nd ref="3557568225"/>
  <tag k="building" v="yes"/>
 </way>
 <way id="349985339" visible="true" version="1" changeset="31577387" timestamp="2015-05-30T05:52:26Z" user="Narsimulu" uid="2949621">
  <nd ref="3557567484"/>
  <nd ref="3557567601"/>
  <nd ref="3557567440"/>
  <nd ref="3557567422"/>
  <nd ref="3557567484"/>
  <tag k="building" v="yes"/>
 </way>
 <way id="349985344" visible="true" version="1" changeset="31577387" timestamp="2015-05-30T05:52:26Z" user="Narsimulu" uid="2949621">
  <nd ref="3557567492"/>
  <nd ref="3557567439"/>
  <nd ref="3557567411"/>
  <nd ref="3557567467"/>
  <nd ref="3557567492"/>
  <tag k="building" v="yes"/>
 </way>
 <way id="349985354" visible="true" version="1" changeset="31577387" timestamp="2015-05-30T05:52:27Z" user="Narsimulu" uid="2949621">
  <nd ref="3557567621"/>
  <nd ref="3557567456"/>
  <nd ref="3557567438"/>
  <nd ref="3557567598"/>
  <nd ref="3557567621"/>
  <tag k="building" v="yes"/>
 </way>
 <way id="349985362" visible="true" version="1" changeset="31577387" timestamp="2015-05-30T05:52:27Z" user="Narsimulu" uid="2949621">
  <nd ref="3557567928"/>
  <nd ref="3557567857"/>
  <nd ref="3557567835"/>
  <nd ref="3557567902"/>
  <nd ref="3557567928"/>
  <tag k="building" v="yes"/>
 </way>
 <way id="349985364" visible="true" version="1" changeset="31577387" timestamp="2015-05-30T05:52:27Z" user="Narsimulu" uid="2949621">
  <nd ref="3557568012"/>
  <nd ref="3557567983"/>
  <nd ref="3557567935"/>
  <nd ref="3557567964"/>
  <nd ref="3557568012"/>
  <tag k="building" v="yes"/>
 </way>
 <way id="349985366" visible="true" version="1" changeset="31577387" timestamp="2015-05-30T05:52:27Z" user="Narsimulu" uid="2949621">
  <nd ref="3557567414"/>
  <nd ref="3557567437"/>
  <nd ref="3557567272"/>
  <nd ref="3557567253"/>
  <nd ref="3557567414"/>
  <tag k="building" v="yes"/>
 </way>
 <way id="349985375" visible="true" version="1" changeset="31577387" timestamp="2015-05-30T05:52:27Z" user="Narsimulu" uid="2949621">
  <nd ref="3557568507"/>
  <nd ref="3557568522"/>
  <nd ref="3557568492"/>
  <nd ref="3557568461"/>
  <nd ref="3557568507"/>
  <tag k="building" v="yes"/>
 </way>
 <way id="349985379" visible="true" version="1" changeset="31577387" timestamp="2015-05-30T05:52:27Z" user="Narsimulu" uid="2949621">
  <nd ref="3557568197"/>
  <nd ref="3557568130"/>
  <nd ref="3557568072"/>
  <nd ref="3557568129"/>
  <nd ref="3557568197"/>
  <tag k="building" v="yes"/>
 </way>
 <way id="349985383" visible="true" version="1" changeset="31577387" timestamp="2015-05-30T05:52:27Z" user="Narsimulu" uid="2949621">
  <nd ref="3557568117"/>
  <nd ref="3557568082"/>
  <nd ref="3557568021"/>
  <nd ref="3557568062"/>
  <nd ref="3557568117"/>
  <tag k="building" v="yes"/>
 </way>
 <way id="349985389" visible="true" version="1" changeset="31577387" timestamp="2015-05-30T05:52:27Z" user="Narsimulu" uid="2949621">
  <nd ref="3557567815"/>
  <nd ref="3557567662"/>
  <nd ref="3557567639"/>
  <nd ref="3557567796"/>
  <nd ref="3557567815"/>
  <tag k="building" v="yes"/>
 </way>
 <way id="349985393" visible="true" version="1" changeset="31577387" timestamp="2015-05-30T05:52:28Z" user="Narsimulu" uid="2949621">
  <nd ref="3557567910"/>
  <nd ref="3557567938"/>
  <nd ref="3557567984"/>
  <nd ref="3557567954"/>
  <nd ref="3557567910"/>
  <tag k="building" v="yes"/>
 </way>
 <way id="349985395" visible="true" version="1" changeset="31577387" timestamp="2015-05-30T05:52:28Z" user="Narsimulu" uid="2949621">
  <nd ref="3557568426"/>
  <nd ref="3557568351"/>
  <nd ref="3557568326"/>
  <nd ref="3557568404"/>
  <nd ref="3557568426"/>
  <tag k="building" v="yes"/>
 </way>
 <way id="349985401" visible="true" version="1" changeset="31577387" timestamp="2015-05-30T05:52:28Z" user="Narsimulu" uid="2949621">
  <nd ref="3557567610"/>
  <nd ref="3557567473"/>
  <nd ref="3557567645"/>
  <nd ref="3557567683"/>
  <nd ref="3557567610"/>
  <tag k="building" v="yes"/>
 </way>
 <way id="349985405" visible="true" version="1" changeset="31577387" timestamp="2015-05-30T05:52:28Z" user="Narsimulu" uid="2949621">
  <nd ref="3557567926"/>
  <nd ref="3557567982"/>
  <nd ref="3557567931"/>
  <nd ref="3557567878"/>
  <nd ref="3557567926"/>
  <tag k="building" v="yes"/>
 </way>
 <way id="349985421" visible="true" version="1" changeset="31577387" timestamp="2015-05-30T05:52:28Z" user="Narsimulu" uid="2949621">
  <nd ref="3557567915"/>
  <nd ref="3557567948"/>
  <nd ref="3557567884"/>
  <nd ref="3557567858"/>
  <nd ref="3557567915"/>
  <tag k="building" v="yes"/>
 </way>
 <way id="349985433" visible="true" version="1" changeset="31577387" timestamp="2015-05-30T05:52:28Z" user="Narsimulu" uid="2949621">
  <nd ref="3557568076"/>
  <nd ref="3557568023"/>
  <nd ref="3557567975"/>
  <nd ref="3557568019"/>
  <nd ref="3557568076"/>
  <tag k="building" v="yes"/>
 </way>
 <way id="349985438" visible="true" version="1" changeset="31577387" timestamp="2015-05-30T05:52:29Z" user="Narsimulu" uid="2949621">
  <nd ref="3557567832"/>
  <nd ref="3557567851"/>
  <nd ref="3557567795"/>
  <nd ref="3557567676"/>
  <nd ref="3557567832"/>
  <tag k="building" v="yes"/>
 </way>
 <way id="349985439" visible="true" version="1" changeset="31577387" timestamp="2015-05-30T05:52:29Z" user="Narsimulu" uid="2949621">
  <nd ref="3557567665"/>
  <nd ref="3557567597"/>
  <nd ref="3557567479"/>
  <nd ref="3557567644"/>
  <nd ref="3557567665"/>
  <tag k="building" v="yes"/>
 </way>
 <way id="349985441" visible="true" version="1" changeset="31577387" timestamp="2015-05-30T05:52:29Z" user="Narsimulu" uid="2949621">
  <nd ref="3557567436"/>
  <nd ref="3557567475"/>
  <nd ref="3557567452"/>
  <nd ref="3557567409"/>
  <nd ref="3557567436"/>
  <tag k="building" v="yes"/>
 </way>
 <way id="349985443" visible="true" version="1" changeset="31577387" timestamp="2015-05-30T05:52:29Z" user="Narsimulu" uid="2949621">
  <nd ref="3557567472"/>
  <nd ref="3557567614"/>
  <nd ref="3557567481"/>
  <nd ref="3557567441"/>
  <nd ref="3557567472"/>
  <tag k="building" v="yes"/>
 </way>
 <way id="349985444" visible="true" version="1" changeset="31577387" timestamp="2015-05-30T05:52:29Z" user="Narsimulu" uid="2949621">
  <nd ref="3557568283"/>
  <nd ref="3557568311"/>
  <nd ref="3557568356"/>
  <nd ref="3557568335"/>
  <nd ref="3557568283"/>
  <tag k="building" v="yes"/>
 </way>
 <way id="349985448" visible="true" version="1" changeset="31577387" timestamp="2015-05-30T05:52:29Z" user="Narsimulu" uid="2949621">
  <nd ref="3557567921"/>
  <nd ref="3557567950"/>
  <nd ref="3557567998"/>
  <nd ref="3557567961"/>
  <nd ref="3557567921"/>
  <tag k="building" v="yes"/>
 </way>
 <way id="349985456" visible="true" version="1" changeset="31577387" timestamp="2015-05-30T05:52:30Z" user="Narsimulu" uid="2949621">
  <nd ref="3557567234"/>
  <nd ref="3557567271"/>
  <nd ref="3557567251"/>
  <nd ref="3557567211"/>
  <nd ref="3557567234"/>
  <tag k="building" v="yes"/>
 </way>
 <way id="349985461" visible="true" version="1" changeset="31577387" timestamp="2015-05-30T05:52:30Z" user="Narsimulu" uid="2949621">
  <nd ref="3557567424"/>
  <nd ref="3557567469"/>
  <nd ref="3557567444"/>
  <nd ref="3557567402"/>
  <nd ref="3557567424"/>
  <tag k="building" v="yes"/>
 </way>
 <way id="349985469" visible="true" version="1" changeset="31577387" timestamp="2015-05-30T05:52:30Z" user="Narsimulu" uid="2949621">
  <nd ref="3557568295"/>
  <nd ref="3557568357"/>
  <nd ref="3557568314"/>
  <nd ref="3557568249"/>
  <nd ref="3557568295"/>
  <tag k="building" v="yes"/>
 </way>
 <way id="349985471" visible="true" version="1" changeset="31577387" timestamp="2015-05-30T05:52:30Z" user="Narsimulu" uid="2949621">
  <nd ref="3557568288"/>
  <nd ref="3557568330"/>
  <nd ref="3557568238"/>
  <nd ref="3557568196"/>
  <nd ref="3557568288"/>
  <tag k="building" v="yes"/>
 </way>
 <way id="349985474" visible="true" version="1" changeset="31577387" timestamp="2015-05-30T05:52:30Z" user="Narsimulu" uid="2949621">
  <nd ref="3557568359"/>
  <nd ref="3557568383"/>
  <nd ref="3557568312"/>
  <nd ref="3557568279"/>
  <nd ref="3557568359"/>
  <tag k="building" v="yes"/>
 </way>
 <way id="349985475" visible="true" version="1" changeset="31577387" timestamp="2015-05-30T05:52:31Z" user="Narsimulu" uid="2949621">
  <nd ref="3557567860"/>
  <nd ref="3557567887"/>
  <nd ref="3557567822"/>
  <nd ref="3557567799"/>
  <nd ref="3557567860"/>
  <tag k="building" v="yes"/>
 </way>
 <way id="349985476" visible="true" version="1" changeset="31577387" timestamp="2015-05-30T05:52:31Z" user="Narsimulu" uid="2949621">
  <nd ref="3557568428"/>
  <nd ref="3557568497"/>
  <nd ref="3557568485"/>
  <nd ref="3557568405"/>
  <nd ref="3557568428"/>
  <tag k="building" v="yes"/>
 </way>
 <way id="349985478" visible="true" version="1" changeset="31577387" timestamp="2015-05-30T05:52:31Z" user="Narsimulu" uid="2949621">
  <nd ref="3557568448"/>
  <nd ref="3557568470"/>
  <nd ref="3557568429"/>
  <nd ref="3557568395"/>
  <nd ref="3557568448"/>
  <tag k="building" v="yes"/>
 </way>
 <way id="349985479" visible="true" version="1" changeset="31577387" timestamp="2015-05-30T05:52:31Z" user="Narsimulu" uid="2949621">
  <nd ref="3557568342"/>
  <nd ref="3557568386"/>
  <nd ref="3557568340"/>
  <nd ref="3557568281"/>
  <nd ref="3557568342"/>
  <tag k="building" v="yes"/>
 </way>
 <way id="349985480" visible="true" version="1" changeset="31577387" timestamp="2015-05-30T05:52:31Z" user="Narsimulu" uid="2949621">
  <nd ref="3557568259"/>
  <nd ref="3557568313"/>
  <nd ref="3557568268"/>
  <nd ref="3557568203"/>
  <nd ref="3557568259"/>
  <tag k="building" v="yes"/>
 </way>
 <way id="349985484" visible="true" version="1" changeset="31577387" timestamp="2015-05-30T05:52:31Z" user="Narsimulu" uid="2949621">
  <nd ref="3557568143"/>
  <nd ref="3557568181"/>
  <nd ref="3557568239"/>
  <nd ref="3557568206"/>
  <nd ref="3557568171"/>
  <nd ref="3557568143"/>
  <tag k="building" v="yes"/>
 </way>
 <way id="349985485" visible="true" version="1" changeset="31577387" timestamp="2015-05-30T05:52:31Z" user="Narsimulu" uid="2949621">
  <nd ref="3557568193"/>
  <nd ref="3557568226"/>
  <nd ref="3557568282"/>
  <nd ref="3557568253"/>
  <nd ref="3557568222"/>
  <nd ref="3557568193"/>
  <tag k="building" v="yes"/>
 </way>
 <way id="349985487" visible="true" version="1" changeset="31577387" timestamp="2015-05-30T05:52:31Z" user="Narsimulu" uid="2949621">
  <nd ref="3557567460"/>
  <nd ref="3557567654"/>
  <nd ref="3557567629"/>
  <nd ref="3557567625"/>
  <nd ref="3557567450"/>
  <nd ref="3557567419"/>
  <nd ref="3557567400"/>
  <nd ref="3557567460"/>
  <tag k="building" v="yes"/>
 </way>
 <way id="681827392" visible="true" version="5" changeset="129985277" timestamp="2022-12-12T05:58:33Z" user="Pooja Koul" uid="16283053">
  <nd ref="6385280598"/>
  <nd ref="10254877752"/>
  <nd ref="9873662600"/>
  <nd ref="10254950535"/>
  <nd ref="9873662598"/>
  <nd ref="10254855929"/>
  <nd ref="6385280597"/>
  <tag k="highway" v="residential"/>
 </way>
 <way id="681827393" visible="true" version="4" changeset="147515765" timestamp="2024-02-16T04:58:55Z" user="kunalchhapre" uid="19795114">
  <nd ref="6385280601"/>
  <nd ref="11185621959"/>
  <nd ref="11185582960"/>
  <nd ref="6385280600"/>
  <tag k="access" v="private"/>
  <tag k="highway" v="residential"/>
 </way>
 <way id="681827394" visible="true" version="4" changeset="147515765" timestamp="2024-02-16T04:58:55Z" user="kunalchhapre" uid="19795114">
  <nd ref="6385280603"/>
  <nd ref="11185622148"/>
  <nd ref="9873677682"/>
  <nd ref="6385280600"/>
  <nd ref="9873677684"/>
  <nd ref="6385280602"/>
  <tag k="access" v="private"/>
  <tag k="highway" v="residential"/>
 </way>
 <way id="681827397" visible="true" version="7" changeset="146056988" timestamp="2024-01-09T08:41:24Z" user="tusharvalvi" uid="16531141">
  <nd ref="6385280610"/>
  <nd ref="6385280599"/>
  <nd ref="6385280609"/>
  <tag k="highway" v="residential"/>
 </way>
 <way id="776791667" visible="true" version="4" changeset="147515765" timestamp="2024-02-16T04:58:55Z" user="kunalchhapre" uid="19795114">
  <nd ref="7247911168"/>
  <nd ref="11185620720"/>
  <nd ref="7247911167"/>
  <tag k="access" v="private"/>
  <tag k="highway" v="residential"/>
 </way>
 <way id="1076047851" visible="true" version="2" changeset="146056988" timestamp="2024-01-09T08:41:24Z" user="tusharvalvi" uid="16531141">
  <nd ref="9868089370"/>
  <nd ref="11502622123"/>
  <nd ref="2920313912"/>
  <tag k="highway" v="residential"/>
  <tag k="source" v="maxar"/>
 </way>
 <way id="1076047852" visible="true" version="2" changeset="146056988" timestamp="2024-01-09T08:41:24Z" user="tusharvalvi" uid="16531141">
  <nd ref="9868089370"/>
  <nd ref="9868089372"/>
  <tag k="highway" v="residential"/>
  <tag k="source" v="maxar"/>
 </way>
 <way id="1076047853" visible="true" version="3" changeset="123343553" timestamp="2022-07-08T05:35:25Z" user="VLD106" uid="9124217">
  <nd ref="6385280609"/>
  <nd ref="9873677674"/>
  <nd ref="9873674458"/>
  <nd ref="9873677673"/>
  <nd ref="9873677672"/>
  <nd ref="9873677671"/>
  <nd ref="9873677670"/>
  <nd ref="9868089373"/>
  <nd ref="9868089370"/>
  <nd ref="9868089374"/>
  <nd ref="9868089375"/>
  <tag k="highway" v="residential"/>
  <tag k="source" v="maxar"/>
 </way>
 <way id="1076748642" visible="true" version="4" changeset="147515765" timestamp="2024-02-16T04:58:55Z" user="kunalchhapre" uid="19795114">
  <nd ref="9873671117"/>
  <nd ref="9873671119"/>
  <nd ref="7247911167"/>
  <nd ref="7247911166"/>
  <tag k="access" v="private"/>
  <tag k="highway" v="residential"/>
 </way>
 <way id="1076749610" visible="true" version="3" changeset="147515765" timestamp="2024-02-16T04:58:55Z" user="kunalchhapre" uid="19795114">
  <nd ref="9873677682"/>
  <nd ref="9873677686"/>
  <nd ref="9873677683"/>
  <tag k="access" v="private"/>
  <tag k="highway" v="residential"/>
  <tag k="source" v="maxar"/>
 </way>
 <way id="1076749611" visible="true" version="3" changeset="147515765" timestamp="2024-02-16T04:58:55Z" user="kunalchhapre" uid="19795114">
  <nd ref="9873677684"/>
  <nd ref="9873677687"/>
  <nd ref="9873677685"/>
  <tag k="access" v="private"/>
  <tag k="highway" v="residential"/>
  <tag k="source" v="maxar"/>
 </way>
 <way id="1076749612" visible="true" version="3" changeset="147515765" timestamp="2024-02-16T04:58:55Z" user="kunalchhapre" uid="19795114">
  <nd ref="9873677686"/>
  <nd ref="9873677687"/>
  <tag k="access" v="private"/>
  <tag k="highway" v="residential"/>
  <tag k="source" v="maxar"/>
 </way>
 <way id="1076749925" visible="true" version="2" changeset="146056707" timestamp="2024-01-09T08:33:22Z" user="tusharvalvi" uid="16531141">
  <nd ref="9873674456"/>
  <nd ref="9873662605"/>
  <nd ref="11502593156"/>
  <nd ref="9873674458"/>
  <tag k="highway" v="residential"/>
  <tag k="source" v="maxar"/>
 </way>
 <way id="1121566251" visible="true" version="4" changeset="147515765" timestamp="2024-02-16T04:58:55Z" user="kunalchhapre" uid="19795114">
  <nd ref="10258446571"/>
  <nd ref="11185621960"/>
  <nd ref="10258446572"/>
  <nd ref="11185582959"/>
  <nd ref="11185582960"/>
  <tag k="access" v="private"/>
  <tag k="highway" v="residential"/>
 </way>
 <way id="1121566252" visible="true" version="3" changeset="147515765" timestamp="2024-02-16T04:58:55Z" user="kunalchhapre" uid="19795114">
  <nd ref="2507744196"/>
  <nd ref="11185621961"/>
  <nd ref="10258446573"/>
  <tag k="access" v="private"/>
  <tag k="highway" v="residential"/>
 </way>
 <way id="1207149529" visible="true" version="1" changeset="141158777" timestamp="2023-09-12T11:27:21Z" user="nileshdhandak" uid="16638013">
  <nd ref="6385280609"/>
  <nd ref="6385280598"/>
  <tag k="highway" v="residential"/>
 </way>
 <way id="1207149530" visible="true" version="2" changeset="146056988" timestamp="2024-01-09T08:41:24Z" user="tusharvalvi" uid="16531141">
  <nd ref="11185571759"/>
  <nd ref="10254877752"/>
  <tag k="highway" v="residential"/>
 </way>
 <way id="1207151829" visible="true" version="2" changeset="147515765" timestamp="2024-02-16T04:58:55Z" user="kunalchhapre" uid="19795114">
  <nd ref="6385280608"/>
  <nd ref="11185620721"/>
  <nd ref="6385280602"/>
  <nd ref="7247911166"/>
  <nd ref="6385280606"/>
  <tag k="access" v="private"/>
  <tag k="highway" v="residential"/>
 </way>
 <way id="1207151830" visible="true" version="1" changeset="141159053" timestamp="2023-09-12T11:35:07Z" user="nileshdhandak" uid="16638013">
  <nd ref="2920313914"/>
  <nd ref="9868089375"/>
  <nd ref="7247911168"/>
  <nd ref="6385280608"/>
  <tag k="highway" v="residential"/>
  <tag k="source" v="bing"/>
 </way>
 <way id="1207152255" visible="true" version="1" changeset="141159166" timestamp="2023-09-12T11:38:31Z" user="nileshdhandak" uid="16638013">
  <nd ref="6385280599"/>
  <nd ref="6385280601"/>
  <tag k="highway" v="residential"/>
 </way>
 <way id="1207152256" visible="true" version="1" changeset="141159166" timestamp="2023-09-12T11:38:31Z" user="nileshdhandak" uid="16638013">
  <nd ref="6385280608"/>
  <nd ref="6385280601"/>
  <tag k="highway" v="residential"/>
  <tag k="source" v="bing"/>
 </way>
 <way id="1238258849" visible="true" version="1" changeset="146056412" timestamp="2024-01-09T08:25:04Z" user="tusharvalvi" uid="16531141">
  <nd ref="9873677670"/>
  <nd ref="11502602149"/>
  <tag k="highway" v="residential"/>
 </way>
 <way id="1238259963" visible="true" version="2" changeset="146056988" timestamp="2024-01-09T08:41:24Z" user="tusharvalvi" uid="16531141">
  <nd ref="11502593156"/>
  <nd ref="9868089379"/>
  <nd ref="11502602149"/>
  <nd ref="11502622124"/>
  <nd ref="11502593157"/>
  <tag k="highway" v="residential"/>
 </way>
 <way id="1238260922" visible="true" version="1" changeset="146056988" timestamp="2024-01-09T08:41:24Z" user="tusharvalvi" uid="16531141">
  <nd ref="6385280609"/>
  <nd ref="9868089372"/>
  <nd ref="6385280608"/>
  <tag k="highway" v="residential"/>
 </way>
 <way id="1251035996" visible="true" version="1" changeset="147515996" timestamp="2024-02-16T05:13:09Z" user="kunalchhapre" uid="19795114">
  <nd ref="11185582959"/>
  <nd ref="10258446573"/>
  <nd ref="11629460981"/>
  <tag k="access" v="private"/>
  <tag k="highway" v="residential"/>
 </way>
 <relation id="3680166" visible="true" version="5" changeset="178385675" timestamp="2026-02-11T02:47:50Z" user="contrapunctus" uid="4685130">
  <member type="node" ref="2708361365" role="label"/>
  <member type="way" ref="288474730" role="outer"/>
  <member type="way" ref="288474731" role="outer"/>
  <member type="way" ref="294159461" role="outer"/>
  <member type="way" ref="294159470" role="outer"/>
  <member type="way" ref="221617484" role="outer"/>
  <member type="way" ref="276704968" role="outer"/>
  <tag k="admin_level" v="10"/>
  <tag k="boundary" v="administrative"/>
  <tag k="landuse" v="residential"/>
  <tag k="name" v="Tagore Garden"/>
  <tag k="name:hi" v="टैगोर गार्डन"/>
  <tag k="type" v="boundary"/>
 </relation>
 <relation id="16318240" visible="true" version="1" changeset="141158866" timestamp="2023-09-12T11:29:48Z" user="nileshdhandak" uid="16638013">
  <member type="way" ref="349830530" role="outer"/>
  <member type="way" ref="349830305" role="outer"/>
  <tag k="building" v="yes"/>
  <tag k="type" v="multipolygon"/>
 </relation>
</osm>
