<?xml version="1.0" encoding="UTF-8"?>
<osm version="0.6" generator="openstreetmap-cgimap 2.1.0 (2942777 spike-08.openstreetmap.org)" copyright="OpenStreetMap and contributors" attribution="http://www.openstreetmap.org/copyright" license="http://opendatacommons.org/licenses/odbl/1-0/">
 <bounds minlat="28.6458400" minlon="77.1067500" maxlat="28.6488860" maxlon="77.1131120"/>
 <node id="1999317920" visible="true" version="1" changeset="13766871" timestamp="2012-11-05T22:02:11Z" user="Oberaffe" uid="56597" lat="28.6507089" lon="77.1073871">
  <tag k="power" v="tower"/>
 </node>
 <node id="1999317931" visible="true" version="1" changeset="13766871" timestamp="2012-11-05T22:02:11Z" user="Oberaffe" uid="56597" lat="28.6522903" lon="77.1081931">
  <tag k="power" v="tower"/>
 </node>
 <node id="1999317932" visible="true" version="1" changeset="13766871" timestamp="2012-11-05T22:02:11Z" user="Oberaffe" uid="56597" lat="28.6523671" lon="77.1090258">
  <tag k="power" v="tower"/>
 </node>
 <node id="1999317934" visible="true" version="1" changeset="13766871" timestamp="2012-11-05T22:02:11Z" user="Oberaffe" uid="56597" lat="28.6530027" lon="77.1093585">
  <tag k="power" v="tower"/>
 </node>
 <node id="1999317938" visible="true" version="1" changeset="13766871" timestamp="2012-11-05T22:02:11Z" user="Oberaffe" uid="56597" lat="28.6543551" lon="77.1092208">
  <tag k="power" v="tower"/>
 </node>
 <node id="1999317946" visible="true" version="1" changeset="13766871" timestamp="2012-11-05T22:02:12Z" user="Oberaffe" uid="56597" lat="28.6557101" lon="77.1090828">
  <tag k="power" v="tower"/>
 </node>
 <node id="1999317947" visible="true" version="1" changeset="13766871" timestamp="2012-11-05T22:02:12Z" user="Oberaffe" uid="56597" lat="28.6558616" lon="77.0915422">
  <tag k="power" v="tower"/>
 </node>
 <node id="1999317948" visible="true" version="1" changeset="13766871" timestamp="2012-11-05T22:02:12Z" user="Oberaffe" uid="56597" lat="28.6558643" lon="77.0891515">
  <tag k="power" v="tower"/>
 </node>
 <node id="1999317950" visible="true" version="1" changeset="13766871" timestamp="2012-11-05T22:02:12Z" user="Oberaffe" uid="56597" lat="28.6563867" lon="77.0866362">
  <tag k="power" v="tower"/>
 </node>
 <node id="1999317952" visible="true" version="1" changeset="13766871" timestamp="2012-11-05T22:02:12Z" user="Oberaffe" uid="56597" lat="28.6568596" lon="77.0845539">
  <tag k="power" v="tower"/>
 </node>
 <node id="1999317954" visible="true" version="1" changeset="13766871" timestamp="2012-11-05T22:02:12Z" user="Oberaffe" uid="56597" lat="28.6570013" lon="77.1089132">
  <tag k="power" v="tower"/>
 </node>
 <node id="1999317955" visible="true" version="1" changeset="13766871" timestamp="2012-11-05T22:02:12Z" user="Oberaffe" uid="56597" lat="28.6573566" lon="77.0822041">
  <tag k="power" v="tower"/>
 </node>
 <node id="1999317956" visible="true" version="1" changeset="13766871" timestamp="2012-11-05T22:02:12Z" user="Oberaffe" uid="56597" lat="28.6577239" lon="77.0817353">
  <tag k="power" v="tower"/>
 </node>
 <node id="1999317957" visible="true" version="1" changeset="13766871" timestamp="2012-11-05T22:02:12Z" user="Oberaffe" uid="56597" lat="28.6578619" lon="77.0937190">
  <tag k="power" v="tower"/>
 </node>
 <node id="1999317962" visible="true" version="1" changeset="13766871" timestamp="2012-11-05T22:02:12Z" user="Oberaffe" uid="56597" lat="28.6586194" lon="77.1088087">
  <tag k="power" v="tower"/>
 </node>
 <node id="1999317964" visible="true" version="1" changeset="13766871" timestamp="2012-11-05T22:02:12Z" user="Oberaffe" uid="56597" lat="28.6591059" lon="77.0950726">
  <tag k="power" v="tower"/>
 </node>
 <node id="1999317969" visible="true" version="1" changeset="13766871" timestamp="2012-11-05T22:02:12Z" user="Oberaffe" uid="56597" lat="28.6598571" lon="77.1083410">
  <tag k="power" v="tower"/>
 </node>
 <node id="1999317970" visible="true" version="1" changeset="13766871" timestamp="2012-11-05T22:02:12Z" user="Oberaffe" uid="56597" lat="28.6599272" lon="77.0961317">
  <tag k="power" v="tower"/>
 </node>
 <node id="1999317971" visible="true" version="1" changeset="13766871" timestamp="2012-11-05T22:02:12Z" user="Oberaffe" uid="56597" lat="28.6612031" lon="77.0977439">
  <tag k="power" v="tower"/>
 </node>
 <node id="1999317972" visible="true" version="1" changeset="13766871" timestamp="2012-11-05T22:02:12Z" user="Oberaffe" uid="56597" lat="28.6617352" lon="77.1012246">
  <tag k="power" v="tower"/>
 </node>
 <node id="1999317973" visible="true" version="1" changeset="13766871" timestamp="2012-11-05T22:02:12Z" user="Oberaffe" uid="56597" lat="28.6618205" lon="77.1071510">
  <tag k="power" v="tower"/>
 </node>
 <node id="1999317974" visible="true" version="1" changeset="13766871" timestamp="2012-11-05T22:02:12Z" user="Oberaffe" uid="56597" lat="28.6618944" lon="77.0996667">
  <tag k="power" v="tower"/>
 </node>
 <node id="1999317975" visible="true" version="1" changeset="13766871" timestamp="2012-11-05T22:02:12Z" user="Oberaffe" uid="56597" lat="28.6620523" lon="77.1052538">
  <tag k="power" v="tower"/>
 </node>
 <node id="1999317976" visible="true" version="1" changeset="13766871" timestamp="2012-11-05T22:02:13Z" user="Oberaffe" uid="56597" lat="28.6621205" lon="77.1036294">
  <tag k="power" v="tower"/>
 </node>
 <node id="2306072273" visible="true" version="1" changeset="16148395" timestamp="2013-05-16T08:21:15Z" user="n'garh" uid="600918" lat="28.6444182" lon="77.1134662"/>
 <node id="2306499993" visible="true" version="1" changeset="16154543" timestamp="2013-05-16T15:33:47Z" user="n'garh" uid="600918" lat="28.6492617" lon="77.1099190"/>
 <node id="2306499996" visible="true" version="2" changeset="18527551" timestamp="2013-10-24T21:42:48Z" user="matvey_kiev_ua" uid="371387" lat="28.6490617" lon="77.1108609"/>
 <node id="2306499997" visible="true" version="2" changeset="18527551" timestamp="2013-10-24T21:42:48Z" user="matvey_kiev_ua" uid="371387" lat="28.6499639" lon="77.1124177"/>
 <node id="2306499998" visible="true" version="2" changeset="18527551" timestamp="2013-10-24T21:42:48Z" user="matvey_kiev_ua" uid="371387" lat="28.6493520" lon="77.1114526"/>
 <node id="2306499999" visible="true" version="2" changeset="18527551" timestamp="2013-10-24T21:42:48Z" user="matvey_kiev_ua" uid="371387" lat="28.6490281" lon="77.1105490"/>
 <node id="2306500000" visible="true" version="2" changeset="18527551" timestamp="2013-10-24T21:42:48Z" user="matvey_kiev_ua" uid="371387" lat="28.6475444" lon="77.1069103"/>
 <node id="2306500001" visible="true" version="1" changeset="16154543" timestamp="2013-05-16T15:33:47Z" user="n'garh" uid="600918" lat="28.6491308" lon="77.1100655"/>
 <node id="2306500002" visible="true" version="1" changeset="16154543" timestamp="2013-05-16T15:33:47Z" user="n'garh" uid="600918" lat="28.6431330" lon="77.1107843"/>
 <node id="2306500003" visible="true" version="1" changeset="16154543" timestamp="2013-05-16T15:33:47Z" user="n'garh" uid="600918" lat="28.6506928" lon="77.1133952"/>
 <node id="2306500004" visible="true" version="1" changeset="16154543" timestamp="2013-05-16T15:33:47Z" user="n'garh" uid="600918" lat="28.6462299" lon="77.1078913"/>
 <node id="2306500005" visible="true" version="2" changeset="18527551" timestamp="2013-10-24T21:42:48Z" user="matvey_kiev_ua" uid="371387" lat="28.6490601" lon="77.1102448"/>
 <node id="2306500006" visible="true" version="1" changeset="16154543" timestamp="2013-05-16T15:33:48Z" user="n'garh" uid="600918" lat="28.6464756" lon="77.1083381"/>
 <node id="2306500007" visible="true" version="1" changeset="16154543" timestamp="2013-05-16T15:33:48Z" user="n'garh" uid="600918" lat="28.6485461" lon="77.1151869"/>
 <node id="2306500010" visible="true" version="1" changeset="16154543" timestamp="2013-05-16T15:33:48Z" user="n'garh" uid="600918" lat="28.6498077" lon="77.1142213"/>
 <node id="2306500039" visible="true" version="2" changeset="16154543" timestamp="2013-05-16T15:34:40Z" user="n'garh" uid="600918" lat="28.6434970" lon="77.1115943"/>
 <node id="2507744188" visible="true" version="2" changeset="68932184" timestamp="2019-04-05T18:12:25Z" user="contrapunctus" uid="4685130" lat="28.6446538" lon="77.1066721"/>
 <node id="2507744190" visible="true" version="1" changeset="18527551" timestamp="2013-10-24T21:42:46Z" user="matvey_kiev_ua" uid="371387" lat="28.6463357" lon="77.1079175"/>
 <node id="2507744191" visible="true" version="1" changeset="18527551" timestamp="2013-10-24T21:42:46Z" user="matvey_kiev_ua" uid="371387" lat="28.6454554" lon="77.1125523"/>
 <node id="2507744192" visible="true" version="1" changeset="18527551" timestamp="2013-10-24T21:42:46Z" user="matvey_kiev_ua" uid="371387" lat="28.6462416" lon="77.1129278"/>
 <node id="2507744196" visible="true" version="1" changeset="18527551" timestamp="2013-10-24T21:42:46Z" user="matvey_kiev_ua" uid="371387" lat="28.6471549" lon="77.1128152"/>
 <node id="2507744197" visible="true" version="1" changeset="18527551" timestamp="2013-10-24T21:42:46Z" user="matvey_kiev_ua" uid="371387" lat="28.6453459" lon="77.1073883"/>
 <node id="2507744198" visible="true" version="1" changeset="18527551" timestamp="2013-10-24T21:42:46Z" user="matvey_kiev_ua" uid="371387" lat="28.6466700" lon="77.1129439"/>
 <node id="2507744200" visible="true" version="4" changeset="146057421" timestamp="2024-01-09T08:53:56Z" user="tusharvalvi" uid="16531141" lat="28.6457768" lon="77.1101031"/>
 <node id="2507744204" visible="true" version="1" changeset="18527551" timestamp="2013-10-24T21:42:46Z" user="matvey_kiev_ua" uid="371387" lat="28.6459026" lon="77.1128474"/>
 <node id="2507744206" visible="true" version="2" changeset="123343456" timestamp="2022-07-08T05:32:18Z" user="VLD106" uid="9124217" lat="28.6473162" lon="77.1126855"/>
 <node id="2507744207" visible="true" version="1" changeset="18527551" timestamp="2013-10-24T21:42:46Z" user="matvey_kiev_ua" uid="371387" lat="28.6419797" lon="77.1079462"/>
 <node id="2507744215" visible="true" version="1" changeset="18527551" timestamp="2013-10-24T21:42:46Z" user="matvey_kiev_ua" uid="371387" lat="28.6452765" lon="77.1092639"/>
 <node id="2507744217" visible="true" version="2" changeset="123303571" timestamp="2022-07-07T06:58:53Z" user="VLD106" uid="9124217" lat="28.6498437" lon="77.1073303"/>
 <node id="2507744219" visible="true" version="2" changeset="72541107" timestamp="2019-07-23T06:44:49Z" user="seena monachan" uid="9086401" lat="28.6453129" lon="77.1123283"/>
 <node id="2507744220" visible="true" version="2" changeset="146057421" timestamp="2024-01-09T08:53:56Z" user="tusharvalvi" uid="16531141" lat="28.6470526" lon="77.1091427"/>
 <node id="2507744222" visible="true" version="1" changeset="18527551" timestamp="2013-10-24T21:42:46Z" user="matvey_kiev_ua" uid="371387" lat="28.6459457" lon="77.1087259"/>
 <node id="2507744223" visible="true" version="1" changeset="18527551" timestamp="2013-10-24T21:42:46Z" user="matvey_kiev_ua" uid="371387" lat="28.6474656" lon="77.1098486"/>
 <node id="2507744225" visible="true" version="2" changeset="123231853" timestamp="2022-07-05T11:53:40Z" user="VLD148" uid="10979428" lat="28.6502240" lon="77.1063151"/>
 <node id="2507744227" visible="true" version="1" changeset="18527551" timestamp="2013-10-24T21:42:47Z" user="matvey_kiev_ua" uid="371387" lat="28.6521485" lon="77.1060525"/>
 <node id="2507744229" visible="true" version="3" changeset="146057421" timestamp="2024-01-09T08:53:56Z" user="tusharvalvi" uid="16531141" lat="28.6459963" lon="77.1104713"/>
 <node id="2507744234" visible="true" version="2" changeset="146057421" timestamp="2024-01-09T08:53:56Z" user="tusharvalvi" uid="16531141" lat="28.6469390" lon="77.1089487"/>
 <node id="2507744236" visible="true" version="2" changeset="146057421" timestamp="2024-01-09T08:53:56Z" user="tusharvalvi" uid="16531141" lat="28.6447651" lon="77.1113889"/>
 <node id="2507744237" visible="true" version="2" changeset="123231853" timestamp="2022-07-05T11:53:40Z" user="VLD148" uid="10979428" lat="28.6503826" lon="77.1062132"/>
 <node id="2507744242" visible="true" version="2" changeset="123342214" timestamp="2022-07-08T04:33:05Z" user="VLD106" uid="9124217" lat="28.6456278" lon="77.1127216"/>
 <node id="2507744246" visible="true" version="1" changeset="18527551" timestamp="2013-10-24T21:42:47Z" user="matvey_kiev_ua" uid="371387" lat="28.6469571" lon="77.1129117"/>
 <node id="2507757289" visible="true" version="1" changeset="18527551" timestamp="2013-10-24T21:58:39Z" user="matvey_kiev_ua" uid="371387" lat="28.6481094" lon="77.1156495"/>
 <node id="2507757290" visible="true" version="1" changeset="18527551" timestamp="2013-10-24T21:58:39Z" user="matvey_kiev_ua" uid="371387" lat="28.6473997" lon="77.1144138"/>
 <node id="2507757303" visible="true" version="3" changeset="61416739" timestamp="2018-08-06T21:56:42Z" user="AntMan24" uid="7629377" lat="28.6512960" lon="77.1196097"/>
 <node id="2507757320" visible="true" version="1" changeset="18527551" timestamp="2013-10-24T21:58:39Z" user="matvey_kiev_ua" uid="371387" lat="28.6504267" lon="77.1181259"/>
 <node id="2507757334" visible="true" version="1" changeset="18527551" timestamp="2013-10-24T21:58:40Z" user="matvey_kiev_ua" uid="371387" lat="28.6502796" lon="77.1179776"/>
 <node id="2507757341" visible="true" version="1" changeset="18527551" timestamp="2013-10-24T21:58:40Z" user="matvey_kiev_ua" uid="371387" lat="28.6491733" lon="77.1174090"/>
 <node id="2507757345" visible="true" version="1" changeset="18527551" timestamp="2013-10-24T21:58:40Z" user="matvey_kiev_ua" uid="371387" lat="28.6480635" lon="77.1155617"/>
 <node id="2507757355" visible="true" version="1" changeset="18527551" timestamp="2013-10-24T21:58:40Z" user="matvey_kiev_ua" uid="371387" lat="28.6501478" lon="77.1178971"/>
 <node id="2507757357" visible="true" version="1" changeset="18527551" timestamp="2013-10-24T21:58:40Z" user="matvey_kiev_ua" uid="371387" lat="28.6490933" lon="77.1173017"/>
 <node id="2696048909" visible="true" version="4" changeset="31578499" timestamp="2015-05-30T07:20:43Z" user="Narsimulu" uid="2949621" lat="28.6433377" lon="77.1051475"/>
 <node id="2696109384" visible="true" version="3" changeset="31578499" timestamp="2015-05-30T07:20:43Z" user="Narsimulu" uid="2949621" lat="28.6520877" lon="77.1133961"/>
 <node id="2696109417" visible="true" version="2" changeset="31578499" timestamp="2015-05-30T07:20:43Z" user="Narsimulu" uid="2949621" lat="28.6512978" lon="77.1099704"/>
 <node id="2696125857" visible="true" version="2" changeset="31578499" timestamp="2015-05-30T07:20:43Z" user="Narsimulu" uid="2949621" lat="28.6465287" lon="77.1077567"/>
 <node id="2708361365" visible="true" version="3" changeset="178385675" timestamp="2026-02-11T02:47:50Z" user="contrapunctus" uid="4685130" lat="28.6473773" lon="77.1122901">
  <tag k="name" v="Tagore Garden"/>
  <tag k="name:hi" v="टैगोर गार्डन"/>
  <tag k="place" v="neighbourhood"/>
 </node>
 <node id="2708379210" visible="true" version="1" changeset="20999195" timestamp="2014-03-09T07:39:31Z" user="n'garh" uid="600918" lat="28.6469160" lon="77.1091251"/>
 <node id="2708379218" visible="true" version="1" changeset="20999195" timestamp="2014-03-09T07:39:31Z" user="n'garh" uid="600918" lat="28.6458143" lon="77.1099834"/>
 <node id="2708379253" visible="true" version="1" changeset="20999195" timestamp="2014-03-09T07:39:32Z" user="n'garh" uid="600918" lat="28.6453125" lon="77.1091893"/>
 <node id="2812952937" visible="true" version="3" changeset="31737528" timestamp="2015-06-05T06:43:30Z" user="Nikhil04" uid="2891363" lat="28.6541134" lon="77.1165278"/>
 <node id="2812988533" visible="true" version="1" changeset="21904235" timestamp="2014-04-24T10:13:19Z" user="n'garh" uid="600918" lat="28.6485206" lon="77.1084670"/>
 <node id="2812988534" visible="true" version="1" changeset="21904235" timestamp="2014-04-24T10:13:19Z" user="n'garh" uid="600918" lat="28.6492775" lon="77.1098053"/>
 <node id="2812988535" visible="true" version="1" changeset="21904235" timestamp="2014-04-24T10:13:19Z" user="n'garh" uid="600918" lat="28.6497574" lon="77.1094807"/>
 <node id="2812988536" visible="true" version="1" changeset="21904235" timestamp="2014-04-24T10:13:19Z" user="n'garh" uid="600918" lat="28.6498705" lon="77.1074267"/>
 <node id="2812988537" visible="true" version="1" changeset="21904235" timestamp="2014-04-24T10:13:19Z" user="n'garh" uid="600918" lat="28.6498900" lon="77.1094051"/>
 <node id="2812988538" visible="true" version="1" changeset="21904235" timestamp="2014-04-24T10:13:19Z" user="n'garh" uid="600918" lat="28.6500227" lon="77.1094051"/>
 <node id="2812988539" visible="true" version="1" changeset="21904235" timestamp="2014-04-24T10:13:19Z" user="n'garh" uid="600918" lat="28.6503387" lon="77.1082625"/>
 <node id="2812988540" visible="true" version="1" changeset="21904235" timestamp="2014-04-24T10:13:19Z" user="n'garh" uid="600918" lat="28.6506118" lon="77.1095474"/>
 <node id="2812988541" visible="true" version="1" changeset="21904235" timestamp="2014-04-24T10:13:19Z" user="n'garh" uid="600918" lat="28.6506157" lon="77.1081647"/>
 <node id="2920313907" visible="true" version="2" changeset="31558063" timestamp="2015-05-29T09:44:12Z" user="Narsimulu" uid="2949621" lat="28.6480050" lon="77.1154746"/>
 <node id="2920313912" visible="true" version="3" changeset="123343456" timestamp="2022-07-08T05:32:18Z" user="VLD106" uid="9124217" lat="28.6490272" lon="77.1108388"/>
 <node id="2920313914" visible="true" version="1" changeset="22984850" timestamp="2014-06-17T13:37:55Z" user="n'garh" uid="600918" lat="28.6492353" lon="77.1112198"/>
 <node id="2920313915" visible="true" version="1" changeset="22984850" timestamp="2014-06-17T13:37:55Z" user="n'garh" uid="600918" lat="28.6492735" lon="77.1099101"/>
 <node id="2955578269" visible="true" version="1" changeset="24042341" timestamp="2014-07-09T10:06:41Z" user="n'garh" uid="600918" lat="28.6453525" lon="77.1061134"/>
 <node id="2955578270" visible="true" version="1" changeset="24042341" timestamp="2014-07-09T10:06:41Z" user="n'garh" uid="600918" lat="28.6460704" lon="77.1071615"/>
 <node id="2955578271" visible="true" version="1" changeset="24042341" timestamp="2014-07-09T10:06:41Z" user="n'garh" uid="600918" lat="28.6461441" lon="77.1074095"/>
 <node id="2955578272" visible="true" version="1" changeset="24042341" timestamp="2014-07-09T10:06:41Z" user="n'garh" uid="600918" lat="28.6462521" lon="77.1076534"/>
 <node id="2955578273" visible="true" version="1" changeset="24042341" timestamp="2014-07-09T10:06:41Z" user="n'garh" uid="600918" lat="28.6466394" lon="77.1053725"/>
 <node id="2955578274" visible="true" version="2" changeset="24156986" timestamp="2014-07-15T09:25:12Z" user="n'garh" uid="600918" lat="28.6469390" lon="77.1050524"/>
 <node id="2955578275" visible="true" version="4" changeset="146059357" timestamp="2024-01-09T09:46:19Z" user="tusharvalvi" uid="16531141" lat="28.6474916" lon="77.1069141"/>
 <node id="2955578276" visible="true" version="3" changeset="146059357" timestamp="2024-01-09T09:46:19Z" user="tusharvalvi" uid="16531141" lat="28.6481658" lon="77.1080476"/>
 <node id="2955578277" visible="true" version="3" changeset="146059357" timestamp="2024-01-09T09:46:19Z" user="tusharvalvi" uid="16531141" lat="28.6484068" lon="77.1084529"/>
 <node id="2955578278" visible="true" version="1" changeset="24042341" timestamp="2014-07-09T10:06:41Z" user="n'garh" uid="600918" lat="28.6484433" lon="77.1084851"/>
 <node id="2955578279" visible="true" version="1" changeset="24042341" timestamp="2014-07-09T10:06:41Z" user="n'garh" uid="600918" lat="28.6498709" lon="77.1074003"/>
 <node id="2955578280" visible="true" version="1" changeset="24042341" timestamp="2014-07-09T10:06:41Z" user="n'garh" uid="600918" lat="28.6503434" lon="77.1082115"/>
 <node id="2955578281" visible="true" version="2" changeset="31578499" timestamp="2015-05-30T07:20:43Z" user="Narsimulu" uid="2949621" lat="28.6519346" lon="77.1079131"/>
 <node id="2955578282" visible="true" version="2" changeset="31578499" timestamp="2015-05-30T07:20:43Z" user="Narsimulu" uid="2949621" lat="28.6522172" lon="77.1099461"/>
 <node id="2955578283" visible="true" version="1" changeset="24042341" timestamp="2014-07-09T10:06:41Z" user="n'garh" uid="600918" lat="28.6527015" lon="77.1098887"/>
 <node id="2955578284" visible="true" version="1" changeset="24042341" timestamp="2014-07-09T10:06:41Z" user="n'garh" uid="600918" lat="28.6528736" lon="77.1108720"/>
 <node id="2955578285" visible="true" version="1" changeset="24042341" timestamp="2014-07-09T10:06:41Z" user="n'garh" uid="600918" lat="28.6530699" lon="77.1115543"/>
 <node id="2955578286" visible="true" version="1" changeset="24042341" timestamp="2014-07-09T10:06:41Z" user="n'garh" uid="600918" lat="28.6533511" lon="77.1125514"/>
 <node id="2955578287" visible="true" version="1" changeset="24042341" timestamp="2014-07-09T10:06:41Z" user="n'garh" uid="600918" lat="28.6536201" lon="77.1138358"/>
 <node id="2955578289" visible="true" version="1" changeset="24042341" timestamp="2014-07-09T10:06:41Z" user="n'garh" uid="600918" lat="28.6539561" lon="77.1152733"/>
 <node id="3556229650" visible="true" version="1" changeset="31560336" timestamp="2015-05-29T11:46:15Z" user="Narsimulu" uid="2949621" lat="28.6470898" lon="77.1130112"/>
 <node id="3556229668" visible="true" version="1" changeset="31560336" timestamp="2015-05-29T11:46:15Z" user="Narsimulu" uid="2949621" lat="28.6471983" lon="77.1129301"/>
 <node id="3556229671" visible="true" version="1" changeset="31560336" timestamp="2015-05-29T11:46:15Z" user="Narsimulu" uid="2949621" lat="28.6472051" lon="77.1132115"/>
 <node id="3556229672" visible="true" version="1" changeset="31560336" timestamp="2015-05-29T11:46:15Z" user="Narsimulu" uid="2949621" lat="28.6472097" lon="77.1128795"/>
 <node id="3556229675" visible="true" version="3" changeset="141158866" timestamp="2023-09-12T11:29:48Z" user="nileshdhandak" uid="16638013" lat="28.6472047" lon="77.1123401"/>
 <node id="3556229682" visible="true" version="1" changeset="31560336" timestamp="2015-05-29T11:46:15Z" user="Narsimulu" uid="2949621" lat="28.6472839" lon="77.1130084"/>
 <node id="3556229685" visible="true" version="1" changeset="31560336" timestamp="2015-05-29T11:46:15Z" user="Narsimulu" uid="2949621" lat="28.6473019" lon="77.1128106"/>
 <node id="3556229687" visible="true" version="1" changeset="31560336" timestamp="2015-05-29T11:46:15Z" user="Narsimulu" uid="2949621" lat="28.6473127" lon="77.1130102"/>
 <node id="3556229688" visible="true" version="1" changeset="31560336" timestamp="2015-05-29T11:46:15Z" user="Narsimulu" uid="2949621" lat="28.6473136" lon="77.1131304"/>
 <node id="3556229703" visible="true" version="1" changeset="31560336" timestamp="2015-05-29T11:46:16Z" user="Narsimulu" uid="2949621" lat="28.6473761" lon="77.1129395"/>
 <node id="3556229704" visible="true" version="3" changeset="141158866" timestamp="2023-09-12T11:29:48Z" user="nileshdhandak" uid="16638013" lat="28.6473545" lon="77.1122155"/>
 <node id="3556229705" visible="true" version="1" changeset="31560336" timestamp="2015-05-29T11:46:16Z" user="Narsimulu" uid="2949621" lat="28.6473891" lon="77.1131528"/>
 <node id="3556229708" visible="true" version="1" changeset="31560336" timestamp="2015-05-29T11:46:16Z" user="Narsimulu" uid="2949621" lat="28.6473915" lon="77.1131626"/>
 <node id="3556229710" visible="true" version="3" changeset="141158866" timestamp="2023-09-12T11:29:48Z" user="nileshdhandak" uid="16638013" lat="28.6473652" lon="77.1125908"/>
 <node id="3556229711" visible="true" version="1" changeset="31560336" timestamp="2015-05-29T11:46:16Z" user="Narsimulu" uid="2949621" lat="28.6474000" lon="77.1127462"/>
 <node id="3556229712" visible="true" version="1" changeset="31560336" timestamp="2015-05-29T11:46:16Z" user="Narsimulu" uid="2949621" lat="28.6474019" lon="77.1129481"/>
 <node id="3556229716" visible="true" version="1" changeset="31560336" timestamp="2015-05-29T11:46:16Z" user="Narsimulu" uid="2949621" lat="28.6474258" lon="77.1132250"/>
 <node id="3556229722" visible="true" version="1" changeset="31560336" timestamp="2015-05-29T11:46:16Z" user="Narsimulu" uid="2949621" lat="28.6474477" lon="77.1128267"/>
 <node id="3556229724" visible="true" version="1" changeset="31560336" timestamp="2015-05-29T11:46:16Z" user="Narsimulu" uid="2949621" lat="28.6474545" lon="77.1129502"/>
 <node id="3556229725" visible="true" version="1" changeset="31560336" timestamp="2015-05-29T11:46:16Z" user="Narsimulu" uid="2949621" lat="28.6474603" lon="77.1128376"/>
 <node id="3556229727" visible="true" version="1" changeset="31560336" timestamp="2015-05-29T11:46:16Z" user="Narsimulu" uid="2949621" lat="28.6474704" lon="77.1126920"/>
 <node id="3556229729" visible="true" version="3" changeset="141158866" timestamp="2023-09-12T11:29:48Z" user="nileshdhandak" uid="16638013" lat="28.6474417" lon="77.1125249"/>
 <node id="3556229730" visible="true" version="1" changeset="31560336" timestamp="2015-05-29T11:46:16Z" user="Narsimulu" uid="2949621" lat="28.6474783" lon="77.1130906"/>
 <node id="3556229736" visible="true" version="1" changeset="31560336" timestamp="2015-05-29T11:46:16Z" user="Narsimulu" uid="2949621" lat="28.6474896" lon="77.1130926"/>
 <node id="3556229737" visible="true" version="1" changeset="31560336" timestamp="2015-05-29T11:46:16Z" user="Narsimulu" uid="2949621" lat="28.6474912" lon="77.1126815"/>
 <node id="3556229740" visible="true" version="1" changeset="31560336" timestamp="2015-05-29T11:46:16Z" user="Narsimulu" uid="2949621" lat="28.6475051" lon="77.1129111"/>
 <node id="3556229742" visible="true" version="1" changeset="31560336" timestamp="2015-05-29T11:46:16Z" user="Narsimulu" uid="2949621" lat="28.6475131" lon="77.1130468"/>
 <node id="3556229744" visible="true" version="1" changeset="31560336" timestamp="2015-05-29T11:46:16Z" user="Narsimulu" uid="2949621" lat="28.6475181" lon="77.1127725"/>
 <node id="3556229745" visible="true" version="1" changeset="31560336" timestamp="2015-05-29T11:46:16Z" user="Narsimulu" uid="2949621" lat="28.6475239" lon="77.1131550"/>
 <node id="3556229749" visible="true" version="1" changeset="31560336" timestamp="2015-05-29T11:46:16Z" user="Narsimulu" uid="2949621" lat="28.6475347" lon="77.1127789"/>
 <node id="3556229755" visible="true" version="3" changeset="141158866" timestamp="2023-09-12T11:29:48Z" user="nileshdhandak" uid="16638013" lat="28.6475150" lon="77.1124662"/>
 <node id="3556229758" visible="true" version="1" changeset="31560336" timestamp="2015-05-29T11:46:16Z" user="Narsimulu" uid="2949621" lat="28.6475581" lon="77.1130312"/>
 <node id="3556229764" visible="true" version="1" changeset="31560336" timestamp="2015-05-29T11:46:16Z" user="Narsimulu" uid="2949621" lat="28.6475794" lon="77.1128524"/>
 <node id="3556229766" visible="true" version="1" changeset="31560336" timestamp="2015-05-29T11:46:16Z" user="Narsimulu" uid="2949621" lat="28.6475814" lon="77.1130816"/>
 <node id="3556229769" visible="true" version="1" changeset="31560336" timestamp="2015-05-29T11:46:17Z" user="Narsimulu" uid="2949621" lat="28.6475863" lon="77.1128693"/>
 <node id="3556229770" visible="true" version="1" changeset="31560336" timestamp="2015-05-29T11:46:17Z" user="Narsimulu" uid="2949621" lat="28.6475907" lon="77.1125984"/>
 <node id="3556229771" visible="true" version="1" changeset="31560336" timestamp="2015-05-29T11:46:17Z" user="Narsimulu" uid="2949621" lat="28.6475914" lon="77.1130969"/>
 <node id="3556229778" visible="true" version="1" changeset="31560336" timestamp="2015-05-29T11:46:17Z" user="Narsimulu" uid="2949621" lat="28.6476096" lon="77.1128657"/>
 <node id="3556229784" visible="true" version="1" changeset="31560336" timestamp="2015-05-29T11:46:17Z" user="Narsimulu" uid="2949621" lat="28.6476190" lon="77.1131449"/>
 <node id="3556229785" visible="true" version="2" changeset="141158866" timestamp="2023-09-12T11:29:48Z" user="nileshdhandak" uid="16638013" lat="28.6476148" lon="77.1128855"/>
 <node id="3556229791" visible="true" version="2" changeset="141158866" timestamp="2023-09-12T11:29:48Z" user="nileshdhandak" uid="16638013" lat="28.6476011" lon="77.1131767"/>
 <node id="3556229797" visible="true" version="1" changeset="31560336" timestamp="2015-05-29T11:46:17Z" user="Narsimulu" uid="2949621" lat="28.6476421" lon="77.1129579"/>
 <node id="3556229799" visible="true" version="1" changeset="31560336" timestamp="2015-05-29T11:46:17Z" user="Narsimulu" uid="2949621" lat="28.6476582" lon="77.1129713"/>
 <node id="3556229800" visible="true" version="2" changeset="141158866" timestamp="2023-09-12T11:29:48Z" user="nileshdhandak" uid="16638013" lat="28.6476289" lon="77.1132196"/>
 <node id="3556229807" visible="true" version="1" changeset="31560336" timestamp="2015-05-29T11:46:17Z" user="Narsimulu" uid="2949621" lat="28.6476815" lon="77.1130218"/>
 <node id="3556229809" visible="true" version="1" changeset="31560336" timestamp="2015-05-29T11:46:17Z" user="Narsimulu" uid="2949621" lat="28.6476865" lon="77.1130257"/>
 <node id="3556229815" visible="true" version="1" changeset="31560336" timestamp="2015-05-29T11:46:17Z" user="Narsimulu" uid="2949621" lat="28.6477091" lon="77.1127827"/>
 <node id="3556229816" visible="true" version="2" changeset="141158866" timestamp="2023-09-12T11:29:48Z" user="nileshdhandak" uid="16638013" lat="28.6477031" lon="77.1128120"/>
 <node id="3556229817" visible="true" version="1" changeset="31560336" timestamp="2015-05-29T11:46:17Z" user="Narsimulu" uid="2949621" lat="28.6477142" lon="77.1130737"/>
 <node id="3556229821" visible="true" version="2" changeset="141158866" timestamp="2023-09-12T11:29:48Z" user="nileshdhandak" uid="16638013" lat="28.6476876" lon="77.1131041"/>
 <node id="3556229827" visible="true" version="2" changeset="141158866" timestamp="2023-09-12T11:29:48Z" user="nileshdhandak" uid="16638013" lat="28.6477368" lon="77.1130759"/>
 <node id="3556229828" visible="true" version="2" changeset="141158866" timestamp="2023-09-12T11:29:48Z" user="nileshdhandak" uid="16638013" lat="28.6477154" lon="77.1131470"/>
 <node id="3556229832" visible="true" version="2" changeset="141158866" timestamp="2023-09-12T11:29:48Z" user="nileshdhandak" uid="16638013" lat="28.6477472" lon="77.1130822"/>
 <node id="3556229834" visible="true" version="1" changeset="31560336" timestamp="2015-05-29T11:46:18Z" user="Narsimulu" uid="2949621" lat="28.6477650" lon="77.1126962"/>
 <node id="3556229844" visible="true" version="1" changeset="31560336" timestamp="2015-05-29T11:46:18Z" user="Narsimulu" uid="2949621" lat="28.6478305" lon="77.1126424"/>
 <node id="3556229846" visible="true" version="2" changeset="141158866" timestamp="2023-09-12T11:29:48Z" user="nileshdhandak" uid="16638013" lat="28.6478251" lon="77.1130024"/>
 <node id="3556229849" visible="true" version="2" changeset="141158866" timestamp="2023-09-12T11:29:48Z" user="nileshdhandak" uid="16638013" lat="28.6478296" lon="77.1130124"/>
 <node id="3556229859" visible="true" version="2" changeset="141158866" timestamp="2023-09-12T11:29:48Z" user="nileshdhandak" uid="16638013" lat="28.6478570" lon="77.1132507"/>
 <node id="3556229863" visible="true" version="1" changeset="31560336" timestamp="2015-05-29T11:46:18Z" user="Narsimulu" uid="2949621" lat="28.6478879" lon="77.1128905"/>
 <node id="3556229867" visible="true" version="1" changeset="31560336" timestamp="2015-05-29T11:46:18Z" user="Narsimulu" uid="2949621" lat="28.6479058" lon="77.1123804"/>
 <node id="3556229868" visible="true" version="1" changeset="31560336" timestamp="2015-05-29T11:46:18Z" user="Narsimulu" uid="2949621" lat="28.6479321" lon="77.1129993"/>
 <node id="3556229871" visible="true" version="2" changeset="141158866" timestamp="2023-09-12T11:29:48Z" user="nileshdhandak" uid="16638013" lat="28.6479394" lon="77.1131809"/>
 <node id="3556229873" visible="true" version="1" changeset="31560336" timestamp="2015-05-29T11:46:18Z" user="Narsimulu" uid="2949621" lat="28.6479534" lon="77.1128367"/>
 <node id="3556229888" visible="true" version="1" changeset="31560336" timestamp="2015-05-29T11:46:19Z" user="Narsimulu" uid="2949621" lat="28.6480188" lon="77.1129338"/>
 <node id="3556229890" visible="true" version="1" changeset="31560336" timestamp="2015-05-29T11:46:19Z" user="Narsimulu" uid="2949621" lat="28.6480332" lon="77.1131732"/>
 <node id="3556229892" visible="true" version="1" changeset="31560336" timestamp="2015-05-29T11:46:19Z" user="Narsimulu" uid="2949621" lat="28.6480463" lon="77.1126062"/>
 <node id="3556229904" visible="true" version="1" changeset="31560336" timestamp="2015-05-29T11:46:19Z" user="Narsimulu" uid="2949621" lat="28.6481199" lon="77.1131077"/>
 <node id="3556229907" visible="true" version="1" changeset="31560336" timestamp="2015-05-29T11:46:19Z" user="Narsimulu" uid="2949621" lat="28.6481318" lon="77.1131461"/>
 <node id="3556229920" visible="true" version="1" changeset="31560336" timestamp="2015-05-29T11:46:19Z" user="Narsimulu" uid="2949621" lat="28.6481802" lon="77.1132302"/>
 <node id="3556229921" visible="true" version="1" changeset="31560336" timestamp="2015-05-29T11:46:19Z" user="Narsimulu" uid="2949621" lat="28.6481853" lon="77.1121546"/>
 <node id="3556229942" visible="true" version="1" changeset="31560336" timestamp="2015-05-29T11:46:20Z" user="Narsimulu" uid="2949621" lat="28.6483258" lon="77.1123803"/>
 <node id="3556229951" visible="true" version="1" changeset="31560336" timestamp="2015-05-29T11:46:20Z" user="Narsimulu" uid="2949621" lat="28.6483868" lon="77.1123373"/>
 <node id="3556229963" visible="true" version="1" changeset="31560336" timestamp="2015-05-29T11:46:20Z" user="Narsimulu" uid="2949621" lat="28.6484602" lon="77.1122763"/>
 <node id="3556229967" visible="true" version="1" changeset="31560336" timestamp="2015-05-29T11:46:20Z" user="Narsimulu" uid="2949621" lat="28.6484945" lon="77.1128751"/>
 <node id="3556229978" visible="true" version="1" changeset="31560336" timestamp="2015-05-29T11:46:20Z" user="Narsimulu" uid="2949621" lat="28.6485429" lon="77.1129592"/>
 <node id="3556229991" visible="true" version="1" changeset="31560336" timestamp="2015-05-29T11:46:20Z" user="Narsimulu" uid="2949621" lat="28.6486236" lon="77.1120140"/>
 <node id="3556229994" visible="true" version="1" changeset="31560336" timestamp="2015-05-29T11:46:20Z" user="Narsimulu" uid="2949621" lat="28.6486372" lon="77.1127283"/>
 <node id="3556230007" visible="true" version="1" changeset="31560336" timestamp="2015-05-29T11:46:21Z" user="Narsimulu" uid="2949621" lat="28.6487009" lon="77.1119485"/>
 <node id="3556230009" visible="true" version="1" changeset="31560336" timestamp="2015-05-29T11:46:21Z" user="Narsimulu" uid="2949621" lat="28.6487106" lon="77.1126673"/>
 <node id="3556230012" visible="true" version="1" changeset="31560336" timestamp="2015-05-29T11:46:21Z" user="Narsimulu" uid="2949621" lat="28.6487363" lon="77.1126492"/>
 <node id="3556230023" visible="true" version="1" changeset="31560336" timestamp="2015-05-29T11:46:21Z" user="Narsimulu" uid="2949621" lat="28.6487843" lon="77.1127347"/>
 <node id="3556230044" visible="true" version="1" changeset="31560336" timestamp="2015-05-29T11:46:21Z" user="Narsimulu" uid="2949621" lat="28.6489068" lon="77.1125250"/>
 <node id="3556230051" visible="true" version="1" changeset="31560336" timestamp="2015-05-29T11:46:21Z" user="Narsimulu" uid="2949621" lat="28.6489548" lon="77.1126105"/>
 <node id="3556230062" visible="true" version="1" changeset="31560336" timestamp="2015-05-29T11:46:22Z" user="Narsimulu" uid="2949621" lat="28.6489821" lon="77.1125634"/>
 <node id="3556230084" visible="true" version="1" changeset="31560336" timestamp="2015-05-29T11:46:22Z" user="Narsimulu" uid="2949621" lat="28.6490594" lon="77.1124979"/>
 <node id="3557559175" visible="true" version="2" changeset="32095204" timestamp="2015-06-20T11:19:20Z" user="Narsimulu" uid="2949621" lat="28.6455867" lon="77.1124582"/>
 <node id="3557559176" visible="true" version="2" changeset="32095204" timestamp="2015-06-20T11:19:20Z" user="Narsimulu" uid="2949621" lat="28.6456780" lon="77.1126299"/>
 <node id="3557559177" visible="true" version="2" changeset="32095204" timestamp="2015-06-20T11:19:20Z" user="Narsimulu" uid="2949621" lat="28.6457487" lon="77.1120304"/>
 <node id="3557559178" visible="true" version="2" changeset="32095204" timestamp="2015-06-20T11:19:20Z" user="Narsimulu" uid="2949621" lat="28.6457730" lon="77.1123295"/>
 <node id="3557559179" visible="true" version="2" changeset="32095204" timestamp="2015-06-20T11:19:20Z" user="Narsimulu" uid="2949621" lat="28.6457963" lon="77.1119937"/>
 <node id="3557559180" visible="true" version="2" changeset="32095204" timestamp="2015-06-20T11:19:20Z" user="Narsimulu" uid="2949621" lat="28.6457970" lon="77.1121117"/>
 <node id="3557559181" visible="true" version="2" changeset="32095204" timestamp="2015-06-20T11:19:20Z" user="Narsimulu" uid="2949621" lat="28.6457976" lon="77.1119804"/>
 <node id="3557559182" visible="true" version="2" changeset="32095204" timestamp="2015-06-20T11:19:20Z" user="Narsimulu" uid="2949621" lat="28.6458425" lon="77.1119477"/>
 <node id="3557559183" visible="true" version="2" changeset="32095204" timestamp="2015-06-20T11:19:20Z" user="Narsimulu" uid="2949621" lat="28.6458446" lon="77.1120750"/>
 <node id="3557559184" visible="true" version="2" changeset="32095204" timestamp="2015-06-20T11:19:20Z" user="Narsimulu" uid="2949621" lat="28.6458480" lon="77.1123070"/>
 <node id="3557559185" visible="true" version="2" changeset="32095204" timestamp="2015-06-20T11:19:20Z" user="Narsimulu" uid="2949621" lat="28.6458531" lon="77.1119467"/>
 <node id="3557559186" visible="true" version="2" changeset="32095204" timestamp="2015-06-20T11:19:20Z" user="Narsimulu" uid="2949621" lat="28.6458644" lon="77.1125011"/>
 <node id="3557559187" visible="true" version="2" changeset="32095204" timestamp="2015-06-20T11:19:20Z" user="Narsimulu" uid="2949621" lat="28.6458608" lon="77.1120928"/>
 <node id="3557559188" visible="true" version="2" changeset="32095204" timestamp="2015-06-20T11:19:20Z" user="Narsimulu" uid="2949621" lat="28.6458902" lon="77.1119219"/>
 <node id="3557559189" visible="true" version="2" changeset="32095204" timestamp="2015-06-20T11:19:20Z" user="Narsimulu" uid="2949621" lat="28.6458987" lon="77.1119154"/>
 <node id="3557559190" visible="true" version="2" changeset="32095204" timestamp="2015-06-20T11:19:20Z" user="Narsimulu" uid="2949621" lat="28.6459032" lon="77.1120443"/>
 <node id="3557559191" visible="true" version="2" changeset="32095204" timestamp="2015-06-20T11:19:20Z" user="Narsimulu" uid="2949621" lat="28.6459057" lon="77.1120600"/>
 <node id="3557559192" visible="true" version="2" changeset="32095204" timestamp="2015-06-20T11:19:20Z" user="Narsimulu" uid="2949621" lat="28.6459297" lon="77.1124281"/>
 <node id="3557566493" visible="true" version="2" changeset="32095204" timestamp="2015-06-20T11:19:20Z" user="Narsimulu" uid="2949621" lat="28.6459370" lon="77.1124463"/>
 <node id="3557566494" visible="true" version="2" changeset="32095204" timestamp="2015-06-20T11:19:20Z" user="Narsimulu" uid="2949621" lat="28.6459391" lon="77.1122271"/>
 <node id="3557566495" visible="true" version="3" changeset="129985170" timestamp="2022-12-12T05:53:27Z" user="Pooja Koul" uid="16283053" lat="28.6459222" lon="77.1119010"/>
 <node id="3557566496" visible="true" version="2" changeset="32095204" timestamp="2015-06-20T11:19:20Z" user="Narsimulu" uid="2949621" lat="28.6459404" lon="77.1120196"/>
 <node id="3557566497" visible="true" version="2" changeset="32093808" timestamp="2015-06-20T09:53:23Z" user="Narsimulu" uid="2949621" lat="28.6459513" lon="77.1100791"/>
 <node id="3557566498" visible="true" version="2" changeset="32095204" timestamp="2015-06-20T11:19:20Z" user="Narsimulu" uid="2949621" lat="28.6459563" lon="77.1120100"/>
 <node id="3557566499" visible="true" version="2" changeset="32095204" timestamp="2015-06-20T11:19:21Z" user="Narsimulu" uid="2949621" lat="28.6459777" lon="77.1125236"/>
 <node id="3557566500" visible="true" version="2" changeset="32095204" timestamp="2015-06-20T11:19:21Z" user="Narsimulu" uid="2949621" lat="28.6459756" lon="77.1125141"/>
 <node id="3557566501" visible="true" version="2" changeset="32095204" timestamp="2015-06-20T11:19:21Z" user="Narsimulu" uid="2949621" lat="28.6460012" lon="77.1125954"/>
 <node id="3557566502" visible="true" version="2" changeset="32095204" timestamp="2015-06-20T11:19:21Z" user="Narsimulu" uid="2949621" lat="28.6460061" lon="77.1125914"/>
 <node id="3557566503" visible="true" version="3" changeset="129985170" timestamp="2022-12-12T05:53:27Z" user="Pooja Koul" uid="16283053" lat="28.6459790" lon="77.1119919"/>
 <node id="3557566504" visible="true" version="2" changeset="32095204" timestamp="2015-06-20T11:19:21Z" user="Narsimulu" uid="2949621" lat="28.6460100" lon="77.1127336"/>
 <node id="3557566505" visible="true" version="2" changeset="32095204" timestamp="2015-06-20T11:19:21Z" user="Narsimulu" uid="2949621" lat="28.6460183" lon="77.1118061"/>
 <node id="3557566506" visible="true" version="2" changeset="32095204" timestamp="2015-06-20T11:19:21Z" user="Narsimulu" uid="2949621" lat="28.6460202" lon="77.1123846"/>
 <node id="3557566507" visible="true" version="2" changeset="32095204" timestamp="2015-06-20T11:19:21Z" user="Narsimulu" uid="2949621" lat="28.6460209" lon="77.1123482"/>
 <node id="3557566508" visible="true" version="2" changeset="32095204" timestamp="2015-06-20T11:19:21Z" user="Narsimulu" uid="2949621" lat="28.6460589" lon="77.1124524"/>
 <node id="3557566509" visible="true" version="2" changeset="32095204" timestamp="2015-06-20T11:19:21Z" user="Narsimulu" uid="2949621" lat="28.6460783" lon="77.1119104"/>
 <node id="3557566510" visible="true" version="2" changeset="32095204" timestamp="2015-06-20T11:19:21Z" user="Narsimulu" uid="2949621" lat="28.6460798" lon="77.1124818"/>
 <node id="3557566511" visible="true" version="1" changeset="31577387" timestamp="2015-05-30T05:51:48Z" user="Narsimulu" uid="2949621" lat="28.6460961" lon="77.1123012"/>
 <node id="3557566512" visible="true" version="2" changeset="32093808" timestamp="2015-06-20T09:53:23Z" user="Narsimulu" uid="2949621" lat="28.6460872" lon="77.1099668"/>
 <node id="3557566513" visible="true" version="2" changeset="32095204" timestamp="2015-06-20T11:19:21Z" user="Narsimulu" uid="2949621" lat="28.6461062" lon="77.1125631"/>
 <node id="3557566514" visible="true" version="2" changeset="32095204" timestamp="2015-06-20T11:19:21Z" user="Narsimulu" uid="2949621" lat="28.6461096" lon="77.1125865"/>
 <node id="3557566515" visible="true" version="2" changeset="32095204" timestamp="2015-06-20T11:19:21Z" user="Narsimulu" uid="2949621" lat="28.6461241" lon="77.1117270"/>
 <node id="3557566516" visible="true" version="2" changeset="32095204" timestamp="2015-06-20T11:19:21Z" user="Narsimulu" uid="2949621" lat="28.6461184" lon="77.1127246"/>
 <node id="3557566517" visible="true" version="2" changeset="32095204" timestamp="2015-06-20T11:19:21Z" user="Narsimulu" uid="2949621" lat="28.6461296" lon="77.1119878"/>
 <node id="3557566518" visible="true" version="2" changeset="32093808" timestamp="2015-06-20T09:53:23Z" user="Narsimulu" uid="2949621" lat="28.6461394" lon="77.1099104"/>
 <node id="3557566519" visible="true" version="1" changeset="31577387" timestamp="2015-05-30T05:51:48Z" user="Narsimulu" uid="2949621" lat="28.6461683" lon="77.1124189"/>
 <node id="3557566520" visible="true" version="2" changeset="32093808" timestamp="2015-06-20T09:53:23Z" user="Narsimulu" uid="2949621" lat="28.6461555" lon="77.1103998"/>
 <node id="3557566521" visible="true" version="2" changeset="163311221" timestamp="2025-03-07T06:11:51Z" user="SB15" uid="18682850" lat="28.6461657" lon="77.1105609"/>
 <node id="3557566522" visible="true" version="2" changeset="32095204" timestamp="2015-06-20T11:19:21Z" user="Narsimulu" uid="2949621" lat="28.6461841" lon="77.1118314"/>
 <node id="3557566523" visible="true" version="2" changeset="32093808" timestamp="2015-06-20T09:53:23Z" user="Narsimulu" uid="2949621" lat="28.6461787" lon="77.1099722"/>
 <node id="3557566524" visible="true" version="1" changeset="31577387" timestamp="2015-05-30T05:51:48Z" user="Narsimulu" uid="2949621" lat="28.6461952" lon="77.1122222"/>
 <node id="3557566525" visible="true" version="1" changeset="31577387" timestamp="2015-05-30T05:51:48Z" user="Narsimulu" uid="2949621" lat="28.6462048" lon="77.1099759"/>
 <node id="3557566526" visible="true" version="1" changeset="31577387" timestamp="2015-05-30T05:51:48Z" user="Narsimulu" uid="2949621" lat="28.6462070" lon="77.1122135"/>
 <node id="3557566527" visible="true" version="2" changeset="32095204" timestamp="2015-06-20T11:19:21Z" user="Narsimulu" uid="2949621" lat="28.6461946" lon="77.1121045"/>
 <node id="3557566528" visible="true" version="1" changeset="31577387" timestamp="2015-05-30T05:51:48Z" user="Narsimulu" uid="2949621" lat="28.6462366" lon="77.1100222"/>
 <node id="3557566529" visible="true" version="1" changeset="31577387" timestamp="2015-05-30T05:51:48Z" user="Narsimulu" uid="2949621" lat="28.6462482" lon="77.1100261"/>
 <node id="3557566530" visible="true" version="2" changeset="32095204" timestamp="2015-06-20T11:19:21Z" user="Narsimulu" uid="2949621" lat="28.6462368" lon="77.1119103"/>
 <node id="3557566531" visible="true" version="2" changeset="163311221" timestamp="2025-03-07T06:11:51Z" user="SB15" uid="18682850" lat="28.6462435" lon="77.1104962"/>
 <node id="3557566532" visible="true" version="2" changeset="163311221" timestamp="2025-03-07T06:11:51Z" user="SB15" uid="18682850" lat="28.6462483" lon="77.1106898"/>
 <node id="3557566533" visible="true" version="1" changeset="31577387" timestamp="2015-05-30T05:51:48Z" user="Narsimulu" uid="2949621" lat="28.6462674" lon="77.1123398"/>
 <node id="3557566534" visible="true" version="1" changeset="31577387" timestamp="2015-05-30T05:51:48Z" user="Narsimulu" uid="2949621" lat="28.6462678" lon="77.1105036"/>
 <node id="3557566535" visible="true" version="2" changeset="32095204" timestamp="2015-06-20T11:19:21Z" user="Narsimulu" uid="2949621" lat="28.6462470" lon="77.1118939"/>
 <node id="3557566536" visible="true" version="2" changeset="32093808" timestamp="2015-06-20T09:53:23Z" user="Narsimulu" uid="2949621" lat="28.6462583" lon="77.1098121"/>
 <node id="3557566537" visible="true" version="1" changeset="31577387" timestamp="2015-05-30T05:51:48Z" user="Narsimulu" uid="2949621" lat="28.6462821" lon="77.1101043"/>
 <node id="3557566538" visible="true" version="1" changeset="31577387" timestamp="2015-05-30T05:51:48Z" user="Narsimulu" uid="2949621" lat="28.6462849" lon="77.1123272"/>
 <node id="3557566539" visible="true" version="1" changeset="31577387" timestamp="2015-05-30T05:51:48Z" user="Narsimulu" uid="2949621" lat="28.6462861" lon="77.1100900"/>
 <node id="3557566540" visible="true" version="1" changeset="31577387" timestamp="2015-05-30T05:51:48Z" user="Narsimulu" uid="2949621" lat="28.6462861" lon="77.1121431"/>
 <node id="3557566541" visible="true" version="2" changeset="32093808" timestamp="2015-06-20T09:53:23Z" user="Narsimulu" uid="2949621" lat="28.6462862" lon="77.1097771"/>
 <node id="3557566542" visible="true" version="1" changeset="31577387" timestamp="2015-05-30T05:51:48Z" user="Narsimulu" uid="2949621" lat="28.6463031" lon="77.1107659"/>
 <node id="3557566543" visible="true" version="2" changeset="32093808" timestamp="2015-06-20T09:53:23Z" user="Narsimulu" uid="2949621" lat="28.6462913" lon="77.1102876"/>
 <node id="3557566544" visible="true" version="2" changeset="32093808" timestamp="2015-06-20T09:53:23Z" user="Narsimulu" uid="2949621" lat="28.6462977" lon="77.1098739"/>
 <node id="3557566545" visible="true" version="1" changeset="31577387" timestamp="2015-05-30T05:51:49Z" user="Narsimulu" uid="2949621" lat="28.6463149" lon="77.1101667"/>
 <node id="3557566546" visible="true" version="1" changeset="31577387" timestamp="2015-05-30T05:51:49Z" user="Narsimulu" uid="2949621" lat="28.6463175" lon="77.1098757"/>
 <node id="3557566547" visible="true" version="2" changeset="32095204" timestamp="2015-06-20T11:19:21Z" user="Narsimulu" uid="2949621" lat="28.6463018" lon="77.1120271"/>
 <node id="3557566548" visible="true" version="1" changeset="31577387" timestamp="2015-05-30T05:51:49Z" user="Narsimulu" uid="2949621" lat="28.6463232" lon="77.1104620"/>
 <node id="3557566549" visible="true" version="1" changeset="31577387" timestamp="2015-05-30T05:51:49Z" user="Narsimulu" uid="2949621" lat="28.6463268" lon="77.1101701"/>
 <node id="3557566550" visible="true" version="2" changeset="32093808" timestamp="2015-06-20T09:53:23Z" user="Narsimulu" uid="2949621" lat="28.6463255" lon="77.1098383"/>
 <node id="3557566551" visible="true" version="2" changeset="32093808" timestamp="2015-06-20T09:53:23Z" user="Narsimulu" uid="2949621" lat="28.6463268" lon="77.1098525"/>
 <node id="3557566552" visible="true" version="2" changeset="32095204" timestamp="2015-06-20T11:19:21Z" user="Narsimulu" uid="2949621" lat="28.6463127" lon="77.1120095"/>
 <node id="3557566553" visible="true" version="2" changeset="32093808" timestamp="2015-06-20T09:53:23Z" user="Narsimulu" uid="2949621" lat="28.6463221" lon="77.1104421"/>
 <node id="3557566554" visible="true" version="1" changeset="31577387" timestamp="2015-05-30T05:51:49Z" user="Narsimulu" uid="2949621" lat="28.6463381" lon="77.1106252"/>
 <node id="3557566555" visible="true" version="2" changeset="163311221" timestamp="2025-03-07T06:11:51Z" user="SB15" uid="18682850" lat="28.6463261" lon="77.1106251"/>
 <node id="3557566556" visible="true" version="1" changeset="31577387" timestamp="2015-05-30T05:51:49Z" user="Narsimulu" uid="2949621" lat="28.6463462" lon="77.1108355"/>
 <node id="3557566557" visible="true" version="2" changeset="32095204" timestamp="2015-06-20T11:19:21Z" user="Narsimulu" uid="2949621" lat="28.6463234" lon="77.1120659"/>
 <node id="3557566558" visible="true" version="1" changeset="31577387" timestamp="2015-05-30T05:51:49Z" user="Narsimulu" uid="2949621" lat="28.6463492" lon="77.1099220"/>
 <node id="3557566559" visible="true" version="1" changeset="31577387" timestamp="2015-05-30T05:51:49Z" user="Narsimulu" uid="2949621" lat="28.6463507" lon="77.1108469"/>
 <node id="3557566560" visible="true" version="1" changeset="31577387" timestamp="2015-05-30T05:51:49Z" user="Narsimulu" uid="2949621" lat="28.6463510" lon="77.1102306"/>
 <node id="3557566561" visible="true" version="1" changeset="31577387" timestamp="2015-05-30T05:51:49Z" user="Narsimulu" uid="2949621" lat="28.6463515" lon="77.1102130"/>
 <node id="3557566562" visible="true" version="1" changeset="31577387" timestamp="2015-05-30T05:51:49Z" user="Narsimulu" uid="2949621" lat="28.6463553" lon="77.1099437"/>
 <node id="3557566563" visible="true" version="2" changeset="32095204" timestamp="2015-06-20T11:19:21Z" user="Narsimulu" uid="2949621" lat="28.6463346" lon="77.1118292"/>
 <node id="3557566564" visible="true" version="1" changeset="31577387" timestamp="2015-05-30T05:51:49Z" user="Narsimulu" uid="2949621" lat="28.6463640" lon="77.1122568"/>
 <node id="3557566565" visible="true" version="2" changeset="32093808" timestamp="2015-06-20T09:53:23Z" user="Narsimulu" uid="2949621" lat="28.6463588" lon="77.1099149"/>
 <node id="3557566566" visible="true" version="2" changeset="32093808" timestamp="2015-06-20T09:53:23Z" user="Narsimulu" uid="2949621" lat="28.6463595" lon="77.1099013"/>
 <node id="3557566567" visible="true" version="1" changeset="31577387" timestamp="2015-05-30T05:51:49Z" user="Narsimulu" uid="2949621" lat="28.6463732" lon="77.1125199"/>
 <node id="3557566568" visible="true" version="2" changeset="32095204" timestamp="2015-06-20T11:19:21Z" user="Narsimulu" uid="2949621" lat="28.6463603" lon="77.1117920"/>
 <node id="3557566569" visible="true" version="1" changeset="31577387" timestamp="2015-05-30T05:51:49Z" user="Narsimulu" uid="2949621" lat="28.6463932" lon="77.1100075"/>
 <node id="3557566570" visible="true" version="1" changeset="31577387" timestamp="2015-05-30T05:51:49Z" user="Narsimulu" uid="2949621" lat="28.6463935" lon="77.1105837"/>
 <node id="3557566571" visible="true" version="1" changeset="31577387" timestamp="2015-05-30T05:51:49Z" user="Narsimulu" uid="2949621" lat="28.6463942" lon="77.1106925"/>
 <node id="3557566572" visible="true" version="1" changeset="31577387" timestamp="2015-05-30T05:51:49Z" user="Narsimulu" uid="2949621" lat="28.6464011" lon="77.1103158"/>
 <node id="3557566573" visible="true" version="2" changeset="32093808" timestamp="2015-06-20T09:53:23Z" user="Narsimulu" uid="2949621" lat="28.6463972" lon="77.1096845"/>
 <node id="3557566574" visible="true" version="2" changeset="32093808" timestamp="2015-06-20T09:53:23Z" user="Narsimulu" uid="2949621" lat="28.6463972" lon="77.1099725"/>
 <node id="3557566575" visible="true" version="2" changeset="163311215" timestamp="2025-03-07T06:11:18Z" user="SB15" uid="18682850" lat="28.6463994" lon="77.1109867"/>
 <node id="3557566576" visible="true" version="1" changeset="31577387" timestamp="2015-05-30T05:51:49Z" user="Narsimulu" uid="2949621" lat="28.6464079" lon="77.1100185"/>
 <node id="3557566577" visible="true" version="2" changeset="32093808" timestamp="2015-06-20T09:53:23Z" user="Narsimulu" uid="2949621" lat="28.6463929" lon="77.1105610"/>
 <node id="3557566578" visible="true" version="2" changeset="32093808" timestamp="2015-06-20T09:53:23Z" user="Narsimulu" uid="2949621" lat="28.6464098" lon="77.1099744"/>
 <node id="3557566579" visible="true" version="1" changeset="31577387" timestamp="2015-05-30T05:51:49Z" user="Narsimulu" uid="2949621" lat="28.6464213" lon="77.1109629"/>
 <node id="3557566580" visible="true" version="2" changeset="32095204" timestamp="2015-06-20T11:19:21Z" user="Narsimulu" uid="2949621" lat="28.6463976" lon="77.1122008"/>
 <node id="3557566581" visible="true" version="2" changeset="32095204" timestamp="2015-06-20T11:19:21Z" user="Narsimulu" uid="2949621" lat="28.6464003" lon="77.1119448"/>
 <node id="3557566582" visible="true" version="1" changeset="31577387" timestamp="2015-05-30T05:51:49Z" user="Narsimulu" uid="2949621" lat="28.6464258" lon="77.1106609"/>
 <node id="3557566583" visible="true" version="2" changeset="32093808" timestamp="2015-06-20T09:53:23Z" user="Narsimulu" uid="2949621" lat="28.6464168" lon="77.1103689"/>
 <node id="3557566584" visible="true" version="2" changeset="32093808" timestamp="2015-06-20T09:53:23Z" user="Narsimulu" uid="2949621" lat="28.6464269" lon="77.1097655"/>
 <node id="3557566585" visible="true" version="1" changeset="31577387" timestamp="2015-05-30T05:51:49Z" user="Narsimulu" uid="2949621" lat="28.6464374" lon="77.1107621"/>
 <node id="3557566586" visible="true" version="1" changeset="31577387" timestamp="2015-05-30T05:51:49Z" user="Narsimulu" uid="2949621" lat="28.6464393" lon="77.1122093"/>
 <node id="3557566587" visible="true" version="1" changeset="31577387" timestamp="2015-05-30T05:51:49Z" user="Narsimulu" uid="2949621" lat="28.6464406" lon="77.1100848"/>
 <node id="3557566588" visible="true" version="1" changeset="31577387" timestamp="2015-05-30T05:51:49Z" user="Narsimulu" uid="2949621" lat="28.6464407" lon="77.1100809"/>
 <node id="3557566589" visible="true" version="1" changeset="31577387" timestamp="2015-05-30T05:51:49Z" user="Narsimulu" uid="2949621" lat="28.6464412" lon="77.1107755"/>
 <node id="3557566590" visible="true" version="2" changeset="32093808" timestamp="2015-06-20T09:53:23Z" user="Narsimulu" uid="2949621" lat="28.6464365" lon="77.1097457"/>
 <node id="3557566591" visible="true" version="2" changeset="32095204" timestamp="2015-06-20T11:19:21Z" user="Narsimulu" uid="2949621" lat="28.6464290" lon="77.1119198"/>
 <node id="3557566592" visible="true" version="2" changeset="32093808" timestamp="2015-06-20T09:53:23Z" user="Narsimulu" uid="2949621" lat="28.6464447" lon="77.1100323"/>
 <node id="3557566693" visible="true" version="2" changeset="32095204" timestamp="2015-06-20T11:19:21Z" user="Narsimulu" uid="2949621" lat="28.6464324" lon="77.1119880"/>
 <node id="3557566694" visible="true" version="2" changeset="163311215" timestamp="2025-03-07T06:11:18Z" user="SB15" uid="18682850" lat="28.6464487" lon="77.1110682"/>
 <node id="3557566695" visible="true" version="2" changeset="32095204" timestamp="2015-06-20T11:19:21Z" user="Narsimulu" uid="2949621" lat="28.6464488" lon="77.1110765"/>
 <node id="3557566696" visible="true" version="1" changeset="31577387" timestamp="2015-05-30T05:51:49Z" user="Narsimulu" uid="2949621" lat="28.6464591" lon="77.1101482"/>
 <node id="3557566697" visible="true" version="2" changeset="32093808" timestamp="2015-06-20T09:53:23Z" user="Narsimulu" uid="2949621" lat="28.6464541" lon="77.1100391"/>
 <node id="3557566698" visible="true" version="1" changeset="31577387" timestamp="2015-05-30T05:51:49Z" user="Narsimulu" uid="2949621" lat="28.6464654" lon="77.1101277"/>
 <node id="3557566699" visible="true" version="2" changeset="32093808" timestamp="2015-06-20T09:53:23Z" user="Narsimulu" uid="2949621" lat="28.6464596" lon="77.1098144"/>
 <node id="3557566700" visible="true" version="1" changeset="31577387" timestamp="2015-05-30T05:51:49Z" user="Narsimulu" uid="2949621" lat="28.6464671" lon="77.1124512"/>
 <node id="3557566701" visible="true" version="1" changeset="31577387" timestamp="2015-05-30T05:51:49Z" user="Narsimulu" uid="2949621" lat="28.6464753" lon="77.1122851"/>
 <node id="3557566702" visible="true" version="2" changeset="32093808" timestamp="2015-06-20T09:53:23Z" user="Narsimulu" uid="2949621" lat="28.6464667" lon="77.1103222"/>
 <node id="3557566703" visible="true" version="2" changeset="32093808" timestamp="2015-06-20T09:53:23Z" user="Narsimulu" uid="2949621" lat="28.6464738" lon="77.1098155"/>
 <node id="3557566704" visible="true" version="2" changeset="32093808" timestamp="2015-06-20T09:53:23Z" user="Narsimulu" uid="2949621" lat="28.6464533" lon="77.1096017"/>
 <node id="3557566705" visible="true" version="1" changeset="31577387" timestamp="2015-05-30T05:51:49Z" user="Narsimulu" uid="2949621" lat="28.6464949" lon="77.1107816"/>
 <node id="3557566706" visible="true" version="1" changeset="31577387" timestamp="2015-05-30T05:51:49Z" user="Narsimulu" uid="2949621" lat="28.6464951" lon="77.1107953"/>
 <node id="3557566707" visible="true" version="2" changeset="32095204" timestamp="2015-06-20T11:19:21Z" user="Narsimulu" uid="2949621" lat="28.6464780" lon="77.1122917"/>
 <node id="3557566708" visible="true" version="2" changeset="32095204" timestamp="2015-06-20T11:19:21Z" user="Narsimulu" uid="2949621" lat="28.6464765" lon="77.1117109"/>
 <node id="3557566709" visible="true" version="2" changeset="32093808" timestamp="2015-06-20T09:53:23Z" user="Narsimulu" uid="2949621" lat="28.6464903" lon="77.1100978"/>
 <node id="3557566710" visible="true" version="2" changeset="32093808" timestamp="2015-06-20T09:53:23Z" user="Narsimulu" uid="2949621" lat="28.6464924" lon="77.1101135"/>
 <node id="3557566711" visible="true" version="2" changeset="32093808" timestamp="2015-06-20T09:53:23Z" user="Narsimulu" uid="2949621" lat="28.6464876" lon="77.1104879"/>
 <node id="3557566712" visible="true" version="2" changeset="32095204" timestamp="2015-06-20T11:19:21Z" user="Narsimulu" uid="2949621" lat="28.6465038" lon="77.1117461"/>
 <node id="3557566713" visible="true" version="1" changeset="31577387" timestamp="2015-05-30T05:51:49Z" user="Narsimulu" uid="2949621" lat="28.6465091" lon="77.1102334"/>
 <node id="3557566714" visible="true" version="1" changeset="31577387" timestamp="2015-05-30T05:51:49Z" user="Narsimulu" uid="2949621" lat="28.6465117" lon="77.1108915"/>
 <node id="3557566715" visible="true" version="2" changeset="32095204" timestamp="2015-06-20T11:19:21Z" user="Narsimulu" uid="2949621" lat="28.6465072" lon="77.1111741"/>
 <node id="3557566716" visible="true" version="1" changeset="31577387" timestamp="2015-05-30T05:51:49Z" user="Narsimulu" uid="2949621" lat="28.6465170" lon="77.1105931"/>
 <node id="3557566717" visible="true" version="2" changeset="32093808" timestamp="2015-06-20T09:53:23Z" user="Narsimulu" uid="2949621" lat="28.6465121" lon="77.1098731"/>
 <node id="3557566718" visible="true" version="2" changeset="32095204" timestamp="2015-06-20T11:19:21Z" user="Narsimulu" uid="2949621" lat="28.6465181" lon="77.1111849"/>
 <node id="3557566719" visible="true" version="2" changeset="32093808" timestamp="2015-06-20T09:53:23Z" user="Narsimulu" uid="2949621" lat="28.6465208" lon="77.1098874"/>
 <node id="3557566720" visible="true" version="2" changeset="163311215" timestamp="2025-03-07T06:11:18Z" user="SB15" uid="18682850" lat="28.6465203" lon="77.1108918"/>
 <node id="3557566721" visible="true" version="2" changeset="32095204" timestamp="2015-06-20T11:19:21Z" user="Narsimulu" uid="2949621" lat="28.6465066" lon="77.1121228"/>
 <node id="3557566722" visible="true" version="1" changeset="31577387" timestamp="2015-05-30T05:51:50Z" user="Narsimulu" uid="2949621" lat="28.6465384" lon="77.1121483"/>
 <node id="3557566723" visible="true" version="2" changeset="32095204" timestamp="2015-06-20T11:19:21Z" user="Narsimulu" uid="2949621" lat="28.6465368" lon="77.1117176"/>
 <node id="3557566724" visible="true" version="2" changeset="32095204" timestamp="2015-06-20T11:19:21Z" user="Narsimulu" uid="2949621" lat="28.6465386" lon="77.1117152"/>
 <node id="3557566725" visible="true" version="2" changeset="32095204" timestamp="2015-06-20T11:19:21Z" user="Narsimulu" uid="2949621" lat="28.6465293" lon="77.1123888"/>
 <node id="3557566726" visible="true" version="2" changeset="32093808" timestamp="2015-06-20T09:53:23Z" user="Narsimulu" uid="2949621" lat="28.6465201" lon="77.1097297"/>
 <node id="3557566727" visible="true" version="1" changeset="31577387" timestamp="2015-05-30T05:51:50Z" user="Narsimulu" uid="2949621" lat="28.6465502" lon="77.1128342"/>
 <node id="3557566728" visible="true" version="2" changeset="32093808" timestamp="2015-06-20T09:53:23Z" user="Narsimulu" uid="2949621" lat="28.6465458" lon="77.1097736"/>
 <node id="3557566729" visible="true" version="2" changeset="32093808" timestamp="2015-06-20T09:53:23Z" user="Narsimulu" uid="2949621" lat="28.6465476" lon="77.1102127"/>
 <node id="3557566730" visible="true" version="2" changeset="32093808" timestamp="2015-06-20T09:53:23Z" user="Narsimulu" uid="2949621" lat="28.6465427" lon="77.1104583"/>
 <node id="3557566731" visible="true" version="2" changeset="32093808" timestamp="2015-06-20T09:53:23Z" user="Narsimulu" uid="2949621" lat="28.6465557" lon="77.1099454"/>
 <node id="3557566732" visible="true" version="2" changeset="32095204" timestamp="2015-06-20T11:19:21Z" user="Narsimulu" uid="2949621" lat="28.6465452" lon="77.1118387"/>
 <node id="3557566733" visible="true" version="2" changeset="32093808" timestamp="2015-06-20T09:53:23Z" user="Narsimulu" uid="2949621" lat="28.6465641" lon="77.1099510"/>
 <node id="3557566734" visible="true" version="2" changeset="32095204" timestamp="2015-06-20T11:19:21Z" user="Narsimulu" uid="2949621" lat="28.6465686" lon="77.1112653"/>
 <node id="3557566735" visible="true" version="1" changeset="31577387" timestamp="2015-05-30T05:51:50Z" user="Narsimulu" uid="2949621" lat="28.6465744" lon="77.1122241"/>
 <node id="3557566736" visible="true" version="2" changeset="163311215" timestamp="2025-03-07T06:11:18Z" user="SB15" uid="18682850" lat="28.6465696" lon="77.1109734"/>
 <node id="3557566737" visible="true" version="2" changeset="32095204" timestamp="2015-06-20T11:19:21Z" user="Narsimulu" uid="2949621" lat="28.6465742" lon="77.1118521"/>
 <node id="3557566738" visible="true" version="2" changeset="32095204" timestamp="2015-06-20T11:19:21Z" user="Narsimulu" uid="2949621" lat="28.6465736" lon="77.1109794"/>
 <node id="3557566739" visible="true" version="2" changeset="32095204" timestamp="2015-06-20T11:19:21Z" user="Narsimulu" uid="2949621" lat="28.6465652" lon="77.1122319"/>
 <node id="3557566740" visible="true" version="2" changeset="32093808" timestamp="2015-06-20T09:53:23Z" user="Narsimulu" uid="2949621" lat="28.6465571" lon="77.1095314"/>
 <node id="3557566741" visible="true" version="2" changeset="32095204" timestamp="2015-06-20T11:19:21Z" user="Narsimulu" uid="2949621" lat="28.6465794" lon="77.1112728"/>
 <node id="3557566742" visible="true" version="1" changeset="31577387" timestamp="2015-05-30T05:51:50Z" user="Narsimulu" uid="2949621" lat="28.6465860" lon="77.1107138"/>
 <node id="3557566743" visible="true" version="2" changeset="32095204" timestamp="2015-06-20T11:19:21Z" user="Narsimulu" uid="2949621" lat="28.6465816" lon="77.1116781"/>
 <node id="3557566744" visible="true" version="2" changeset="32095204" timestamp="2015-06-20T11:19:21Z" user="Narsimulu" uid="2949621" lat="28.6465881" lon="77.1116736"/>
 <node id="3557566745" visible="true" version="2" changeset="32093808" timestamp="2015-06-20T09:53:23Z" user="Narsimulu" uid="2949621" lat="28.6465919" lon="77.1100416"/>
 <node id="3557566746" visible="true" version="2" changeset="32093808" timestamp="2015-06-20T09:53:23Z" user="Narsimulu" uid="2949621" lat="28.6465900" lon="77.1102327"/>
 <node id="3557566747" visible="true" version="1" changeset="31577387" timestamp="2015-05-30T05:51:50Z" user="Narsimulu" uid="2949621" lat="28.6466058" lon="77.1109875"/>
 <node id="3557566748" visible="true" version="2" changeset="32093808" timestamp="2015-06-20T09:53:23Z" user="Narsimulu" uid="2949621" lat="28.6466003" lon="77.1100098"/>
 <node id="3557566749" visible="true" version="2" changeset="32095204" timestamp="2015-06-20T11:19:21Z" user="Narsimulu" uid="2949621" lat="28.6466073" lon="77.1118236"/>
 <node id="3557566750" visible="true" version="2" changeset="32095204" timestamp="2015-06-20T11:19:21Z" user="Narsimulu" uid="2949621" lat="28.6466091" lon="77.1118212"/>
 <node id="3557566751" visible="true" version="1" changeset="31577387" timestamp="2015-05-30T05:51:50Z" user="Narsimulu" uid="2949621" lat="28.6466161" lon="77.1107049"/>
 <node id="3557566752" visible="true" version="1" changeset="31577387" timestamp="2015-05-30T05:51:50Z" user="Narsimulu" uid="2949621" lat="28.6466200" lon="77.1109974"/>
 <node id="3557566753" visible="true" version="1" changeset="31577387" timestamp="2015-05-30T05:51:50Z" user="Narsimulu" uid="2949621" lat="28.6466222" lon="77.1123364"/>
 <node id="3557566754" visible="true" version="2" changeset="32093808" timestamp="2015-06-20T09:53:23Z" user="Narsimulu" uid="2949621" lat="28.6465918" lon="77.1105214"/>
 <node id="3557566755" visible="true" version="2" changeset="32093808" timestamp="2015-06-20T09:53:23Z" user="Narsimulu" uid="2949621" lat="28.6466213" lon="77.1098989"/>
 <node id="3557566756" visible="true" version="2" changeset="32093808" timestamp="2015-06-20T09:53:23Z" user="Narsimulu" uid="2949621" lat="28.6466239" lon="77.1099134"/>
 <node id="3557566757" visible="true" version="2" changeset="32093808" timestamp="2015-06-20T09:53:23Z" user="Narsimulu" uid="2949621" lat="28.6466177" lon="77.1095355"/>
 <node id="3557566758" visible="true" version="2" changeset="32095204" timestamp="2015-06-20T11:19:21Z" user="Narsimulu" uid="2949621" lat="28.6466311" lon="77.1116365"/>
 <node id="3557566759" visible="true" version="2" changeset="32095204" timestamp="2015-06-20T11:19:21Z" user="Narsimulu" uid="2949621" lat="28.6466165" lon="77.1123289"/>
 <node id="3557566760" visible="true" version="2" changeset="32095204" timestamp="2015-06-20T11:19:21Z" user="Narsimulu" uid="2949621" lat="28.6466321" lon="77.1110770"/>
 <node id="3557566761" visible="true" version="2" changeset="32095204" timestamp="2015-06-20T11:19:21Z" user="Narsimulu" uid="2949621" lat="28.6466351" lon="77.1113599"/>
 <node id="3557566762" visible="true" version="2" changeset="32095204" timestamp="2015-06-20T11:19:21Z" user="Narsimulu" uid="2949621" lat="28.6466390" lon="77.1110908"/>
 <node id="3557566763" visible="true" version="1" changeset="31577387" timestamp="2015-05-30T05:51:50Z" user="Narsimulu" uid="2949621" lat="28.6466441" lon="77.1127655"/>
 <node id="3557566764" visible="true" version="2" changeset="32093808" timestamp="2015-06-20T09:53:23Z" user="Narsimulu" uid="2949621" lat="28.6466239" lon="77.1096594"/>
 <node id="3557566765" visible="true" version="2" changeset="32093808" timestamp="2015-06-20T09:53:23Z" user="Narsimulu" uid="2949621" lat="28.6466471" lon="77.1101408"/>
 <node id="3557566766" visible="true" version="2" changeset="32093808" timestamp="2015-06-20T09:53:23Z" user="Narsimulu" uid="2949621" lat="28.6466508" lon="77.1099656"/>
 <node id="3557566767" visible="true" version="2" changeset="32095204" timestamp="2015-06-20T11:19:21Z" user="Narsimulu" uid="2949621" lat="28.6466521" lon="77.1117841"/>
 <node id="3557566768" visible="true" version="2" changeset="32093808" timestamp="2015-06-20T09:53:23Z" user="Narsimulu" uid="2949621" lat="28.6466272" lon="77.1105899"/>
 <node id="3557566769" visible="true" version="2" changeset="32095204" timestamp="2015-06-20T11:19:21Z" user="Narsimulu" uid="2949621" lat="28.6466436" lon="77.1113595"/>
 <node id="3557566770" visible="true" version="2" changeset="32095204" timestamp="2015-06-20T11:19:21Z" user="Narsimulu" uid="2949621" lat="28.6466586" lon="77.1117796"/>
 <node id="3557566771" visible="true" version="1" changeset="31577387" timestamp="2015-05-30T05:51:50Z" user="Narsimulu" uid="2949621" lat="28.6466628" lon="77.1106179"/>
 <node id="3557566772" visible="true" version="2" changeset="32093808" timestamp="2015-06-20T09:53:23Z" user="Narsimulu" uid="2949621" lat="28.6466598" lon="77.1096844"/>
 <node id="3557566773" visible="true" version="2" changeset="32093808" timestamp="2015-06-20T09:53:23Z" user="Narsimulu" uid="2949621" lat="28.6466641" lon="77.1103455"/>
 <node id="3557566774" visible="true" version="2" changeset="32093808" timestamp="2015-06-20T09:53:23Z" user="Narsimulu" uid="2949621" lat="28.6466676" lon="77.1099687"/>
 <node id="3557566775" visible="true" version="2" changeset="32093808" timestamp="2015-06-20T09:53:23Z" user="Narsimulu" uid="2949621" lat="28.6466660" lon="77.1103688"/>
 <node id="3557566776" visible="true" version="1" changeset="31577387" timestamp="2015-05-30T05:51:50Z" user="Narsimulu" uid="2949621" lat="28.6466790" lon="77.1111060"/>
 <node id="3557566777" visible="true" version="1" changeset="31577387" timestamp="2015-05-30T05:51:50Z" user="Narsimulu" uid="2949621" lat="28.6466841" lon="77.1124543"/>
 <node id="3557566778" visible="true" version="1" changeset="31577387" timestamp="2015-05-30T05:51:50Z" user="Narsimulu" uid="2949621" lat="28.6466885" lon="77.1119000"/>
 <node id="3557566779" visible="true" version="2" changeset="32093808" timestamp="2015-06-20T09:53:23Z" user="Narsimulu" uid="2949621" lat="28.6466952" lon="77.1096853"/>
 <node id="3557566780" visible="true" version="2" changeset="32095204" timestamp="2015-06-20T11:19:21Z" user="Narsimulu" uid="2949621" lat="28.6466847" lon="77.1111927"/>
 <node id="3557566781" visible="true" version="2" changeset="32095204" timestamp="2015-06-20T11:19:21Z" user="Narsimulu" uid="2949621" lat="28.6466885" lon="77.1111736"/>
 <node id="3557566782" visible="true" version="2" changeset="32095204" timestamp="2015-06-20T11:19:21Z" user="Narsimulu" uid="2949621" lat="28.6466826" lon="77.1114174"/>
 <node id="3557566783" visible="true" version="2" changeset="32093808" timestamp="2015-06-20T09:53:23Z" user="Narsimulu" uid="2949621" lat="28.6466869" lon="77.1101530"/>
 <node id="3557566784" visible="true" version="1" changeset="31577387" timestamp="2015-05-30T05:51:50Z" user="Narsimulu" uid="2949621" lat="28.6466973" lon="77.1111149"/>
 <node id="3557566785" visible="true" version="2" changeset="32093808" timestamp="2015-06-20T09:53:23Z" user="Narsimulu" uid="2949621" lat="28.6466862" lon="77.1096558"/>
 <node id="3557566786" visible="true" version="2" changeset="32095204" timestamp="2015-06-20T11:19:21Z" user="Narsimulu" uid="2949621" lat="28.6467015" lon="77.1117425"/>
 <node id="3557566787" visible="true" version="2" changeset="32095204" timestamp="2015-06-20T11:19:22Z" user="Narsimulu" uid="2949621" lat="28.6466963" lon="77.1114140"/>
 <node id="3557566788" visible="true" version="1" changeset="31577387" timestamp="2015-05-30T05:51:50Z" user="Narsimulu" uid="2949621" lat="28.6467112" lon="77.1107038"/>
 <node id="3557566789" visible="true" version="2" changeset="32093808" timestamp="2015-06-20T09:53:23Z" user="Narsimulu" uid="2949621" lat="28.6466859" lon="77.1104582"/>
 <node id="3557566790" visible="true" version="2" changeset="32093808" timestamp="2015-06-20T09:53:24Z" user="Narsimulu" uid="2949621" lat="28.6467249" lon="77.1097416"/>
 <node id="3557566791" visible="true" version="1" changeset="31577387" timestamp="2015-05-30T05:51:51Z" user="Narsimulu" uid="2949621" lat="28.6467200" lon="77.1119494"/>
 <node id="3557566792" visible="true" version="1" changeset="31577387" timestamp="2015-05-30T05:51:51Z" user="Narsimulu" uid="2949621" lat="28.6467212" lon="77.1118729"/>
 <node id="3557566893" visible="true" version="1" changeset="31577387" timestamp="2015-05-30T05:51:51Z" user="Narsimulu" uid="2949621" lat="28.6467241" lon="77.1107230"/>
 <node id="3557566894" visible="true" version="1" changeset="31577387" timestamp="2015-05-30T05:51:51Z" user="Narsimulu" uid="2949621" lat="28.6467262" lon="77.1097549"/>
 <node id="3557566895" visible="true" version="1" changeset="31577387" timestamp="2015-05-30T05:51:51Z" user="Narsimulu" uid="2949621" lat="28.6467267" lon="77.1108971"/>
 <node id="3557566896" visible="true" version="1" changeset="31577387" timestamp="2015-05-30T05:51:51Z" user="Narsimulu" uid="2949621" lat="28.6467283" lon="77.1122641"/>
 <node id="3557566897" visible="true" version="2" changeset="32093808" timestamp="2015-06-20T09:53:24Z" user="Narsimulu" uid="2949621" lat="28.6467272" lon="77.1100752"/>
 <node id="3557566898" visible="true" version="2" changeset="32093808" timestamp="2015-06-20T09:53:24Z" user="Narsimulu" uid="2949621" lat="28.6467214" lon="77.1094588"/>
 <node id="3557566899" visible="true" version="2" changeset="32093808" timestamp="2015-06-20T09:53:24Z" user="Narsimulu" uid="2949621" lat="28.6467390" lon="77.1104209"/>
 <node id="3557566900" visible="true" version="3" changeset="129983911" timestamp="2022-12-12T04:53:40Z" user="Pooja Koul" uid="16283053" lat="28.6467351" lon="77.1101341"/>
 <node id="3557566901" visible="true" version="2" changeset="32093808" timestamp="2015-06-20T09:53:24Z" user="Narsimulu" uid="2949621" lat="28.6467353" lon="77.1098097"/>
 <node id="3557566902" visible="true" version="1" changeset="31577387" timestamp="2015-05-30T05:51:51Z" user="Narsimulu" uid="2949621" lat="28.6467425" lon="77.1111896"/>
 <node id="3557566903" visible="true" version="1" changeset="31577387" timestamp="2015-05-30T05:51:51Z" user="Narsimulu" uid="2949621" lat="28.6467449" lon="77.1109093"/>
 <node id="3557566904" visible="true" version="2" changeset="32095204" timestamp="2015-06-20T11:19:22Z" user="Narsimulu" uid="2949621" lat="28.6467394" lon="77.1112776"/>
 <node id="3557566905" visible="true" version="1" changeset="31577387" timestamp="2015-05-30T05:51:51Z" user="Narsimulu" uid="2949621" lat="28.6467527" lon="77.1119223"/>
 <node id="3557566906" visible="true" version="2" changeset="32093808" timestamp="2015-06-20T09:53:24Z" user="Narsimulu" uid="2949621" lat="28.6467214" lon="77.1105266"/>
 <node id="3557566907" visible="true" version="1" changeset="31577387" timestamp="2015-05-30T05:51:51Z" user="Narsimulu" uid="2949621" lat="28.6467538" lon="77.1111939"/>
 <node id="3557566908" visible="true" version="2" changeset="32093808" timestamp="2015-06-20T09:53:24Z" user="Narsimulu" uid="2949621" lat="28.6467537" lon="77.1098264"/>
 <node id="3557566909" visible="true" version="2" changeset="32095204" timestamp="2015-06-20T11:19:22Z" user="Narsimulu" uid="2949621" lat="28.6467482" lon="77.1112749"/>
 <node id="3557566910" visible="true" version="2" changeset="32093808" timestamp="2015-06-20T09:53:24Z" user="Narsimulu" uid="2949621" lat="28.6467580" lon="77.1102736"/>
 <node id="3557566911" visible="true" version="1" changeset="31577387" timestamp="2015-05-30T05:51:51Z" user="Narsimulu" uid="2949621" lat="28.6467679" lon="77.1105411"/>
 <node id="3557566912" visible="true" version="1" changeset="31577387" timestamp="2015-05-30T05:51:51Z" user="Narsimulu" uid="2949621" lat="28.6467786" lon="77.1108054"/>
 <node id="3557566913" visible="true" version="1" changeset="31577387" timestamp="2015-05-30T05:51:51Z" user="Narsimulu" uid="2949621" lat="28.6467796" lon="77.1108190"/>
 <node id="3557566914" visible="true" version="3" changeset="129983911" timestamp="2022-12-12T04:53:40Z" user="Pooja Koul" uid="16283053" lat="28.6467658" lon="77.1115295"/>
 <node id="3557566915" visible="true" version="2" changeset="32093808" timestamp="2015-06-20T09:53:24Z" user="Narsimulu" uid="2949621" lat="28.6467796" lon="77.1098874"/>
 <node id="3557566916" visible="true" version="1" changeset="31577387" timestamp="2015-05-30T05:51:51Z" user="Narsimulu" uid="2949621" lat="28.6467871" lon="77.1093923"/>
 <node id="3557566917" visible="true" version="2" changeset="32093808" timestamp="2015-06-20T09:53:24Z" user="Narsimulu" uid="2949621" lat="28.6467807" lon="77.1098787"/>
 <node id="3557566918" visible="true" version="1" changeset="31577387" timestamp="2015-05-30T05:51:51Z" user="Narsimulu" uid="2949621" lat="28.6467886" lon="77.1112495"/>
 <node id="3557566919" visible="true" version="1" changeset="31577387" timestamp="2015-05-30T05:51:51Z" user="Narsimulu" uid="2949621" lat="28.6467895" lon="77.1110426"/>
 <node id="3557566920" visible="true" version="1" changeset="31577387" timestamp="2015-05-30T05:51:51Z" user="Narsimulu" uid="2949621" lat="28.6467902" lon="77.1123821"/>
 <node id="3557566921" visible="true" version="1" changeset="31577387" timestamp="2015-05-30T05:51:51Z" user="Narsimulu" uid="2949621" lat="28.6467906" lon="77.1098694"/>
 <node id="3557566922" visible="true" version="1" changeset="31577387" timestamp="2015-05-30T05:51:51Z" user="Narsimulu" uid="2949621" lat="28.6467915" lon="77.1112617"/>
 <node id="3557566923" visible="true" version="2" changeset="32095204" timestamp="2015-06-20T11:19:22Z" user="Narsimulu" uid="2949621" lat="28.6467821" lon="77.1113294"/>
 <node id="3557566924" visible="true" version="1" changeset="31577387" timestamp="2015-05-30T05:51:51Z" user="Narsimulu" uid="2949621" lat="28.6467985" lon="77.1098714"/>
 <node id="3557566925" visible="true" version="2" changeset="32093808" timestamp="2015-06-20T09:53:24Z" user="Narsimulu" uid="2949621" lat="28.6468005" lon="77.1105363"/>
 <node id="3557566926" visible="true" version="2" changeset="32093808" timestamp="2015-06-20T09:53:24Z" user="Narsimulu" uid="2949621" lat="28.6468074" lon="77.1096086"/>
 <node id="3557566927" visible="true" version="2" changeset="32093808" timestamp="2015-06-20T09:53:24Z" user="Narsimulu" uid="2949621" lat="28.6467824" lon="77.1116212"/>
 <node id="3557566928" visible="true" version="3" changeset="129983911" timestamp="2022-12-12T04:53:40Z" user="Pooja Koul" uid="16283053" lat="28.6467995" lon="77.1100855"/>
 <node id="3557566929" visible="true" version="2" changeset="32093808" timestamp="2015-06-20T09:53:24Z" user="Narsimulu" uid="2949621" lat="28.6467899" lon="77.1095792"/>
 <node id="3557566930" visible="true" version="1" changeset="31577387" timestamp="2015-05-30T05:51:51Z" user="Narsimulu" uid="2949621" lat="28.6468039" lon="77.1110179"/>
 <node id="3557566931" visible="true" version="2" changeset="32095204" timestamp="2015-06-20T11:19:22Z" user="Narsimulu" uid="2949621" lat="28.6467944" lon="77.1113406"/>
 <node id="3557566932" visible="true" version="3" changeset="129983911" timestamp="2022-12-12T04:53:40Z" user="Pooja Koul" uid="16283053" lat="28.6468021" lon="77.1102495"/>
 <node id="3557566933" visible="true" version="2" changeset="32093808" timestamp="2015-06-20T09:53:24Z" user="Narsimulu" uid="2949621" lat="28.6468093" lon="77.1105485"/>
 <node id="3557566934" visible="true" version="2" changeset="32093808" timestamp="2015-06-20T09:53:24Z" user="Narsimulu" uid="2949621" lat="28.6468031" lon="77.1100644"/>
 <node id="3557566935" visible="true" version="1" changeset="31577387" timestamp="2015-05-30T05:51:51Z" user="Narsimulu" uid="2949621" lat="28.6468129" lon="77.1106468"/>
 <node id="3557566936" visible="true" version="1" changeset="31577387" timestamp="2015-05-30T05:51:51Z" user="Narsimulu" uid="2949621" lat="28.6468163" lon="77.1106270"/>
 <node id="3557566937" visible="true" version="1" changeset="31577387" timestamp="2015-05-30T05:51:51Z" user="Narsimulu" uid="2949621" lat="28.6468200" lon="77.1108835"/>
 <node id="3557566938" visible="true" version="1" changeset="31577387" timestamp="2015-05-30T05:51:51Z" user="Narsimulu" uid="2949621" lat="28.6468200" lon="77.1108969"/>
 <node id="3557566939" visible="true" version="1" changeset="31577387" timestamp="2015-05-30T05:51:51Z" user="Narsimulu" uid="2949621" lat="28.6468257" lon="77.1096822"/>
 <node id="3557566940" visible="true" version="2" changeset="32093808" timestamp="2015-06-20T09:53:24Z" user="Narsimulu" uid="2949621" lat="28.6468272" lon="77.1103599"/>
 <node id="3557566941" visible="true" version="1" changeset="31577387" timestamp="2015-05-30T05:51:51Z" user="Narsimulu" uid="2949621" lat="28.6468295" lon="77.1094653"/>
 <node id="3557566942" visible="true" version="1" changeset="31577387" timestamp="2015-05-30T05:51:51Z" user="Narsimulu" uid="2949621" lat="28.6468311" lon="77.1099311"/>
 <node id="3557566943" visible="true" version="2" changeset="32093808" timestamp="2015-06-20T09:53:24Z" user="Narsimulu" uid="2949621" lat="28.6468370" lon="77.1096649"/>
 <node id="3557566944" visible="true" version="1" changeset="31577387" timestamp="2015-05-30T05:51:51Z" user="Narsimulu" uid="2949621" lat="28.6468346" lon="77.1111173"/>
 <node id="3557566945" visible="true" version="1" changeset="31577387" timestamp="2015-05-30T05:51:51Z" user="Narsimulu" uid="2949621" lat="28.6468354" lon="77.1094769"/>
 <node id="3557566946" visible="true" version="1" changeset="31577387" timestamp="2015-05-30T05:51:51Z" user="Narsimulu" uid="2949621" lat="28.6468405" lon="77.1099377"/>
 <node id="3557566947" visible="true" version="2" changeset="32093808" timestamp="2015-06-20T09:53:24Z" user="Narsimulu" uid="2949621" lat="28.6468391" lon="77.1099939"/>
 <node id="3557566948" visible="true" version="1" changeset="31577387" timestamp="2015-05-30T05:51:51Z" user="Narsimulu" uid="2949621" lat="28.6468470" lon="77.1111182"/>
 <node id="3557566949" visible="true" version="2" changeset="32093808" timestamp="2015-06-20T09:53:24Z" user="Narsimulu" uid="2949621" lat="28.6468296" lon="77.1115815"/>
 <node id="3557566950" visible="true" version="1" changeset="31577387" timestamp="2015-05-30T05:51:51Z" user="Narsimulu" uid="2949621" lat="28.6468512" lon="77.1113624"/>
 <node id="3557566951" visible="true" version="1" changeset="31577387" timestamp="2015-05-30T05:51:51Z" user="Narsimulu" uid="2949621" lat="28.6468632" lon="77.1113691"/>
 <node id="3557566952" visible="true" version="1" changeset="31577387" timestamp="2015-05-30T05:51:51Z" user="Narsimulu" uid="2949621" lat="28.6468635" lon="77.1124318"/>
 <node id="3557566953" visible="true" version="1" changeset="31577387" timestamp="2015-05-30T05:51:51Z" user="Narsimulu" uid="2949621" lat="28.6468674" lon="77.1107292"/>
 <node id="3557566954" visible="true" version="3" changeset="129983911" timestamp="2022-12-12T04:53:40Z" user="Pooja Koul" uid="16283053" lat="28.6468665" lon="77.1102009"/>
 <node id="3557566955" visible="true" version="2" changeset="129983911" timestamp="2022-12-12T04:53:40Z" user="Pooja Koul" uid="16283053" lat="28.6468676" lon="77.1099825"/>
 <node id="3557566956" visible="true" version="1" changeset="31577387" timestamp="2015-05-30T05:51:51Z" user="Narsimulu" uid="2949621" lat="28.6468727" lon="77.1095425"/>
 <node id="3557566957" visible="true" version="1" changeset="31577387" timestamp="2015-05-30T05:51:51Z" user="Narsimulu" uid="2949621" lat="28.6468728" lon="77.1107433"/>
 <node id="3557566958" visible="true" version="1" changeset="31577387" timestamp="2015-05-30T05:51:51Z" user="Narsimulu" uid="2949621" lat="28.6468745" lon="77.1109804"/>
 <node id="3557566959" visible="true" version="2" changeset="32093808" timestamp="2015-06-20T09:53:24Z" user="Narsimulu" uid="2949621" lat="28.6468817" lon="77.1106750"/>
 <node id="3557566960" visible="true" version="3" changeset="129983911" timestamp="2022-12-12T04:53:40Z" user="Pooja Koul" uid="16283053" lat="28.6468619" lon="77.1114569"/>
 <node id="3557566961" visible="true" version="1" changeset="31577387" timestamp="2015-05-30T05:51:51Z" user="Narsimulu" uid="2949621" lat="28.6468818" lon="77.1111738"/>
 <node id="3557566962" visible="true" version="1" changeset="31577387" timestamp="2015-05-30T05:51:51Z" user="Narsimulu" uid="2949621" lat="28.6468827" lon="77.1109929"/>
 <node id="3557566963" visible="true" version="3" changeset="163311256" timestamp="2025-03-07T06:13:27Z" user="SB15" uid="18682850" lat="28.6468308" lon="77.1115582"/>
 <node id="3557566964" visible="true" version="2" changeset="32093808" timestamp="2015-06-20T09:53:24Z" user="Narsimulu" uid="2949621" lat="28.6468787" lon="77.1102001"/>
 <node id="3557566965" visible="true" version="2" changeset="32093808" timestamp="2015-06-20T09:53:24Z" user="Narsimulu" uid="2949621" lat="28.6468887" lon="77.1104754"/>
 <node id="3557566966" visible="true" version="2" changeset="32093808" timestamp="2015-06-20T09:53:24Z" user="Narsimulu" uid="2949621" lat="28.6468693" lon="77.1117553"/>
 <node id="3557566967" visible="true" version="1" changeset="31577387" timestamp="2015-05-30T05:51:51Z" user="Narsimulu" uid="2949621" lat="28.6468901" lon="77.1097968"/>
 <node id="3557566968" visible="true" version="1" changeset="31577387" timestamp="2015-05-30T05:51:52Z" user="Narsimulu" uid="2949621" lat="28.6468908" lon="77.1093140"/>
 <node id="3557566969" visible="true" version="2" changeset="32093808" timestamp="2015-06-20T09:53:24Z" user="Narsimulu" uid="2949621" lat="28.6468945" lon="77.1106969"/>
 <node id="3557566970" visible="true" version="1" changeset="31577387" timestamp="2015-05-30T05:51:52Z" user="Narsimulu" uid="2949621" lat="28.6468938" lon="77.1095341"/>
 <node id="3557566971" visible="true" version="1" changeset="31577387" timestamp="2015-05-30T05:51:52Z" user="Narsimulu" uid="2949621" lat="28.6468942" lon="77.1098037"/>
 <node id="3557566972" visible="true" version="2" changeset="32093808" timestamp="2015-06-20T09:53:24Z" user="Narsimulu" uid="2949621" lat="28.6468743" lon="77.1117842"/>
 <node id="3557566973" visible="true" version="1" changeset="31577387" timestamp="2015-05-30T05:51:52Z" user="Narsimulu" uid="2949621" lat="28.6468965" lon="77.1114220"/>
 <node id="3557566974" visible="true" version="1" changeset="31577387" timestamp="2015-05-30T05:51:52Z" user="Narsimulu" uid="2949621" lat="28.6468985" lon="77.1111792"/>
 <node id="3557566975" visible="true" version="3" changeset="129985277" timestamp="2022-12-12T05:58:33Z" user="Pooja Koul" uid="16283053" lat="28.6468885" lon="77.1104935"/>
 <node id="3557566976" visible="true" version="2" changeset="32093808" timestamp="2015-06-20T09:53:24Z" user="Narsimulu" uid="2949621" lat="28.6468861" lon="77.1103198"/>
 <node id="3557566977" visible="true" version="1" changeset="31577387" timestamp="2015-05-30T05:51:52Z" user="Narsimulu" uid="2949621" lat="28.6469131" lon="77.1108079"/>
 <node id="3557566978" visible="true" version="2" changeset="32093808" timestamp="2015-06-20T09:53:24Z" user="Narsimulu" uid="2949621" lat="28.6469044" lon="77.1099911"/>
 <node id="3557566979" visible="true" version="2" changeset="32093808" timestamp="2015-06-20T09:53:24Z" user="Narsimulu" uid="2949621" lat="28.6468888" lon="77.1096219"/>
 <node id="3557566980" visible="true" version="2" changeset="32093808" timestamp="2015-06-20T09:53:24Z" user="Narsimulu" uid="2949621" lat="28.6469111" lon="77.1099876"/>
 <node id="3557566981" visible="true" version="1" changeset="31577387" timestamp="2015-05-30T05:51:52Z" user="Narsimulu" uid="2949621" lat="28.6469213" lon="77.1108111"/>
 <node id="3557566982" visible="true" version="1" changeset="31577387" timestamp="2015-05-30T05:51:52Z" user="Narsimulu" uid="2949621" lat="28.6469223" lon="77.1095815"/>
 <node id="3557566983" visible="true" version="1" changeset="31577387" timestamp="2015-05-30T05:51:52Z" user="Narsimulu" uid="2949621" lat="28.6469243" lon="77.1098722"/>
 <node id="3557566984" visible="true" version="1" changeset="31577387" timestamp="2015-05-30T05:51:52Z" user="Narsimulu" uid="2949621" lat="28.6469267" lon="77.1098634"/>
 <node id="3557566985" visible="true" version="1" changeset="31577387" timestamp="2015-05-30T05:51:52Z" user="Narsimulu" uid="2949621" lat="28.6469280" lon="77.1092987"/>
 <node id="3557566986" visible="true" version="1" changeset="31577387" timestamp="2015-05-30T05:51:52Z" user="Narsimulu" uid="2949621" lat="28.6469306" lon="77.1110719"/>
 <node id="3557566987" visible="true" version="3" changeset="163311256" timestamp="2025-03-07T06:13:27Z" user="SB15" uid="18682850" lat="28.6468780" lon="77.1115185"/>
 <node id="3557566988" visible="true" version="1" changeset="31577387" timestamp="2015-05-30T05:51:52Z" user="Narsimulu" uid="2949621" lat="28.6469333" lon="77.1093871"/>
 <node id="3557566989" visible="true" version="2" changeset="32093808" timestamp="2015-06-20T09:53:24Z" user="Narsimulu" uid="2949621" lat="28.6469165" lon="77.1117156"/>
 <node id="3557566990" visible="true" version="3" changeset="163311256" timestamp="2025-03-07T06:13:27Z" user="SB15" uid="18682850" lat="28.6469083" lon="77.1115021"/>
 <node id="3557566991" visible="true" version="2" changeset="32093808" timestamp="2015-06-20T09:53:24Z" user="Narsimulu" uid="2949621" lat="28.6469289" lon="77.1103922"/>
 <node id="3557566992" visible="true" version="1" changeset="31577387" timestamp="2015-05-30T05:51:52Z" user="Narsimulu" uid="2949621" lat="28.6469463" lon="77.1110767"/>
 <node id="3557566993" visible="true" version="2" changeset="32093808" timestamp="2015-06-20T09:53:24Z" user="Narsimulu" uid="2949621" lat="28.6469480" lon="77.1107793"/>
 <node id="3557566994" visible="true" version="1" changeset="31577387" timestamp="2015-05-30T05:51:52Z" user="Narsimulu" uid="2949621" lat="28.6469490" lon="77.1093931"/>
 <node id="3557566995" visible="true" version="1" changeset="31577387" timestamp="2015-05-30T05:51:52Z" user="Narsimulu" uid="2949621" lat="28.6469514" lon="77.1112969"/>
 <node id="3557566996" visible="true" version="2" changeset="129983911" timestamp="2022-12-12T04:53:40Z" user="Pooja Koul" uid="16283053" lat="28.6469528" lon="77.1099169"/>
 <node id="3557566997" visible="true" version="1" changeset="31577387" timestamp="2015-05-30T05:51:52Z" user="Narsimulu" uid="2949621" lat="28.6469583" lon="77.1112800"/>
 <node id="3557566998" visible="true" version="2" changeset="32093808" timestamp="2015-06-20T09:53:24Z" user="Narsimulu" uid="2949621" lat="28.6469367" lon="77.1117294"/>
 <node id="3557566999" visible="true" version="2" changeset="32093808" timestamp="2015-06-20T09:53:24Z" user="Narsimulu" uid="2949621" lat="28.6469620" lon="77.1108014"/>
 <node id="3557567000" visible="true" version="2" changeset="32093808" timestamp="2015-06-20T09:53:24Z" user="Narsimulu" uid="2949621" lat="28.6469492" lon="77.1103962"/>
 <node id="3557567001" visible="true" version="1" changeset="31577387" timestamp="2015-05-30T05:51:52Z" user="Narsimulu" uid="2949621" lat="28.6469663" lon="77.1093575"/>
 <node id="3557567002" visible="true" version="1" changeset="31577387" timestamp="2015-05-30T05:51:52Z" user="Narsimulu" uid="2949621" lat="28.6469666" lon="77.1123561"/>
 <node id="3557567003" visible="true" version="2" changeset="32093808" timestamp="2015-06-20T09:53:24Z" user="Narsimulu" uid="2949621" lat="28.6469675" lon="77.1093746"/>
 <node id="3557567004" visible="true" version="3" changeset="129985277" timestamp="2022-12-12T05:58:33Z" user="Pooja Koul" uid="16283053" lat="28.6469558" lon="77.1106143"/>
 <node id="3557567005" visible="true" version="3" changeset="163311256" timestamp="2025-03-07T06:13:27Z" user="SB15" uid="18682850" lat="28.6469177" lon="77.1116923"/>
 <node id="3557567006" visible="true" version="1" changeset="31577387" timestamp="2015-05-30T05:51:52Z" user="Narsimulu" uid="2949621" lat="28.6469758" lon="77.1108946"/>
 <node id="3557567007" visible="true" version="1" changeset="31577387" timestamp="2015-05-30T05:51:52Z" user="Narsimulu" uid="2949621" lat="28.6469788" lon="77.1109172"/>
 <node id="3557567008" visible="true" version="3" changeset="129985277" timestamp="2022-12-12T05:58:33Z" user="Pooja Koul" uid="16283053" lat="28.6469664" lon="77.1106424"/>
 <node id="3557567009" visible="true" version="1" changeset="31577387" timestamp="2015-05-30T05:51:52Z" user="Narsimulu" uid="2949621" lat="28.6469828" lon="77.1094646"/>
 <node id="3557567010" visible="true" version="3" changeset="163311256" timestamp="2025-03-07T06:13:27Z" user="SB15" uid="18682850" lat="28.6469555" lon="77.1114624"/>
 <node id="3557567011" visible="true" version="1" changeset="31577387" timestamp="2015-05-30T05:51:52Z" user="Narsimulu" uid="2949621" lat="28.6469847" lon="77.1113498"/>
 <node id="3557567012" visible="true" version="1" changeset="31577387" timestamp="2015-05-30T05:51:52Z" user="Narsimulu" uid="2949621" lat="28.6469863" lon="77.1094587"/>
 <node id="3557567013" visible="true" version="2" changeset="32093808" timestamp="2015-06-20T09:53:24Z" user="Narsimulu" uid="2949621" lat="28.6469610" lon="77.1097349"/>
 <node id="3557567014" visible="true" version="2" changeset="32093808" timestamp="2015-06-20T09:53:24Z" user="Narsimulu" uid="2949621" lat="28.6469800" lon="77.1101269"/>
 <node id="3557567015" visible="true" version="2" changeset="129986395" timestamp="2022-12-12T06:46:50Z" user="Pooja Koul" uid="16283053" lat="28.6469769" lon="77.1097342"/>
 <node id="3557567016" visible="true" version="2" changeset="32093808" timestamp="2015-06-20T09:53:24Z" user="Narsimulu" uid="2949621" lat="28.6469754" lon="77.1114600"/>
 <node id="3557567017" visible="true" version="2" changeset="32093808" timestamp="2015-06-20T09:53:24Z" user="Narsimulu" uid="2949621" lat="28.6469868" lon="77.1101202"/>
 <node id="3557567018" visible="true" version="2" changeset="32093808" timestamp="2015-06-20T09:53:24Z" user="Narsimulu" uid="2949621" lat="28.6469740" lon="77.1119319"/>
 <node id="3557567019" visible="true" version="2" changeset="32093808" timestamp="2015-06-20T09:53:24Z" user="Narsimulu" uid="2949621" lat="28.6469972" lon="77.1108609"/>
 <node id="3557567020" visible="true" version="1" changeset="31577387" timestamp="2015-05-30T05:51:52Z" user="Narsimulu" uid="2949621" lat="28.6469966" lon="77.1111566"/>
 <node id="3557567021" visible="true" version="1" changeset="31577387" timestamp="2015-05-30T05:51:52Z" user="Narsimulu" uid="2949621" lat="28.6470053" lon="77.1092332"/>
 <node id="3557567022" visible="true" version="2" changeset="32093808" timestamp="2015-06-20T09:53:24Z" user="Narsimulu" uid="2949621" lat="28.6469911" lon="77.1104610"/>
 <node id="3557567023" visible="true" version="2" changeset="32093808" timestamp="2015-06-20T09:53:24Z" user="Narsimulu" uid="2949621" lat="28.6469951" lon="77.1102362"/>
 <node id="3557567024" visible="true" version="2" changeset="32093808" timestamp="2015-06-20T09:53:24Z" user="Narsimulu" uid="2949621" lat="28.6469951" lon="77.1104734"/>
 <node id="3557567025" visible="true" version="1" changeset="31577387" timestamp="2015-05-30T05:51:52Z" user="Narsimulu" uid="2949621" lat="28.6470113" lon="77.1095120"/>
 <node id="3557567026" visible="true" version="2" changeset="32093808" timestamp="2015-06-20T09:53:24Z" user="Narsimulu" uid="2949621" lat="28.6469927" lon="77.1117058"/>
 <node id="3557567027" visible="true" version="2" changeset="32093808" timestamp="2015-06-20T09:53:24Z" user="Narsimulu" uid="2949621" lat="28.6470175" lon="77.1109042"/>
 <node id="3557567028" visible="true" version="3" changeset="163311256" timestamp="2025-03-07T06:13:27Z" user="SB15" uid="18682850" lat="28.6469649" lon="77.1116526"/>
 <node id="3557567029" visible="true" version="2" changeset="32093808" timestamp="2015-06-20T09:53:24Z" user="Narsimulu" uid="2949621" lat="28.6470103" lon="77.1099142"/>
 <node id="3557567030" visible="true" version="2" changeset="32093808" timestamp="2015-06-20T09:53:24Z" user="Narsimulu" uid="2949621" lat="28.6469946" lon="77.1095341"/>
 <node id="3557567031" visible="true" version="2" changeset="32093808" timestamp="2015-06-20T09:53:24Z" user="Narsimulu" uid="2949621" lat="28.6470110" lon="77.1101888"/>
 <node id="3557567032" visible="true" version="3" changeset="129986395" timestamp="2022-12-12T06:46:50Z" user="Pooja Koul" uid="16283053" lat="28.6470312" lon="77.1099060"/>
 <node id="3557567033" visible="true" version="3" changeset="163311256" timestamp="2025-03-07T06:13:27Z" user="SB15" uid="18682850" lat="28.6469952" lon="77.1116362"/>
 <node id="3557567034" visible="true" version="1" changeset="31577387" timestamp="2015-05-30T05:51:52Z" user="Narsimulu" uid="2949621" lat="28.6470267" lon="77.1109962"/>
 <node id="3557567035" visible="true" version="2" changeset="32093808" timestamp="2015-06-20T09:53:25Z" user="Narsimulu" uid="2949621" lat="28.6470202" lon="77.1089633"/>
 <node id="3557567036" visible="true" version="2" changeset="129986395" timestamp="2022-12-12T06:46:50Z" user="Pooja Koul" uid="16283053" lat="28.6470135" lon="77.1097946"/>
 <node id="3557567037" visible="true" version="3" changeset="129985277" timestamp="2022-12-12T05:58:33Z" user="Pooja Koul" uid="16283053" lat="28.6470177" lon="77.1107237"/>
 <node id="3557567038" visible="true" version="1" changeset="31577387" timestamp="2015-05-30T05:51:52Z" user="Narsimulu" uid="2949621" lat="28.6470375" lon="77.1110022"/>
 <node id="3557567039" visible="true" version="2" changeset="129986395" timestamp="2022-12-12T06:46:50Z" user="Pooja Koul" uid="16283053" lat="28.6470252" lon="77.1097966"/>
 <node id="3557567040" visible="true" version="2" changeset="32093808" timestamp="2015-06-20T09:53:25Z" user="Narsimulu" uid="2949621" lat="28.6470226" lon="77.1114203"/>
 <node id="3557567041" visible="true" version="2" changeset="32093808" timestamp="2015-06-20T09:53:25Z" user="Narsimulu" uid="2949621" lat="28.6470436" lon="77.1109546"/>
 <node id="3557567042" visible="true" version="1" changeset="31577387" timestamp="2015-05-30T05:51:52Z" user="Narsimulu" uid="2949621" lat="28.6470436" lon="77.1092919"/>
 <node id="3557567043" visible="true" version="3" changeset="163311256" timestamp="2025-03-07T06:13:27Z" user="SB15" uid="18682850" lat="28.6470256" lon="77.1114120"/>
 <node id="3557567044" visible="true" version="1" changeset="31577387" timestamp="2015-05-30T05:51:52Z" user="Narsimulu" uid="2949621" lat="28.6470445" lon="77.1127519"/>
 <node id="3557567045" visible="true" version="3" changeset="129985277" timestamp="2022-12-12T05:58:33Z" user="Pooja Koul" uid="16283053" lat="28.6470267" lon="77.1107587"/>
 <node id="3557567046" visible="true" version="2" changeset="32093808" timestamp="2015-06-20T09:53:25Z" user="Narsimulu" uid="2949621" lat="28.6470469" lon="77.1094851"/>
 <node id="3557567047" visible="true" version="2" changeset="32093808" timestamp="2015-06-20T09:53:25Z" user="Narsimulu" uid="2949621" lat="28.6470519" lon="77.1094964"/>
 <node id="3557567048" visible="true" version="2" changeset="32093808" timestamp="2015-06-20T09:53:25Z" user="Narsimulu" uid="2949621" lat="28.6470379" lon="77.1103087"/>
 <node id="3557567049" visible="true" version="2" changeset="32093808" timestamp="2015-06-20T09:53:25Z" user="Narsimulu" uid="2949621" lat="28.6470544" lon="77.1109673"/>
 <node id="3557567050" visible="true" version="2" changeset="32093808" timestamp="2015-06-20T09:53:25Z" user="Narsimulu" uid="2949621" lat="28.6470365" lon="77.1118771"/>
 <node id="3557567051" visible="true" version="1" changeset="31577387" timestamp="2015-05-30T05:51:53Z" user="Narsimulu" uid="2949621" lat="28.6470612" lon="77.1119968"/>
 <node id="3557567052" visible="true" version="2" changeset="32093808" timestamp="2015-06-20T09:53:25Z" user="Narsimulu" uid="2949621" lat="28.6470474" lon="77.1103138"/>
 <node id="3557567053" visible="true" version="2" changeset="129986395" timestamp="2022-12-12T06:46:50Z" user="Pooja Koul" uid="16283053" lat="28.6470510" lon="77.1098425"/>
 <node id="3557567054" visible="true" version="2" changeset="32093808" timestamp="2015-06-20T09:53:25Z" user="Narsimulu" uid="2949621" lat="28.6470656" lon="77.1092831"/>
 <node id="3557567055" visible="true" version="2" changeset="32093808" timestamp="2015-06-20T09:53:25Z" user="Narsimulu" uid="2949621" lat="28.6470477" lon="77.1116668"/>
 <node id="3557567056" visible="true" version="3" changeset="163311256" timestamp="2025-03-07T06:13:27Z" user="SB15" uid="18682850" lat="28.6470424" lon="77.1115965"/>
 <node id="3557567057" visible="true" version="2" changeset="32093808" timestamp="2015-06-20T09:53:25Z" user="Narsimulu" uid="2949621" lat="28.6470645" lon="77.1090438"/>
 <node id="3557567058" visible="true" version="2" changeset="32093808" timestamp="2015-06-20T09:53:25Z" user="Narsimulu" uid="2949621" lat="28.6470811" lon="77.1095423"/>
 <node id="3557567059" visible="true" version="1" changeset="31577387" timestamp="2015-05-30T05:51:53Z" user="Narsimulu" uid="2949621" lat="28.6470802" lon="77.1116628"/>
 <node id="3557567060" visible="true" version="3" changeset="129985277" timestamp="2022-12-12T05:58:33Z" user="Pooja Koul" uid="16283053" lat="28.6470602" lon="77.1108099"/>
 <node id="3557567061" visible="true" version="2" changeset="32093808" timestamp="2015-06-20T09:53:25Z" user="Narsimulu" uid="2949621" lat="28.6470747" lon="77.1090813"/>
 <node id="3557567062" visible="true" version="2" changeset="32093808" timestamp="2015-06-20T09:53:25Z" user="Narsimulu" uid="2949621" lat="28.6470623" lon="77.1115942"/>
 <node id="3557567063" visible="true" version="1" changeset="31577387" timestamp="2015-05-30T05:51:53Z" user="Narsimulu" uid="2949621" lat="28.6470878" lon="77.1110821"/>
 <node id="3557567064" visible="true" version="2" changeset="32093808" timestamp="2015-06-20T09:53:25Z" user="Narsimulu" uid="2949621" lat="28.6470833" lon="77.1095635"/>
 <node id="3557567065" visible="true" version="3" changeset="163311256" timestamp="2025-03-07T06:13:27Z" user="SB15" uid="18682850" lat="28.6470728" lon="77.1113723"/>
 <node id="3557567066" visible="true" version="2" changeset="32093808" timestamp="2015-06-20T09:53:25Z" user="Narsimulu" uid="2949621" lat="28.6470668" lon="77.1096470"/>
 <node id="3557567067" visible="true" version="2" changeset="32093808" timestamp="2015-06-20T09:53:25Z" user="Narsimulu" uid="2949621" lat="28.6470820" lon="77.1103262"/>
 <node id="3557567068" visible="true" version="2" changeset="32093808" timestamp="2015-06-20T09:53:25Z" user="Narsimulu" uid="2949621" lat="28.6470784" lon="77.1106234"/>
 <node id="3557567069" visible="true" version="2" changeset="32093808" timestamp="2015-06-20T09:53:25Z" user="Narsimulu" uid="2949621" lat="28.6470859" lon="77.1100468"/>
 <node id="3557567070" visible="true" version="3" changeset="129986395" timestamp="2022-12-12T06:46:50Z" user="Pooja Koul" uid="16283053" lat="28.6471023" lon="77.1100397"/>
 <node id="3557567071" visible="true" version="2" changeset="129986395" timestamp="2022-12-12T06:46:50Z" user="Pooja Koul" uid="16283053" lat="28.6470834" lon="77.1096504"/>
 <node id="3557567072" visible="true" version="2" changeset="32093808" timestamp="2015-06-20T09:53:25Z" user="Narsimulu" uid="2949621" lat="28.6470795" lon="77.1118649"/>
 <node id="3557567073" visible="true" version="2" changeset="32093808" timestamp="2015-06-20T09:53:25Z" user="Narsimulu" uid="2949621" lat="28.6471027" lon="77.1110533"/>
 <node id="3557567074" visible="true" version="2" changeset="32093808" timestamp="2015-06-20T09:53:25Z" user="Narsimulu" uid="2949621" lat="28.6470893" lon="77.1103785"/>
 <node id="3557567075" visible="true" version="2" changeset="32093808" timestamp="2015-06-20T09:53:25Z" user="Narsimulu" uid="2949621" lat="28.6470922" lon="77.1104034"/>
 <node id="3557567076" visible="true" version="2" changeset="32093808" timestamp="2015-06-20T09:53:25Z" user="Narsimulu" uid="2949621" lat="28.6470937" lon="77.1106410"/>
 <node id="3557567077" visible="true" version="2" changeset="32093808" timestamp="2015-06-20T09:53:25Z" user="Narsimulu" uid="2949621" lat="28.6471299" lon="77.1103328"/>
 <node id="3557567078" visible="true" version="3" changeset="129985277" timestamp="2022-12-12T05:58:33Z" user="Pooja Koul" uid="16283053" lat="28.6470914" lon="77.1108537"/>
 <node id="3557567079" visible="true" version="3" changeset="129986395" timestamp="2022-12-12T06:46:50Z" user="Pooja Koul" uid="16283053" lat="28.6471293" lon="77.1098383"/>
 <node id="3557567080" visible="true" version="2" changeset="32093808" timestamp="2015-06-20T09:53:25Z" user="Narsimulu" uid="2949621" lat="28.6470939" lon="77.1113669"/>
 <node id="3557567081" visible="true" version="2" changeset="32093808" timestamp="2015-06-20T09:53:25Z" user="Narsimulu" uid="2949621" lat="28.6471203" lon="77.1096195"/>
 <node id="3557567082" visible="true" version="1" changeset="31577387" timestamp="2015-05-30T05:51:53Z" user="Narsimulu" uid="2949621" lat="28.6471274" lon="77.1116231"/>
 <node id="3557567083" visible="true" version="2" changeset="32093808" timestamp="2015-06-20T09:53:25Z" user="Narsimulu" uid="2949621" lat="28.6471095" lon="77.1115545"/>
 <node id="3557567084" visible="true" version="1" changeset="31577387" timestamp="2015-05-30T05:51:53Z" user="Narsimulu" uid="2949621" lat="28.6471299" lon="77.1096261"/>
 <node id="3557567085" visible="true" version="3" changeset="163311256" timestamp="2025-03-07T06:13:27Z" user="SB15" uid="18682850" lat="28.6471125" lon="77.1115462"/>
 <node id="3557567086" visible="true" version="1" changeset="31577387" timestamp="2015-05-30T05:51:53Z" user="Narsimulu" uid="2949621" lat="28.6471335" lon="77.1116117"/>
 <node id="3557567087" visible="true" version="1" changeset="31577387" timestamp="2015-05-30T05:51:53Z" user="Narsimulu" uid="2949621" lat="28.6471339" lon="77.1121204"/>
 <node id="3557567088" visible="true" version="2" changeset="129986395" timestamp="2022-12-12T06:46:50Z" user="Pooja Koul" uid="16283053" lat="28.6471205" lon="77.1097271"/>
 <node id="3557567089" visible="true" version="3" changeset="129986395" timestamp="2022-12-12T06:46:50Z" user="Pooja Koul" uid="16283053" lat="28.6471423" lon="77.1098143"/>
 <node id="3557567090" visible="true" version="2" changeset="129986395" timestamp="2022-12-12T06:46:50Z" user="Pooja Koul" uid="16283053" lat="28.6471200" lon="77.1097107"/>
 <node id="3557567091" visible="true" version="2" changeset="32093808" timestamp="2015-06-20T09:53:25Z" user="Narsimulu" uid="2949621" lat="28.6471234" lon="77.1106884"/>
 <node id="3557567092" visible="true" version="2" changeset="32093808" timestamp="2015-06-20T09:53:25Z" user="Narsimulu" uid="2949621" lat="28.6471249" lon="77.1106959"/>
 <node id="3557567193" visible="true" version="3" changeset="129985277" timestamp="2022-12-12T05:58:33Z" user="Pooja Koul" uid="16283053" lat="28.6471189" lon="77.1108994"/>
 <node id="3557567194" visible="true" version="1" changeset="31577387" timestamp="2015-05-30T05:51:53Z" user="Narsimulu" uid="2949621" lat="28.6471476" lon="77.1126762"/>
 <node id="3557567195" visible="true" version="2" changeset="32093808" timestamp="2015-06-20T09:53:25Z" user="Narsimulu" uid="2949621" lat="28.6471450" lon="77.1093936"/>
 <node id="3557567196" visible="true" version="3" changeset="129985277" timestamp="2022-12-12T05:58:33Z" user="Pooja Koul" uid="16283053" lat="28.6471236" lon="77.1109200"/>
 <node id="3557567197" visible="true" version="2" changeset="32093808" timestamp="2015-06-20T09:53:25Z" user="Narsimulu" uid="2949621" lat="28.6471480" lon="77.1088718"/>
 <node id="3557567198" visible="true" version="2" changeset="32093808" timestamp="2015-06-20T09:53:25Z" user="Narsimulu" uid="2949621" lat="28.6471345" lon="77.1118259"/>
 <node id="3557567199" visible="true" version="1" changeset="31577387" timestamp="2015-05-30T05:51:53Z" user="Narsimulu" uid="2949621" lat="28.6471569" lon="77.1096725"/>
 <node id="3557567200" visible="true" version="2" changeset="32093808" timestamp="2015-06-20T09:53:25Z" user="Narsimulu" uid="2949621" lat="28.6471432" lon="77.1121214"/>
 <node id="3557567201" visible="true" version="2" changeset="32093808" timestamp="2015-06-20T09:53:25Z" user="Narsimulu" uid="2949621" lat="28.6471599" lon="77.1094072"/>
 <node id="3557567202" visible="true" version="2" changeset="129986395" timestamp="2022-12-12T06:46:50Z" user="Pooja Koul" uid="16283053" lat="28.6471463" lon="77.1097730"/>
 <node id="3557567203" visible="true" version="1" changeset="31577387" timestamp="2015-05-30T05:51:53Z" user="Narsimulu" uid="2949621" lat="28.6471671" lon="77.1117970"/>
 <node id="3557567204" visible="true" version="2" changeset="32093808" timestamp="2015-06-20T09:53:25Z" user="Narsimulu" uid="2949621" lat="28.6471648" lon="77.1088566"/>
 <node id="3557567205" visible="true" version="2" changeset="32093808" timestamp="2015-06-20T09:53:25Z" user="Narsimulu" uid="2949621" lat="28.6471537" lon="77.1107659"/>
 <node id="3557567206" visible="true" version="2" changeset="32093808" timestamp="2015-06-20T09:53:25Z" user="Narsimulu" uid="2949621" lat="28.6471564" lon="77.1107517"/>
 <node id="3557567207" visible="true" version="2" changeset="32093808" timestamp="2015-06-20T09:53:25Z" user="Narsimulu" uid="2949621" lat="28.6471697" lon="77.1092474"/>
 <node id="3557567208" visible="true" version="3" changeset="163311256" timestamp="2025-03-07T06:13:27Z" user="SB15" uid="18682850" lat="28.6471597" lon="77.1115065"/>
 <node id="3557567209" visible="true" version="1" changeset="31577387" timestamp="2015-05-30T05:51:53Z" user="Narsimulu" uid="2949621" lat="28.6471795" lon="77.1116829"/>
 <node id="3557567210" visible="true" version="1" changeset="31577387" timestamp="2015-05-30T05:51:53Z" user="Narsimulu" uid="2949621" lat="28.6471807" lon="77.1115720"/>
 <node id="3557567211" visible="true" version="1" changeset="31577387" timestamp="2015-05-30T05:51:53Z" user="Narsimulu" uid="2949621" lat="28.6471839" lon="77.1115670"/>
 <node id="3557567212" visible="true" version="2" changeset="32093808" timestamp="2015-06-20T09:53:25Z" user="Narsimulu" uid="2949621" lat="28.6471891" lon="77.1094531"/>
 <node id="3557567213" visible="true" version="2" changeset="32093808" timestamp="2015-06-20T09:53:25Z" user="Narsimulu" uid="2949621" lat="28.6471755" lon="77.1105534"/>
 <node id="3557567214" visible="true" version="3" changeset="129986395" timestamp="2022-12-12T06:46:50Z" user="Pooja Koul" uid="16283053" lat="28.6472004" lon="77.1099719"/>
 <node id="3557567215" visible="true" version="2" changeset="32093808" timestamp="2015-06-20T09:53:25Z" user="Narsimulu" uid="2949621" lat="28.6471874" lon="77.1094743"/>
 <node id="3557567216" visible="true" version="2" changeset="32093808" timestamp="2015-06-20T09:53:25Z" user="Narsimulu" uid="2949621" lat="28.6471814" lon="77.1121937"/>
 <node id="3557567217" visible="true" version="2" changeset="32093808" timestamp="2015-06-20T09:53:25Z" user="Narsimulu" uid="2949621" lat="28.6472073" lon="77.1104685"/>
 <node id="3557567218" visible="true" version="2" changeset="32093808" timestamp="2015-06-20T09:53:25Z" user="Narsimulu" uid="2949621" lat="28.6471677" lon="77.1113176"/>
 <node id="3557567219" visible="true" version="2" changeset="32093808" timestamp="2015-06-20T09:53:25Z" user="Narsimulu" uid="2949621" lat="28.6471844" lon="77.1105671"/>
 <node id="3557567220" visible="true" version="1" changeset="31577387" timestamp="2015-05-30T05:51:53Z" user="Narsimulu" uid="2949621" lat="28.6471999" lon="77.1118907"/>
 <node id="3557567221" visible="true" version="2" changeset="32093808" timestamp="2015-06-20T09:53:25Z" user="Narsimulu" uid="2949621" lat="28.6471924" lon="77.1089523"/>
 <node id="3557567222" visible="true" version="1" changeset="31577387" timestamp="2015-05-30T05:51:53Z" user="Narsimulu" uid="2949621" lat="28.6472007" lon="77.1113082"/>
 <node id="3557567223" visible="true" version="3" changeset="129985277" timestamp="2022-12-12T05:58:33Z" user="Pooja Koul" uid="16283053" lat="28.6471741" lon="77.1109990"/>
 <node id="3557567224" visible="true" version="1" changeset="31577387" timestamp="2015-05-30T05:51:54Z" user="Narsimulu" uid="2949621" lat="28.6472048" lon="77.1104836"/>
 <node id="3557567225" visible="true" version="2" changeset="32093808" timestamp="2015-06-20T09:53:26Z" user="Narsimulu" uid="2949621" lat="28.6471901" lon="77.1108242"/>
 <node id="3557567226" visible="true" version="2" changeset="32093808" timestamp="2015-06-20T09:53:26Z" user="Narsimulu" uid="2949621" lat="28.6471923" lon="77.1108336"/>
 <node id="3557567227" visible="true" version="3" changeset="129986395" timestamp="2022-12-12T06:46:50Z" user="Pooja Koul" uid="16283053" lat="28.6472153" lon="77.1099497"/>
 <node id="3557567228" visible="true" version="2" changeset="32093808" timestamp="2015-06-20T09:53:26Z" user="Narsimulu" uid="2949621" lat="28.6471808" lon="77.1115011"/>
 <node id="3557567229" visible="true" version="1" changeset="31577387" timestamp="2015-05-30T05:51:54Z" user="Narsimulu" uid="2949621" lat="28.6472143" lon="77.1117573"/>
 <node id="3557567230" visible="true" version="2" changeset="32093808" timestamp="2015-06-20T09:53:26Z" user="Narsimulu" uid="2949621" lat="28.6472085" lon="77.1089819"/>
 <node id="3557567231" visible="true" version="1" changeset="31577387" timestamp="2015-05-30T05:51:54Z" user="Narsimulu" uid="2949621" lat="28.6472204" lon="77.1117458"/>
 <node id="3557567232" visible="true" version="1" changeset="31577387" timestamp="2015-05-30T05:51:54Z" user="Narsimulu" uid="2949621" lat="28.6472240" lon="77.1095550"/>
 <node id="3557567233" visible="true" version="2" changeset="32093808" timestamp="2015-06-20T09:53:26Z" user="Narsimulu" uid="2949621" lat="28.6472141" lon="77.1106146"/>
 <node id="3557567234" visible="true" version="1" changeset="31577387" timestamp="2015-05-30T05:51:54Z" user="Narsimulu" uid="2949621" lat="28.6472311" lon="77.1115273"/>
 <node id="3557567235" visible="true" version="2" changeset="32093808" timestamp="2015-06-20T09:53:26Z" user="Narsimulu" uid="2949621" lat="28.6472243" lon="77.1095303"/>
 <node id="3557567236" visible="true" version="1" changeset="31577387" timestamp="2015-05-30T05:51:54Z" user="Narsimulu" uid="2949621" lat="28.6472316" lon="77.1115223"/>
 <node id="3557567237" visible="true" version="3" changeset="146057421" timestamp="2024-01-09T08:53:56Z" user="tusharvalvi" uid="16531141" lat="28.6472095" lon="77.1092886"/>
 <node id="3557567238" visible="true" version="2" changeset="32093808" timestamp="2015-06-20T09:53:26Z" user="Narsimulu" uid="2949621" lat="28.6472332" lon="77.1088024"/>
 <node id="3557567239" visible="true" version="2" changeset="32093808" timestamp="2015-06-20T09:53:26Z" user="Narsimulu" uid="2949621" lat="28.6472221" lon="77.1106247"/>
 <node id="3557567240" visible="true" version="2" changeset="32093808" timestamp="2015-06-20T09:53:26Z" user="Narsimulu" uid="2949621" lat="28.6472518" lon="77.1102425"/>
 <node id="3557567241" visible="true" version="1" changeset="31577387" timestamp="2015-05-30T05:51:54Z" user="Narsimulu" uid="2949621" lat="28.6472479" lon="77.1112685"/>
 <node id="3557567242" visible="true" version="3" changeset="129986395" timestamp="2022-12-12T06:46:50Z" user="Pooja Koul" uid="16283053" lat="28.6472553" lon="77.1097353"/>
 <node id="3557567243" visible="true" version="2" changeset="32093808" timestamp="2015-06-20T09:53:26Z" user="Narsimulu" uid="2949621" lat="28.6472452" lon="77.1089883"/>
 <node id="3557567244" visible="true" version="1" changeset="31577387" timestamp="2015-05-30T05:51:54Z" user="Narsimulu" uid="2949621" lat="28.6472511" lon="77.1096014"/>
 <node id="3557567245" visible="true" version="1" changeset="31577387" timestamp="2015-05-30T05:51:54Z" user="Narsimulu" uid="2949621" lat="28.6472526" lon="77.1112651"/>
 <node id="3557567246" visible="true" version="2" changeset="32093808" timestamp="2015-06-20T09:53:26Z" user="Narsimulu" uid="2949621" lat="28.6472466" lon="77.1087950"/>
 <node id="3557567247" visible="true" version="1" changeset="31577387" timestamp="2015-05-30T05:51:54Z" user="Narsimulu" uid="2949621" lat="28.6472638" lon="77.1090162"/>
 <node id="3557567248" visible="true" version="2" changeset="32093808" timestamp="2015-06-20T09:53:26Z" user="Narsimulu" uid="2949621" lat="28.6472515" lon="77.1109436"/>
 <node id="3557567249" visible="true" version="1" changeset="31577387" timestamp="2015-05-30T05:51:54Z" user="Narsimulu" uid="2949621" lat="28.6472676" lon="77.1117061"/>
 <node id="3557567250" visible="true" version="2" changeset="32093808" timestamp="2015-06-20T09:53:26Z" user="Narsimulu" uid="2949621" lat="28.6472536" lon="77.1106805"/>
 <node id="3557567251" visible="true" version="1" changeset="31577387" timestamp="2015-05-30T05:51:54Z" user="Narsimulu" uid="2949621" lat="28.6472708" lon="77.1117011"/>
 <node id="3557567252" visible="true" version="1" changeset="31577387" timestamp="2015-05-30T05:51:54Z" user="Narsimulu" uid="2949621" lat="28.6472727" lon="77.1120142"/>
 <node id="3557567253" visible="true" version="2" changeset="32093808" timestamp="2015-06-20T09:53:26Z" user="Narsimulu" uid="2949621" lat="28.6472445" lon="77.1118144"/>
 <node id="3557567254" visible="true" version="2" changeset="32093808" timestamp="2015-06-20T09:53:26Z" user="Narsimulu" uid="2949621" lat="28.6472607" lon="77.1106789"/>
 <node id="3557567255" visible="true" version="2" changeset="32093808" timestamp="2015-06-20T09:53:26Z" user="Narsimulu" uid="2949621" lat="28.6472462" lon="77.1114390"/>
 <node id="3557567256" visible="true" version="1" changeset="31577387" timestamp="2015-05-30T05:51:54Z" user="Narsimulu" uid="2949621" lat="28.6472788" lon="77.1114826"/>
 <node id="3557567257" visible="true" version="1" changeset="31577387" timestamp="2015-05-30T05:51:54Z" user="Narsimulu" uid="2949621" lat="28.6472834" lon="77.1114807"/>
 <node id="3557567258" visible="true" version="2" changeset="32093808" timestamp="2015-06-20T09:53:26Z" user="Narsimulu" uid="2949621" lat="28.6472701" lon="77.1120344"/>
 <node id="3557567259" visible="true" version="3" changeset="146057421" timestamp="2024-01-09T08:53:56Z" user="tusharvalvi" uid="16531141" lat="28.6472641" lon="77.1093767"/>
 <node id="3557567260" visible="true" version="1" changeset="31577387" timestamp="2015-05-30T05:51:54Z" user="Narsimulu" uid="2949621" lat="28.6472876" lon="77.1114424"/>
 <node id="3557567261" visible="true" version="2" changeset="32093808" timestamp="2015-06-20T09:53:26Z" user="Narsimulu" uid="2949621" lat="28.6472746" lon="77.1109443"/>
 <node id="3557567262" visible="true" version="3" changeset="146057421" timestamp="2024-01-09T08:53:56Z" user="tusharvalvi" uid="16531141" lat="28.6472734" lon="77.1093862"/>
 <node id="3557567263" visible="true" version="1" changeset="31577387" timestamp="2015-05-30T05:51:54Z" user="Narsimulu" uid="2949621" lat="28.6472987" lon="77.1106569"/>
 <node id="3557567264" visible="true" version="2" changeset="32093808" timestamp="2015-06-20T09:53:26Z" user="Narsimulu" uid="2949621" lat="28.6472972" lon="77.1087532"/>
 <node id="3557567265" visible="true" version="2" changeset="32093808" timestamp="2015-06-20T09:53:26Z" user="Narsimulu" uid="2949621" lat="28.6473035" lon="77.1091481"/>
 <node id="3557567266" visible="true" version="2" changeset="32093808" timestamp="2015-06-20T09:53:26Z" user="Narsimulu" uid="2949621" lat="28.6472972" lon="77.1107372"/>
 <node id="3557567267" visible="true" version="2" changeset="32093808" timestamp="2015-06-20T09:53:26Z" user="Narsimulu" uid="2949621" lat="28.6472974" lon="77.1107602"/>
 <node id="3557567268" visible="true" version="2" changeset="32093808" timestamp="2015-06-20T09:53:26Z" user="Narsimulu" uid="2949621" lat="28.6473110" lon="77.1087499"/>
 <node id="3557567269" visible="true" version="2" changeset="32093808" timestamp="2015-06-20T09:53:26Z" user="Narsimulu" uid="2949621" lat="28.6473136" lon="77.1089341"/>
 <node id="3557567270" visible="true" version="2" changeset="32093808" timestamp="2015-06-20T09:53:26Z" user="Narsimulu" uid="2949621" lat="28.6473292" lon="77.1103781"/>
 <node id="3557567271" visible="true" version="1" changeset="31577387" timestamp="2015-05-30T05:51:54Z" user="Narsimulu" uid="2949621" lat="28.6473180" lon="77.1116614"/>
 <node id="3557567272" visible="true" version="2" changeset="32093808" timestamp="2015-06-20T09:53:26Z" user="Narsimulu" uid="2949621" lat="28.6472890" lon="77.1118946"/>
 <node id="3557567273" visible="true" version="1" changeset="31577387" timestamp="2015-05-30T05:51:54Z" user="Narsimulu" uid="2949621" lat="28.6473185" lon="77.1116564"/>
 <node id="3557567274" visible="true" version="3" changeset="129986395" timestamp="2022-12-12T06:46:50Z" user="Pooja Koul" uid="16283053" lat="28.6473282" lon="77.1098707"/>
 <node id="3557567275" visible="true" version="2" changeset="32093808" timestamp="2015-06-20T09:53:26Z" user="Narsimulu" uid="2949621" lat="28.6473082" lon="77.1121067"/>
 <node id="3557567276" visible="true" version="1" changeset="31577387" timestamp="2015-05-30T05:51:54Z" user="Narsimulu" uid="2949621" lat="28.6473267" lon="77.1103977"/>
 <node id="3557567277" visible="true" version="1" changeset="31577387" timestamp="2015-05-30T05:51:54Z" user="Narsimulu" uid="2949621" lat="28.6473282" lon="77.1089711"/>
 <node id="3557567278" visible="true" version="1" changeset="31577387" timestamp="2015-05-30T05:51:54Z" user="Narsimulu" uid="2949621" lat="28.6473304" lon="77.1091395"/>
 <node id="3557567279" visible="true" version="1" changeset="31577387" timestamp="2015-05-30T05:51:54Z" user="Narsimulu" uid="2949621" lat="28.6473306" lon="77.1114410"/>
 <node id="3557567280" visible="true" version="2" changeset="32093808" timestamp="2015-06-20T09:53:26Z" user="Narsimulu" uid="2949621" lat="28.6473192" lon="77.1119340"/>
 <node id="3557567281" visible="true" version="1" changeset="31577387" timestamp="2015-05-30T05:51:54Z" user="Narsimulu" uid="2949621" lat="28.6473348" lon="77.1114027"/>
 <node id="3557567282" visible="true" version="1" changeset="31577387" timestamp="2015-05-30T05:51:54Z" user="Narsimulu" uid="2949621" lat="28.6473367" lon="77.1114376"/>
 <node id="3557567283" visible="true" version="2" changeset="32093808" timestamp="2015-06-20T09:53:26Z" user="Narsimulu" uid="2949621" lat="28.6473272" lon="77.1099765"/>
 <node id="3557567284" visible="true" version="3" changeset="146057421" timestamp="2024-01-09T08:53:56Z" user="tusharvalvi" uid="16531141" lat="28.6473188" lon="77.1094630"/>
 <node id="3557567285" visible="true" version="2" changeset="32093808" timestamp="2015-06-20T09:53:26Z" user="Narsimulu" uid="2949621" lat="28.6473323" lon="77.1089296"/>
 <node id="3557567286" visible="true" version="3" changeset="146057421" timestamp="2024-01-09T08:53:56Z" user="tusharvalvi" uid="16531141" lat="28.6473207" lon="77.1094538"/>
 <node id="3557567287" visible="true" version="1" changeset="31577387" timestamp="2015-05-30T05:51:54Z" user="Narsimulu" uid="2949621" lat="28.6473437" lon="77.1114105"/>
 <node id="3557567288" visible="true" version="2" changeset="32093808" timestamp="2015-06-20T09:53:26Z" user="Narsimulu" uid="2949621" lat="28.6473450" lon="77.1089532"/>
 <node id="3557567289" visible="true" version="1" changeset="31577387" timestamp="2015-05-30T05:51:54Z" user="Narsimulu" uid="2949621" lat="28.6473517" lon="77.1111967"/>
 <node id="3557567290" visible="true" version="3" changeset="146057421" timestamp="2024-01-09T08:53:56Z" user="tusharvalvi" uid="16531141" lat="28.6473287" lon="77.1091927"/>
 <node id="3557567291" visible="true" version="2" changeset="32093808" timestamp="2015-06-20T09:53:26Z" user="Narsimulu" uid="2949621" lat="28.6473483" lon="77.1087209"/>
 <node id="3557567292" visible="true" version="2" changeset="32093808" timestamp="2015-06-20T09:53:26Z" user="Narsimulu" uid="2949621" lat="28.6473424" lon="77.1110649"/>
 <node id="3557567393" visible="true" version="1" changeset="31577387" timestamp="2015-05-30T05:51:54Z" user="Narsimulu" uid="2949621" lat="28.6473657" lon="77.1116167"/>
 <node id="3557567394" visible="true" version="3" changeset="146057421" timestamp="2024-01-09T08:53:56Z" user="tusharvalvi" uid="16531141" lat="28.6473446" lon="77.1091919"/>
 <node id="3557567395" visible="true" version="2" changeset="32093808" timestamp="2015-06-20T09:53:26Z" user="Narsimulu" uid="2949621" lat="28.6473631" lon="77.1087217"/>
 <node id="3557567396" visible="true" version="1" changeset="31577387" timestamp="2015-05-30T05:51:54Z" user="Narsimulu" uid="2949621" lat="28.6473703" lon="77.1116149"/>
 <node id="3557567397" visible="true" version="2" changeset="32093808" timestamp="2015-06-20T09:53:26Z" user="Narsimulu" uid="2949621" lat="28.6473566" lon="77.1108702"/>
 <node id="3557567398" visible="true" version="2" changeset="32093808" timestamp="2015-06-20T09:53:26Z" user="Narsimulu" uid="2949621" lat="28.6473628" lon="77.1108799"/>
 <node id="3557567399" visible="true" version="1" changeset="31577387" timestamp="2015-05-30T05:51:55Z" user="Narsimulu" uid="2949621" lat="28.6473839" lon="77.1113979"/>
 <node id="3557567400" visible="true" version="1" changeset="31577387" timestamp="2015-05-30T05:51:55Z" user="Narsimulu" uid="2949621" lat="28.6473856" lon="77.1111497"/>
 <node id="3557567401" visible="true" version="3" changeset="146057421" timestamp="2024-01-09T08:53:56Z" user="tusharvalvi" uid="16531141" lat="28.6473670" lon="77.1095464"/>
 <node id="3557567402" visible="true" version="1" changeset="31577387" timestamp="2015-05-30T05:51:55Z" user="Narsimulu" uid="2949621" lat="28.6473902" lon="77.1113952"/>
 <node id="3557567403" visible="true" version="2" changeset="32093808" timestamp="2015-06-20T09:53:26Z" user="Narsimulu" uid="2949621" lat="28.6473829" lon="77.1088878"/>
 <node id="3557567404" visible="true" version="3" changeset="146057421" timestamp="2024-01-09T08:53:56Z" user="tusharvalvi" uid="16531141" lat="28.6473705" lon="77.1095556"/>
 <node id="3557567405" visible="true" version="1" changeset="31577387" timestamp="2015-05-30T05:51:55Z" user="Narsimulu" uid="2949621" lat="28.6473948" lon="77.1090943"/>
 <node id="3557567406" visible="true" version="2" changeset="32093808" timestamp="2015-06-20T09:53:26Z" user="Narsimulu" uid="2949621" lat="28.6473818" lon="77.1120349"/>
 <node id="3557567407" visible="true" version="3" changeset="146057421" timestamp="2024-01-09T08:53:56Z" user="tusharvalvi" uid="16531141" lat="28.6473772" lon="77.1092919"/>
 <node id="3557567408" visible="true" version="2" changeset="32093808" timestamp="2015-06-20T09:53:26Z" user="Narsimulu" uid="2949621" lat="28.6473942" lon="77.1088888"/>
 <node id="3557567409" visible="true" version="1" changeset="31577387" timestamp="2015-05-30T05:51:55Z" user="Narsimulu" uid="2949621" lat="28.6474055" lon="77.1106275"/>
 <node id="3557567410" visible="true" version="3" changeset="146057421" timestamp="2024-01-09T08:53:56Z" user="tusharvalvi" uid="16531141" lat="28.6473832" lon="77.1092808"/>
 <node id="3557567411" visible="true" version="2" changeset="32093808" timestamp="2015-06-20T09:53:26Z" user="Narsimulu" uid="2949621" lat="28.6473959" lon="77.1120475"/>
 <node id="3557567412" visible="true" version="2" changeset="32093808" timestamp="2015-06-20T09:53:26Z" user="Narsimulu" uid="2949621" lat="28.6473982" lon="77.1101138"/>
 <node id="3557567413" visible="true" version="2" changeset="32093808" timestamp="2015-06-20T09:53:26Z" user="Narsimulu" uid="2949621" lat="28.6474109" lon="77.1090862"/>
 <node id="3557567414" visible="true" version="2" changeset="32093808" timestamp="2015-06-20T09:53:26Z" user="Narsimulu" uid="2949621" lat="28.6473860" lon="77.1117122"/>
 <node id="3557567415" visible="true" version="1" changeset="31577387" timestamp="2015-05-30T05:51:55Z" user="Narsimulu" uid="2949621" lat="28.6474175" lon="77.1115752"/>
 <node id="3557567416" visible="true" version="2" changeset="32093808" timestamp="2015-06-20T09:53:26Z" user="Narsimulu" uid="2949621" lat="28.6474158" lon="77.1089076"/>
 <node id="3557567417" visible="true" version="1" changeset="31577387" timestamp="2015-05-30T05:51:55Z" user="Narsimulu" uid="2949621" lat="28.6474206" lon="77.1105710"/>
 <node id="3557567418" visible="true" version="1" changeset="31577387" timestamp="2015-05-30T05:51:55Z" user="Narsimulu" uid="2949621" lat="28.6474236" lon="77.1115718"/>
 <node id="3557567419" visible="true" version="1" changeset="31577387" timestamp="2015-05-30T05:51:55Z" user="Narsimulu" uid="2949621" lat="28.6474256" lon="77.1112114"/>
 <node id="3557567420" visible="true" version="1" changeset="31577387" timestamp="2015-05-30T05:51:55Z" user="Narsimulu" uid="2949621" lat="28.6474260" lon="77.1089071"/>
 <node id="3557567421" visible="true" version="2" changeset="32093808" timestamp="2015-06-20T09:53:26Z" user="Narsimulu" uid="2949621" lat="28.6474236" lon="77.1086754"/>
 <node id="3557567422" visible="true" version="2" changeset="32093808" timestamp="2015-06-20T09:53:26Z" user="Narsimulu" uid="2949621" lat="28.6474236" lon="77.1116892"/>
 <node id="3557567423" visible="true" version="2" changeset="32093808" timestamp="2015-06-20T09:53:26Z" user="Narsimulu" uid="2949621" lat="28.6474315" lon="77.1088598"/>
 <node id="3557567424" visible="true" version="1" changeset="31577387" timestamp="2015-05-30T05:51:55Z" user="Narsimulu" uid="2949621" lat="28.6474374" lon="77.1113555"/>
 <node id="3557567425" visible="true" version="1" changeset="31577387" timestamp="2015-05-30T05:51:55Z" user="Narsimulu" uid="2949621" lat="28.6474386" lon="77.1113308"/>
 <node id="3557567426" visible="true" version="3" changeset="146057421" timestamp="2024-01-09T08:53:56Z" user="tusharvalvi" uid="16531141" lat="28.6474175" lon="77.1096438"/>
 <node id="3557567427" visible="true" version="2" changeset="32093808" timestamp="2015-06-20T09:53:26Z" user="Narsimulu" uid="2949621" lat="28.6474356" lon="77.1088445"/>
 <node id="3557567428" visible="true" version="3" changeset="146057421" timestamp="2024-01-09T08:53:56Z" user="tusharvalvi" uid="16531141" lat="28.6474209" lon="77.1093122"/>
 <node id="3557567429" visible="true" version="3" changeset="146057421" timestamp="2024-01-09T08:53:56Z" user="tusharvalvi" uid="16531141" lat="28.6474245" lon="77.1093596"/>
 <node id="3557567430" visible="true" version="2" changeset="32093808" timestamp="2015-06-20T09:53:27Z" user="Narsimulu" uid="2949621" lat="28.6474306" lon="77.1110005"/>
 <node id="3557567431" visible="true" version="3" changeset="146057421" timestamp="2024-01-09T08:53:56Z" user="tusharvalvi" uid="16531141" lat="28.6474246" lon="77.1093248"/>
 <node id="3557567432" visible="true" version="2" changeset="32093808" timestamp="2015-06-20T09:53:27Z" user="Narsimulu" uid="2949621" lat="28.6474413" lon="77.1086657"/>
 <node id="3557567433" visible="true" version="2" changeset="32093808" timestamp="2015-06-20T09:53:27Z" user="Narsimulu" uid="2949621" lat="28.6474341" lon="77.1118413"/>
 <node id="3557567434" visible="true" version="3" changeset="146057421" timestamp="2024-01-09T08:53:56Z" user="tusharvalvi" uid="16531141" lat="28.6474273" lon="77.1096582"/>
 <node id="3557567435" visible="true" version="3" changeset="146057421" timestamp="2024-01-09T08:53:56Z" user="tusharvalvi" uid="16531141" lat="28.6474337" lon="77.1093768"/>
 <node id="3557567436" visible="true" version="1" changeset="31577387" timestamp="2015-05-30T05:51:55Z" user="Narsimulu" uid="2949621" lat="28.6474580" lon="77.1105900"/>
 <node id="3557567437" visible="true" version="2" changeset="32093808" timestamp="2015-06-20T09:53:27Z" user="Narsimulu" uid="2949621" lat="28.6474306" lon="77.1117923"/>
 <node id="3557567438" visible="true" version="2" changeset="32093808" timestamp="2015-06-20T09:53:27Z" user="Narsimulu" uid="2949621" lat="28.6474506" lon="77.1121677"/>
 <node id="3557567439" visible="true" version="2" changeset="32093808" timestamp="2015-06-20T09:53:27Z" user="Narsimulu" uid="2949621" lat="28.6474547" lon="77.1121531"/>
 <node id="3557567440" visible="true" version="2" changeset="32093808" timestamp="2015-06-20T09:53:27Z" user="Narsimulu" uid="2949621" lat="28.6474635" lon="77.1117612"/>
 <node id="3557567441" visible="true" version="1" changeset="31577387" timestamp="2015-05-30T05:51:55Z" user="Narsimulu" uid="2949621" lat="28.6474706" lon="77.1105856"/>
 <node id="3557567442" visible="true" version="1" changeset="31577387" timestamp="2015-05-30T05:51:55Z" user="Narsimulu" uid="2949621" lat="28.6474708" lon="77.1115321"/>
 <node id="3557567443" visible="true" version="3" changeset="146057421" timestamp="2024-01-09T08:53:56Z" user="tusharvalvi" uid="16531141" lat="28.6474553" lon="77.1093803"/>
 <node id="3557567444" visible="true" version="1" changeset="31577387" timestamp="2015-05-30T05:51:55Z" user="Narsimulu" uid="2949621" lat="28.6474771" lon="77.1115293"/>
 <node id="3557567445" visible="true" version="2" changeset="32093808" timestamp="2015-06-20T09:53:27Z" user="Narsimulu" uid="2949621" lat="28.6474670" lon="77.1118091"/>
 <node id="3557567446" visible="true" version="3" changeset="146057421" timestamp="2024-01-09T08:53:56Z" user="tusharvalvi" uid="16531141" lat="28.6474609" lon="77.1090960"/>
 <node id="3557567447" visible="true" version="2" changeset="32093808" timestamp="2015-06-20T09:53:27Z" user="Narsimulu" uid="2949621" lat="28.6474817" lon="77.1090407"/>
 <node id="3557567448" visible="true" version="1" changeset="31577387" timestamp="2015-05-30T05:51:55Z" user="Narsimulu" uid="2949621" lat="28.6474863" lon="77.1088631"/>
 <node id="3557567449" visible="true" version="3" changeset="146057421" timestamp="2024-01-09T08:53:56Z" user="tusharvalvi" uid="16531141" lat="28.6474648" lon="77.1093907"/>
 <node id="3557567450" visible="true" version="1" changeset="31577387" timestamp="2015-05-30T05:51:55Z" user="Narsimulu" uid="2949621" lat="28.6474872" lon="77.1111596"/>
 <node id="3557567451" visible="true" version="1" changeset="31577387" timestamp="2015-05-30T05:51:55Z" user="Narsimulu" uid="2949621" lat="28.6474898" lon="77.1090207"/>
 <node id="3557567452" visible="true" version="1" changeset="31577387" timestamp="2015-05-30T05:51:55Z" user="Narsimulu" uid="2949621" lat="28.6474906" lon="77.1107824"/>
 <node id="3557567453" visible="true" version="1" changeset="31577387" timestamp="2015-05-30T05:51:55Z" user="Narsimulu" uid="2949621" lat="28.6474933" lon="77.1088568"/>
 <node id="3557567454" visible="true" version="3" changeset="146057421" timestamp="2024-01-09T08:53:56Z" user="tusharvalvi" uid="16531141" lat="28.6474791" lon="77.1097700"/>
 <node id="3557567455" visible="true" version="2" changeset="32093808" timestamp="2015-06-20T09:53:27Z" user="Narsimulu" uid="2949621" lat="28.6474960" lon="77.1087982"/>
 <node id="3557567456" visible="true" version="2" changeset="32093808" timestamp="2015-06-20T09:53:27Z" user="Narsimulu" uid="2949621" lat="28.6474881" lon="77.1122307"/>
 <node id="3557567457" visible="true" version="2" changeset="32093808" timestamp="2015-06-20T09:53:27Z" user="Narsimulu" uid="2949621" lat="28.6474978" lon="77.1086262"/>
 <node id="3557567458" visible="true" version="3" changeset="146057421" timestamp="2024-01-09T08:53:56Z" user="tusharvalvi" uid="16531141" lat="28.6474819" lon="77.1094602"/>
 <node id="3557567459" visible="true" version="3" changeset="146057421" timestamp="2024-01-09T08:53:56Z" user="tusharvalvi" uid="16531141" lat="28.6474833" lon="77.1097492"/>
 <node id="3557567460" visible="true" version="1" changeset="31577387" timestamp="2015-05-30T05:51:55Z" user="Narsimulu" uid="2949621" lat="28.6475075" lon="77.1110472"/>
 <node id="3557567461" visible="true" version="1" changeset="31577387" timestamp="2015-05-30T05:51:55Z" user="Narsimulu" uid="2949621" lat="28.6475107" lon="77.1107837"/>
 <node id="3557567462" visible="true" version="2" changeset="32093808" timestamp="2015-06-20T09:53:27Z" user="Narsimulu" uid="2949621" lat="28.6474967" lon="77.1119422"/>
 <node id="3557567463" visible="true" version="2" changeset="32093808" timestamp="2015-06-20T09:53:27Z" user="Narsimulu" uid="2949621" lat="28.6475092" lon="77.1086132"/>
 <node id="3557567464" visible="true" version="2" changeset="32093808" timestamp="2015-06-20T09:53:27Z" user="Narsimulu" uid="2949621" lat="28.6475030" lon="77.1122436"/>
 <node id="3557567465" visible="true" version="2" changeset="32093808" timestamp="2015-06-20T09:53:27Z" user="Narsimulu" uid="2949621" lat="28.6475113" lon="77.1087956"/>
 <node id="3557567466" visible="true" version="1" changeset="31577387" timestamp="2015-05-30T05:51:56Z" user="Narsimulu" uid="2949621" lat="28.6475168" lon="77.1100800"/>
 <node id="3557567467" visible="true" version="2" changeset="32093808" timestamp="2015-06-20T09:53:27Z" user="Narsimulu" uid="2949621" lat="28.6475109" lon="77.1119644"/>
 <node id="3557567468" visible="true" version="3" changeset="146057421" timestamp="2024-01-09T08:53:56Z" user="tusharvalvi" uid="16531141" lat="28.6475022" lon="77.1094645"/>
 <node id="3557567469" visible="true" version="1" changeset="31577387" timestamp="2015-05-30T05:51:56Z" user="Narsimulu" uid="2949621" lat="28.6475243" lon="77.1114896"/>
 <node id="3557567470" visible="true" version="2" changeset="32093808" timestamp="2015-06-20T09:53:27Z" user="Narsimulu" uid="2949621" lat="28.6475217" lon="77.1119033"/>
 <node id="3557567471" visible="true" version="1" changeset="31577387" timestamp="2015-05-30T05:51:56Z" user="Narsimulu" uid="2949621" lat="28.6475384" lon="77.1108320"/>
 <node id="3557567472" visible="true" version="1" changeset="31577387" timestamp="2015-05-30T05:51:56Z" user="Narsimulu" uid="2949621" lat="28.6475393" lon="77.1105365"/>
 <node id="3557567473" visible="true" version="3" changeset="163311278" timestamp="2025-03-07T06:14:24Z" user="SB15" uid="18682850" lat="28.6475319" lon="77.1119202"/>
 <node id="3557567474" visible="true" version="2" changeset="32093808" timestamp="2015-06-20T09:53:27Z" user="Narsimulu" uid="2949621" lat="28.6475389" lon="77.1085940"/>
 <node id="3557567475" visible="true" version="1" changeset="31577387" timestamp="2015-05-30T05:51:56Z" user="Narsimulu" uid="2949621" lat="28.6475432" lon="77.1107448"/>
 <node id="3557567476" visible="true" version="3" changeset="146057421" timestamp="2024-01-09T08:53:56Z" user="tusharvalvi" uid="16531141" lat="28.6475254" lon="77.1095001"/>
 <node id="3557567477" visible="true" version="1" changeset="31577387" timestamp="2015-05-30T05:51:56Z" user="Narsimulu" uid="2949621" lat="28.6475470" lon="77.1105355"/>
 <node id="3557567478" visible="true" version="2" changeset="32093808" timestamp="2015-06-20T09:53:27Z" user="Narsimulu" uid="2949621" lat="28.6475415" lon="77.1085833"/>
 <node id="3557567479" visible="true" version="1" changeset="31577387" timestamp="2015-05-30T05:51:56Z" user="Narsimulu" uid="2949621" lat="28.6475492" lon="77.1108296"/>
 <node id="3557567480" visible="true" version="1" changeset="31577387" timestamp="2015-05-30T05:51:56Z" user="Narsimulu" uid="2949621" lat="28.6475501" lon="77.1089768"/>
 <node id="3557567481" visible="true" version="1" changeset="31577387" timestamp="2015-05-30T05:51:56Z" user="Narsimulu" uid="2949621" lat="28.6475533" lon="77.1107361"/>
 <node id="3557567482" visible="true" version="3" changeset="146057421" timestamp="2024-01-09T08:53:56Z" user="tusharvalvi" uid="16531141" lat="28.6475337" lon="77.1095135"/>
 <node id="3557567483" visible="true" version="3" changeset="146057421" timestamp="2024-01-09T08:53:56Z" user="tusharvalvi" uid="16531141" lat="28.6475373" lon="77.1092164"/>
 <node id="3557567484" visible="true" version="2" changeset="32093808" timestamp="2015-06-20T09:53:27Z" user="Narsimulu" uid="2949621" lat="28.6475567" lon="77.1115934"/>
 <node id="3557567485" visible="true" version="3" changeset="146057421" timestamp="2024-01-09T08:53:56Z" user="tusharvalvi" uid="16531141" lat="28.6475423" lon="77.1092402"/>
 <node id="3557567486" visible="true" version="1" changeset="31577387" timestamp="2015-05-30T05:51:56Z" user="Narsimulu" uid="2949621" lat="28.6475653" lon="77.1089848"/>
 <node id="3557567487" visible="true" version="1" changeset="31577387" timestamp="2015-05-30T05:51:56Z" user="Narsimulu" uid="2949621" lat="28.6475654" lon="77.1088040"/>
 <node id="3557567488" visible="true" version="1" changeset="31577387" timestamp="2015-05-30T05:51:56Z" user="Narsimulu" uid="2949621" lat="28.6475663" lon="77.1087893"/>
 <node id="3557567489" visible="true" version="3" changeset="146057421" timestamp="2024-01-09T08:53:56Z" user="tusharvalvi" uid="16531141" lat="28.6475448" lon="77.1095642"/>
 <node id="3557567490" visible="true" version="3" changeset="146057421" timestamp="2024-01-09T08:53:56Z" user="tusharvalvi" uid="16531141" lat="28.6475492" lon="77.1095528"/>
 <node id="3557567491" visible="true" version="2" changeset="32093808" timestamp="2015-06-20T09:53:27Z" user="Narsimulu" uid="2949621" lat="28.6475678" lon="77.1087560"/>
 <node id="3557567492" visible="true" version="2" changeset="32093808" timestamp="2015-06-20T09:53:27Z" user="Narsimulu" uid="2949621" lat="28.6475696" lon="77.1120700"/>
 <node id="3557567593" visible="true" version="2" changeset="32093808" timestamp="2015-06-20T09:53:27Z" user="Narsimulu" uid="2949621" lat="28.6475776" lon="77.1087507"/>
 <node id="3557567594" visible="true" version="3" changeset="146057421" timestamp="2024-01-09T08:53:56Z" user="tusharvalvi" uid="16531141" lat="28.6475632" lon="77.1098994"/>
 <node id="3557567595" visible="true" version="3" changeset="146057421" timestamp="2024-01-09T08:53:56Z" user="tusharvalvi" uid="16531141" lat="28.6475730" lon="77.1092957"/>
 <node id="3557567596" visible="true" version="1" changeset="31577387" timestamp="2015-05-30T05:51:56Z" user="Narsimulu" uid="2949621" lat="28.6475951" lon="77.1102116"/>
 <node id="3557567597" visible="true" version="1" changeset="31577387" timestamp="2015-05-30T05:51:56Z" user="Narsimulu" uid="2949621" lat="28.6475982" lon="77.1109206"/>
 <node id="3557567598" visible="true" version="2" changeset="32093808" timestamp="2015-06-20T09:53:27Z" user="Narsimulu" uid="2949621" lat="28.6475852" lon="77.1120638"/>
 <node id="3557567599" visible="true" version="2" changeset="32093808" timestamp="2015-06-20T09:53:27Z" user="Narsimulu" uid="2949621" lat="28.6475904" lon="77.1123952"/>
 <node id="3557567600" visible="true" version="1" changeset="31577387" timestamp="2015-05-30T05:51:56Z" user="Narsimulu" uid="2949621" lat="28.6476015" lon="77.1104862"/>
 <node id="3557567601" visible="true" version="2" changeset="32093808" timestamp="2015-06-20T09:53:27Z" user="Narsimulu" uid="2949621" lat="28.6475966" lon="77.1116654"/>
 <node id="3557567602" visible="true" version="1" changeset="31577387" timestamp="2015-05-30T05:51:56Z" user="Narsimulu" uid="2949621" lat="28.6476038" lon="77.1109310"/>
 <node id="3557567603" visible="true" version="2" changeset="32093808" timestamp="2015-06-20T09:53:27Z" user="Narsimulu" uid="2949621" lat="28.6476073" lon="77.1087315"/>
 <node id="3557567604" visible="true" version="2" changeset="32093808" timestamp="2015-06-20T09:53:27Z" user="Narsimulu" uid="2949621" lat="28.6476049" lon="77.1085359"/>
 <node id="3557567605" visible="true" version="1" changeset="31577387" timestamp="2015-05-30T05:51:56Z" user="Narsimulu" uid="2949621" lat="28.6476121" lon="77.1102221"/>
 <node id="3557567606" visible="true" version="3" changeset="146057421" timestamp="2024-01-09T08:53:56Z" user="tusharvalvi" uid="16531141" lat="28.6475911" lon="77.1096153"/>
 <node id="3557567607" visible="true" version="2" changeset="32093808" timestamp="2015-06-20T09:53:27Z" user="Narsimulu" uid="2949621" lat="28.6476020" lon="77.1117074"/>
 <node id="3557567608" visible="true" version="3" changeset="146057421" timestamp="2024-01-09T08:53:56Z" user="tusharvalvi" uid="16531141" lat="28.6475938" lon="77.1092980"/>
 <node id="3557567609" visible="true" version="1" changeset="31577387" timestamp="2015-05-30T05:51:56Z" user="Narsimulu" uid="2949621" lat="28.6476193" lon="77.1104895"/>
 <node id="3557567610" visible="true" version="3" changeset="163311278" timestamp="2025-03-07T06:14:24Z" user="SB15" uid="18682850" lat="28.6476104" lon="77.1120463"/>
 <node id="3557567611" visible="true" version="1" changeset="31577387" timestamp="2015-05-30T05:51:56Z" user="Narsimulu" uid="2949621" lat="28.6476213" lon="77.1087464"/>
 <node id="3557567612" visible="true" version="3" changeset="146057421" timestamp="2024-01-09T08:53:56Z" user="tusharvalvi" uid="16531141" lat="28.6475998" lon="77.1096252"/>
 <node id="3557567613" visible="true" version="2" changeset="32093808" timestamp="2015-06-20T09:53:27Z" user="Narsimulu" uid="2949621" lat="28.6476129" lon="77.1085069"/>
 <node id="3557567614" visible="true" version="1" changeset="31577387" timestamp="2015-05-30T05:51:56Z" user="Narsimulu" uid="2949621" lat="28.6476221" lon="77.1106870"/>
 <node id="3557567615" visible="true" version="3" changeset="146057421" timestamp="2024-01-09T08:53:56Z" user="tusharvalvi" uid="16531141" lat="28.6476009" lon="77.1096552"/>
 <node id="3557567616" visible="true" version="2" changeset="32093808" timestamp="2015-06-20T09:53:27Z" user="Narsimulu" uid="2949621" lat="28.6476171" lon="77.1087146"/>
 <node id="3557567617" visible="true" version="3" changeset="146057421" timestamp="2024-01-09T08:53:56Z" user="tusharvalvi" uid="16531141" lat="28.6476076" lon="77.1096616"/>
 <node id="3557567618" visible="true" version="1" changeset="31577387" timestamp="2015-05-30T05:51:56Z" user="Narsimulu" uid="2949621" lat="28.6476330" lon="77.1106929"/>
 <node id="3557567619" visible="true" version="1" changeset="31577387" timestamp="2015-05-30T05:51:56Z" user="Narsimulu" uid="2949621" lat="28.6476345" lon="77.1099890"/>
 <node id="3557567620" visible="true" version="2" changeset="163056749" timestamp="2025-02-28T15:12:24Z" user="Vaishali Patil" uid="20041977" lat="28.6476251" lon="77.1106666"/>
 <node id="3557567621" visible="true" version="2" changeset="32093808" timestamp="2015-06-20T09:53:27Z" user="Narsimulu" uid="2949621" lat="28.6476226" lon="77.1121269"/>
 <node id="3557567622" visible="true" version="1" changeset="31577387" timestamp="2015-05-30T05:51:56Z" user="Narsimulu" uid="2949621" lat="28.6476375" lon="77.1089321"/>
 <node id="3557567623" visible="true" version="1" changeset="31577387" timestamp="2015-05-30T05:51:56Z" user="Narsimulu" uid="2949621" lat="28.6476377" lon="77.1120428"/>
 <node id="3557567624" visible="true" version="1" changeset="31577387" timestamp="2015-05-30T05:51:56Z" user="Narsimulu" uid="2949621" lat="28.6476382" lon="77.1087362"/>
 <node id="3557567625" visible="true" version="1" changeset="31577387" timestamp="2015-05-30T05:51:56Z" user="Narsimulu" uid="2949621" lat="28.6476406" lon="77.1113963"/>
 <node id="3557567626" visible="true" version="1" changeset="31577387" timestamp="2015-05-30T05:51:56Z" user="Narsimulu" uid="2949621" lat="28.6476409" lon="77.1110009"/>
 <node id="3557567627" visible="true" version="1" changeset="31577387" timestamp="2015-05-30T05:51:56Z" user="Narsimulu" uid="2949621" lat="28.6476447" lon="77.1089198"/>
 <node id="3557567628" visible="true" version="2" changeset="32093808" timestamp="2015-06-20T09:53:27Z" user="Narsimulu" uid="2949621" lat="28.6476284" lon="77.1115279"/>
 <node id="3557567629" visible="true" version="1" changeset="31577387" timestamp="2015-05-30T05:51:56Z" user="Narsimulu" uid="2949621" lat="28.6476470" lon="77.1113908"/>
 <node id="3557567630" visible="true" version="1" changeset="31577387" timestamp="2015-05-30T05:51:56Z" user="Narsimulu" uid="2949621" lat="28.6476471" lon="77.1099714"/>
 <node id="3557567631" visible="true" version="1" changeset="31577387" timestamp="2015-05-30T05:51:56Z" user="Narsimulu" uid="2949621" lat="28.6476510" lon="77.1104670"/>
 <node id="3557567632" visible="true" version="1" changeset="31577387" timestamp="2015-05-30T05:51:56Z" user="Narsimulu" uid="2949621" lat="28.6476520" lon="77.1106714"/>
 <node id="3557567633" visible="true" version="2" changeset="32093808" timestamp="2015-06-20T09:53:27Z" user="Narsimulu" uid="2949621" lat="28.6476459" lon="77.1121366"/>
 <node id="3557567634" visible="true" version="1" changeset="31577387" timestamp="2015-05-30T05:51:56Z" user="Narsimulu" uid="2949621" lat="28.6476592" lon="77.1120901"/>
 <node id="3557567635" visible="true" version="1" changeset="31577387" timestamp="2015-05-30T05:51:56Z" user="Narsimulu" uid="2949621" lat="28.6476593" lon="77.1103024"/>
 <node id="3557567636" visible="true" version="1" changeset="31577387" timestamp="2015-05-30T05:51:56Z" user="Narsimulu" uid="2949621" lat="28.6476606" lon="77.1107412"/>
 <node id="3557567637" visible="true" version="1" changeset="31577387" timestamp="2015-05-30T05:51:57Z" user="Narsimulu" uid="2949621" lat="28.6476609" lon="77.1104545"/>
 <node id="3557567638" visible="true" version="1" changeset="31577387" timestamp="2015-05-30T05:51:57Z" user="Narsimulu" uid="2949621" lat="28.6476644" lon="77.1120843"/>
 <node id="3557567639" visible="true" version="1" changeset="31577387" timestamp="2015-05-30T05:51:57Z" user="Narsimulu" uid="2949621" lat="28.6476692" lon="77.1110093"/>
 <node id="3557567640" visible="true" version="2" changeset="32093808" timestamp="2015-06-20T09:53:27Z" user="Narsimulu" uid="2949621" lat="28.6476566" lon="77.1118017"/>
 <node id="3557567641" visible="true" version="1" changeset="31577387" timestamp="2015-05-30T05:51:57Z" user="Narsimulu" uid="2949621" lat="28.6476709" lon="77.1103132"/>
 <node id="3557567642" visible="true" version="3" changeset="146057421" timestamp="2024-01-09T08:53:56Z" user="tusharvalvi" uid="16531141" lat="28.6476514" lon="77.1094273"/>
 <node id="3557567643" visible="true" version="3" changeset="146057421" timestamp="2024-01-09T08:53:56Z" user="tusharvalvi" uid="16531141" lat="28.6476543" lon="77.1094075"/>
 <node id="3557567644" visible="true" version="1" changeset="31577387" timestamp="2015-05-30T05:51:57Z" user="Narsimulu" uid="2949621" lat="28.6476761" lon="77.1107410"/>
 <node id="3557567645" visible="true" version="3" changeset="163311278" timestamp="2025-03-07T06:14:24Z" user="SB15" uid="18682850" lat="28.6476705" lon="77.1118082"/>
 <node id="3557567646" visible="true" version="2" changeset="32093808" timestamp="2015-06-20T09:53:28Z" user="Narsimulu" uid="2949621" lat="28.6476780" lon="77.1084606"/>
 <node id="3557567647" visible="true" version="1" changeset="31577387" timestamp="2015-05-30T05:51:57Z" user="Narsimulu" uid="2949621" lat="28.6476870" lon="77.1106130"/>
 <node id="3557567648" visible="true" version="2" changeset="32093808" timestamp="2015-06-20T09:53:28Z" user="Narsimulu" uid="2949621" lat="28.6476805" lon="77.1086672"/>
 <node id="3557567649" visible="true" version="2" changeset="163056749" timestamp="2025-02-28T15:12:24Z" user="Vaishali Patil" uid="20041977" lat="28.6476796" lon="77.1106188"/>
 <node id="3557567650" visible="true" version="1" changeset="31577387" timestamp="2015-05-30T05:51:57Z" user="Narsimulu" uid="2949621" lat="28.6476926" lon="77.1104286"/>
 <node id="3557567651" visible="true" version="2" changeset="32093808" timestamp="2015-06-20T09:53:28Z" user="Narsimulu" uid="2949621" lat="28.6476848" lon="77.1086383"/>
 <node id="3557567652" visible="true" version="1" changeset="31577387" timestamp="2015-05-30T05:51:57Z" user="Narsimulu" uid="2949621" lat="28.6476963" lon="77.1107507"/>
 <node id="3557567653" visible="true" version="1" changeset="31577387" timestamp="2015-05-30T05:51:57Z" user="Narsimulu" uid="2949621" lat="28.6476998" lon="77.1088769"/>
 <node id="3557567654" visible="true" version="1" changeset="31577387" timestamp="2015-05-30T05:51:57Z" user="Narsimulu" uid="2949621" lat="28.6477008" lon="77.1113456"/>
 <node id="3557567655" visible="true" version="1" changeset="31577387" timestamp="2015-05-30T05:51:57Z" user="Narsimulu" uid="2949621" lat="28.6477011" lon="77.1086882"/>
 <node id="3557567656" visible="true" version="1" changeset="31577387" timestamp="2015-05-30T05:51:57Z" user="Narsimulu" uid="2949621" lat="28.6477057" lon="77.1107506"/>
 <node id="3557567657" visible="true" version="1" changeset="31577387" timestamp="2015-05-30T05:51:57Z" user="Narsimulu" uid="2949621" lat="28.6477083" lon="77.1088556"/>
 <node id="3557567658" visible="true" version="1" changeset="31577387" timestamp="2015-05-30T05:51:57Z" user="Narsimulu" uid="2949621" lat="28.6477128" lon="77.1101205"/>
 <node id="3557567659" visible="true" version="3" changeset="146057421" timestamp="2024-01-09T08:53:56Z" user="tusharvalvi" uid="16531141" lat="28.6476917" lon="77.1097910"/>
 <node id="3557567660" visible="true" version="3" changeset="86874482" timestamp="2020-06-19T11:26:40Z" user="Mayank Goel" uid="9510822" lat="28.6476961" lon="77.1086759"/>
 <node id="3557567661" visible="true" version="1" changeset="31577387" timestamp="2015-05-30T05:51:57Z" user="Narsimulu" uid="2949621" lat="28.6477145" lon="77.1103926"/>
 <node id="3557567662" visible="true" version="1" changeset="31577387" timestamp="2015-05-30T05:51:57Z" user="Narsimulu" uid="2949621" lat="28.6477184" lon="77.1110802"/>
 <node id="3557567663" visible="true" version="1" changeset="31577387" timestamp="2015-05-30T05:51:57Z" user="Narsimulu" uid="2949621" lat="28.6477187" lon="77.1105904"/>
 <node id="3557567664" visible="true" version="3" changeset="146057421" timestamp="2024-01-09T08:53:56Z" user="tusharvalvi" uid="16531141" lat="28.6476997" lon="77.1098034"/>
 <node id="3557567665" visible="true" version="1" changeset="31577387" timestamp="2015-05-30T05:51:57Z" user="Narsimulu" uid="2949621" lat="28.6477250" lon="77.1108319"/>
 <node id="3557567666" visible="true" version="1" changeset="31577387" timestamp="2015-05-30T05:51:57Z" user="Narsimulu" uid="2949621" lat="28.6477250" lon="77.1110804"/>
 <node id="3557567667" visible="true" version="1" changeset="31577387" timestamp="2015-05-30T05:51:57Z" user="Narsimulu" uid="2949621" lat="28.6477253" lon="77.1101116"/>
 <node id="3557567668" visible="true" version="2" changeset="32093808" timestamp="2015-06-20T09:53:28Z" user="Narsimulu" uid="2949621" lat="28.6477178" lon="77.1093928"/>
 <node id="3557567669" visible="true" version="3" changeset="146057421" timestamp="2024-01-09T08:53:56Z" user="tusharvalvi" uid="16531141" lat="28.6477088" lon="77.1095291"/>
 <node id="3557567670" visible="true" version="2" changeset="32093808" timestamp="2015-06-20T09:53:28Z" user="Narsimulu" uid="2949621" lat="28.6477139" lon="77.1116763"/>
 <node id="3557567671" visible="true" version="1" changeset="31577387" timestamp="2015-05-30T05:51:57Z" user="Narsimulu" uid="2949621" lat="28.6477312" lon="77.1103978"/>
 <node id="3557567672" visible="true" version="1" changeset="31577387" timestamp="2015-05-30T05:51:57Z" user="Narsimulu" uid="2949621" lat="28.6477348" lon="77.1108407"/>
 <node id="3557567673" visible="true" version="2" changeset="32093808" timestamp="2015-06-20T09:53:28Z" user="Narsimulu" uid="2949621" lat="28.6477173" lon="77.1116928"/>
 <node id="3557567674" visible="true" version="1" changeset="31577387" timestamp="2015-05-30T05:51:57Z" user="Narsimulu" uid="2949621" lat="28.6477396" lon="77.1101247"/>
 <node id="3557567675" visible="true" version="1" changeset="31577387" timestamp="2015-05-30T05:51:57Z" user="Narsimulu" uid="2949621" lat="28.6477396" lon="77.1105792"/>
 <node id="3557567676" visible="true" version="1" changeset="31577387" timestamp="2015-05-30T05:51:57Z" user="Narsimulu" uid="2949621" lat="28.6477414" lon="77.1111291"/>
 <node id="3557567677" visible="true" version="3" changeset="146057421" timestamp="2024-01-09T08:53:56Z" user="tusharvalvi" uid="16531141" lat="28.6477207" lon="77.1095371"/>
 <node id="3557567678" visible="true" version="1" changeset="31577387" timestamp="2015-05-30T05:51:57Z" user="Narsimulu" uid="2949621" lat="28.6477422" lon="77.1108193"/>
 <node id="3557567679" visible="true" version="2" changeset="32093808" timestamp="2015-06-20T09:53:28Z" user="Narsimulu" uid="2949621" lat="28.6477333" lon="77.1122882"/>
 <node id="3557567680" visible="true" version="1" changeset="31577387" timestamp="2015-05-30T05:51:57Z" user="Narsimulu" uid="2949621" lat="28.6477478" lon="77.1111176"/>
 <node id="3557567681" visible="true" version="1" changeset="31577387" timestamp="2015-05-30T05:51:57Z" user="Narsimulu" uid="2949621" lat="28.6477488" lon="77.1108246"/>
 <node id="3557567682" visible="true" version="1" changeset="31577387" timestamp="2015-05-30T05:51:57Z" user="Narsimulu" uid="2949621" lat="28.6477539" lon="77.1119461"/>
 <node id="3557567683" visible="true" version="3" changeset="163311278" timestamp="2025-03-07T06:14:24Z" user="SB15" uid="18682850" lat="28.6477490" lon="77.1119343"/>
 <node id="3557567684" visible="true" version="1" changeset="31577387" timestamp="2015-05-30T05:51:57Z" user="Narsimulu" uid="2949621" lat="28.6477586" lon="77.1122840"/>
 <node id="3557567685" visible="true" version="2" changeset="32093808" timestamp="2015-06-20T09:53:28Z" user="Narsimulu" uid="2949621" lat="28.6477500" lon="77.1085920"/>
 <node id="3557567686" visible="true" version="1" changeset="31577387" timestamp="2015-05-30T05:51:57Z" user="Narsimulu" uid="2949621" lat="28.6477634" lon="77.1101067"/>
 <node id="3557567687" visible="true" version="3" changeset="86874482" timestamp="2020-06-19T11:26:40Z" user="Mayank Goel" uid="9510822" lat="28.6477331" lon="77.1084907"/>
 <node id="3557567688" visible="true" version="2" changeset="32093808" timestamp="2015-06-20T09:53:28Z" user="Narsimulu" uid="2949621" lat="28.6477559" lon="77.1094639"/>
 <node id="3557567689" visible="true" version="1" changeset="31577387" timestamp="2015-05-30T05:51:57Z" user="Narsimulu" uid="2949621" lat="28.6477662" lon="77.1098852"/>
 <node id="3557567690" visible="true" version="1" changeset="31577387" timestamp="2015-05-30T05:51:57Z" user="Narsimulu" uid="2949621" lat="28.6477679" lon="77.1094989"/>
 <node id="3557567691" visible="true" version="2" changeset="32093808" timestamp="2015-06-20T09:53:28Z" user="Narsimulu" uid="2949621" lat="28.6477490" lon="77.1117488"/>
 <node id="3557567692" visible="true" version="1" changeset="31577387" timestamp="2015-05-30T05:51:57Z" user="Narsimulu" uid="2949621" lat="28.6477712" lon="77.1088076"/>
 <node id="3557567793" visible="true" version="1" changeset="31577387" timestamp="2015-05-30T05:51:57Z" user="Narsimulu" uid="2949621" lat="28.6477713" lon="77.1105532"/>
 <node id="3557567794" visible="true" version="1" changeset="31577387" timestamp="2015-05-30T05:51:57Z" user="Narsimulu" uid="2949621" lat="28.6477720" lon="77.1109107"/>
 <node id="3557567795" visible="true" version="1" changeset="31577387" timestamp="2015-05-30T05:51:57Z" user="Narsimulu" uid="2949621" lat="28.6477741" lon="77.1111854"/>
 <node id="3557567796" visible="true" version="1" changeset="31577387" timestamp="2015-05-30T05:51:57Z" user="Narsimulu" uid="2949621" lat="28.6477742" lon="77.1109145"/>
 <node id="3557567797" visible="true" version="1" changeset="31577387" timestamp="2015-05-30T05:51:57Z" user="Narsimulu" uid="2949621" lat="28.6477756" lon="77.1111918"/>
 <node id="3557567798" visible="true" version="1" changeset="31577387" timestamp="2015-05-30T05:51:57Z" user="Narsimulu" uid="2949621" lat="28.6477788" lon="77.1104801"/>
 <node id="3557567799" visible="true" version="2" changeset="32093808" timestamp="2015-06-20T09:53:28Z" user="Narsimulu" uid="2949621" lat="28.6477623" lon="77.1117592"/>
 <node id="3557567800" visible="true" version="1" changeset="31577387" timestamp="2015-05-30T05:51:57Z" user="Narsimulu" uid="2949621" lat="28.6477805" lon="77.1119876"/>
 <node id="3557567801" visible="true" version="1" changeset="31577387" timestamp="2015-05-30T05:51:57Z" user="Narsimulu" uid="2949621" lat="28.6477828" lon="77.1105765"/>
 <node id="3557567802" visible="true" version="1" changeset="31577387" timestamp="2015-05-30T05:51:57Z" user="Narsimulu" uid="2949621" lat="28.6477828" lon="77.1108882"/>
 <node id="3557567803" visible="true" version="2" changeset="32093808" timestamp="2015-06-20T09:53:28Z" user="Narsimulu" uid="2949621" lat="28.6477672" lon="77.1114241"/>
 <node id="3557567804" visible="true" version="1" changeset="31577387" timestamp="2015-05-30T05:51:57Z" user="Narsimulu" uid="2949621" lat="28.6477868" lon="77.1102050"/>
 <node id="3557567805" visible="true" version="1" changeset="31577387" timestamp="2015-05-30T05:51:57Z" user="Narsimulu" uid="2949621" lat="28.6477924" lon="77.1120015"/>
 <node id="3557567806" visible="true" version="3" changeset="86874482" timestamp="2020-06-19T11:26:40Z" user="Mayank Goel" uid="9510822" lat="28.6477781" lon="77.1088061"/>
 <node id="3557567807" visible="true" version="3" changeset="86874482" timestamp="2020-06-19T11:26:40Z" user="Mayank Goel" uid="9510822" lat="28.6477694" lon="77.1085518"/>
 <node id="3557567808" visible="true" version="1" changeset="31577387" timestamp="2015-05-30T05:51:57Z" user="Narsimulu" uid="2949621" lat="28.6478018" lon="77.1109047"/>
 <node id="3557567809" visible="true" version="1" changeset="31577387" timestamp="2015-05-30T05:51:57Z" user="Narsimulu" uid="2949621" lat="28.6478027" lon="77.1104968"/>
 <node id="3557567810" visible="true" version="1" changeset="31577387" timestamp="2015-05-30T05:51:57Z" user="Narsimulu" uid="2949621" lat="28.6478055" lon="77.1102174"/>
 <node id="3557567811" visible="true" version="1" changeset="31577387" timestamp="2015-05-30T05:51:57Z" user="Narsimulu" uid="2949621" lat="28.6478121" lon="77.1112576"/>
 <node id="3557567812" visible="true" version="3" changeset="86874482" timestamp="2020-06-19T11:26:40Z" user="Mayank Goel" uid="9510822" lat="28.6478020" lon="77.1085751"/>
 <node id="3557567813" visible="true" version="3" changeset="86874482" timestamp="2020-06-19T11:26:40Z" user="Mayank Goel" uid="9510822" lat="28.6478000" lon="77.1085909"/>
 <node id="3557567814" visible="true" version="1" changeset="31577387" timestamp="2015-05-30T05:51:58Z" user="Narsimulu" uid="2949621" lat="28.6478201" lon="77.1098506"/>
 <node id="3557567815" visible="true" version="1" changeset="31577387" timestamp="2015-05-30T05:51:58Z" user="Narsimulu" uid="2949621" lat="28.6478235" lon="77.1109853"/>
 <node id="3557567816" visible="true" version="1" changeset="31577387" timestamp="2015-05-30T05:51:58Z" user="Narsimulu" uid="2949621" lat="28.6478257" lon="77.1110004"/>
 <node id="3557567817" visible="true" version="1" changeset="31577387" timestamp="2015-05-30T05:51:58Z" user="Narsimulu" uid="2949621" lat="28.6478265" lon="77.1102110"/>
 <node id="3557567818" visible="true" version="1" changeset="31577387" timestamp="2015-05-30T05:51:58Z" user="Narsimulu" uid="2949621" lat="28.6478271" lon="77.1106559"/>
 <node id="3557567819" visible="true" version="1" changeset="31577387" timestamp="2015-05-30T05:51:58Z" user="Narsimulu" uid="2949621" lat="28.6478286" lon="77.1106659"/>
 <node id="3557567820" visible="true" version="2" changeset="32093808" timestamp="2015-06-20T09:53:28Z" user="Narsimulu" uid="2949621" lat="28.6478219" lon="77.1093205"/>
 <node id="3557567821" visible="true" version="1" changeset="31577387" timestamp="2015-05-30T05:51:58Z" user="Narsimulu" uid="2949621" lat="28.6478333" lon="77.1102249"/>
 <node id="3557567822" visible="true" version="2" changeset="32093808" timestamp="2015-06-20T09:53:28Z" user="Narsimulu" uid="2949621" lat="28.6478152" lon="77.1118612"/>
 <node id="3557567823" visible="true" version="1" changeset="31577387" timestamp="2015-05-30T05:51:58Z" user="Narsimulu" uid="2949621" lat="28.6478374" lon="77.1114139"/>
 <node id="3557567824" visible="true" version="3" changeset="146057421" timestamp="2024-01-09T08:53:56Z" user="tusharvalvi" uid="16531141" lat="28.6478206" lon="77.1097153"/>
 <node id="3557567825" visible="true" version="1" changeset="31577387" timestamp="2015-05-30T05:51:58Z" user="Narsimulu" uid="2949621" lat="28.6478444" lon="77.1100253"/>
 <node id="3557567826" visible="true" version="2" changeset="32093808" timestamp="2015-06-20T09:53:28Z" user="Narsimulu" uid="2949621" lat="28.6478324" lon="77.1118678"/>
 <node id="3557567827" visible="true" version="1" changeset="31577387" timestamp="2015-05-30T05:51:58Z" user="Narsimulu" uid="2949621" lat="28.6478465" lon="77.1105708"/>
 <node id="3557567828" visible="true" version="2" changeset="32093808" timestamp="2015-06-20T09:53:28Z" user="Narsimulu" uid="2949621" lat="28.6478468" lon="77.1093103"/>
 <node id="3557567829" visible="true" version="1" changeset="31577387" timestamp="2015-05-30T05:51:58Z" user="Narsimulu" uid="2949621" lat="28.6478484" lon="77.1110377"/>
 <node id="3557567830" visible="true" version="1" changeset="31577387" timestamp="2015-05-30T05:51:58Z" user="Narsimulu" uid="2949621" lat="28.6478490" lon="77.1102967"/>
 <node id="3557567831" visible="true" version="2" changeset="32093808" timestamp="2015-06-20T09:53:28Z" user="Narsimulu" uid="2949621" lat="28.6478315" lon="77.1116090"/>
 <node id="3557567832" visible="true" version="1" changeset="31577387" timestamp="2015-05-30T05:51:58Z" user="Narsimulu" uid="2949621" lat="28.6478529" lon="77.1110450"/>
 <node id="3557567833" visible="true" version="1" changeset="31577387" timestamp="2015-05-30T05:51:58Z" user="Narsimulu" uid="2949621" lat="28.6478545" lon="77.1103052"/>
 <node id="3557567834" visible="true" version="1" changeset="31577387" timestamp="2015-05-30T05:51:58Z" user="Narsimulu" uid="2949621" lat="28.6478556" lon="77.1109961"/>
 <node id="3557567835" visible="true" version="1" changeset="31577387" timestamp="2015-05-30T05:51:58Z" user="Narsimulu" uid="2949621" lat="28.6478631" lon="77.1105745"/>
 <node id="3557567836" visible="true" version="1" changeset="31577387" timestamp="2015-05-30T05:51:58Z" user="Narsimulu" uid="2949621" lat="28.6478640" lon="77.1110136"/>
 <node id="3557567837" visible="true" version="1" changeset="31577387" timestamp="2015-05-30T05:51:58Z" user="Narsimulu" uid="2949621" lat="28.6478651" lon="77.1107346"/>
 <node id="3557567838" visible="true" version="1" changeset="31577387" timestamp="2015-05-30T05:51:58Z" user="Narsimulu" uid="2949621" lat="28.6478658" lon="77.1102828"/>
 <node id="3557567839" visible="true" version="1" changeset="31577387" timestamp="2015-05-30T05:51:58Z" user="Narsimulu" uid="2949621" lat="28.6478671" lon="77.1100252"/>
 <node id="3557567840" visible="true" version="1" changeset="31577387" timestamp="2015-05-30T05:51:58Z" user="Narsimulu" uid="2949621" lat="28.6478678" lon="77.1098120"/>
 <node id="3557567841" visible="true" version="1" changeset="31577387" timestamp="2015-05-30T05:51:58Z" user="Narsimulu" uid="2949621" lat="28.6478690" lon="77.1096728"/>
 <node id="3557567842" visible="true" version="2" changeset="32093808" timestamp="2015-06-20T09:53:28Z" user="Narsimulu" uid="2949621" lat="28.6478526" lon="77.1115724"/>
 <node id="3557567843" visible="true" version="2" changeset="32093808" timestamp="2015-06-20T09:53:28Z" user="Narsimulu" uid="2949621" lat="28.6478599" lon="77.1093916"/>
 <node id="3557567844" visible="true" version="1" changeset="31577387" timestamp="2015-05-30T05:51:58Z" user="Narsimulu" uid="2949621" lat="28.6478754" lon="77.1114827"/>
 <node id="3557567845" visible="true" version="1" changeset="31577387" timestamp="2015-05-30T05:51:58Z" user="Narsimulu" uid="2949621" lat="28.6478757" lon="77.1107365"/>
 <node id="3557567846" visible="true" version="1" changeset="31577387" timestamp="2015-05-30T05:51:58Z" user="Narsimulu" uid="2949621" lat="28.6478787" lon="77.1102839"/>
 <node id="3557567847" visible="true" version="1" changeset="31577387" timestamp="2015-05-30T05:51:58Z" user="Narsimulu" uid="2949621" lat="28.6478790" lon="77.1098059"/>
 <node id="3557567848" visible="true" version="1" changeset="31577387" timestamp="2015-05-30T05:51:58Z" user="Narsimulu" uid="2949621" lat="28.6478826" lon="77.1094124"/>
 <node id="3557567849" visible="true" version="2" changeset="32093808" timestamp="2015-06-20T09:53:28Z" user="Narsimulu" uid="2949621" lat="28.6478688" lon="77.1119299"/>
 <node id="3557567850" visible="true" version="2" changeset="32093808" timestamp="2015-06-20T09:53:28Z" user="Narsimulu" uid="2949621" lat="28.6478632" lon="77.1116650"/>
 <node id="3557567851" visible="true" version="1" changeset="31577387" timestamp="2015-05-30T05:51:58Z" user="Narsimulu" uid="2949621" lat="28.6478856" lon="77.1111012"/>
 <node id="3557567852" visible="true" version="1" changeset="31577387" timestamp="2015-05-30T05:51:58Z" user="Narsimulu" uid="2949621" lat="28.6478886" lon="77.1111105"/>
 <node id="3557567853" visible="true" version="3" changeset="86874482" timestamp="2020-06-19T11:26:40Z" user="Mayank Goel" uid="9510822" lat="28.6478592" lon="77.1083933"/>
 <node id="3557567854" visible="true" version="2" changeset="32093808" timestamp="2015-06-20T09:53:28Z" user="Narsimulu" uid="2949621" lat="28.6478583" lon="77.1119429"/>
 <node id="3557567855" visible="true" version="1" changeset="31577387" timestamp="2015-05-30T05:51:58Z" user="Narsimulu" uid="2949621" lat="28.6478918" lon="77.1121953"/>
 <node id="3557567856" visible="true" version="3" changeset="86874482" timestamp="2020-06-19T11:26:40Z" user="Mayank Goel" uid="9510822" lat="28.6478803" lon="77.1087106"/>
 <node id="3557567857" visible="true" version="1" changeset="31577387" timestamp="2015-05-30T05:51:58Z" user="Narsimulu" uid="2949621" lat="28.6478952" lon="77.1106358"/>
 <node id="3557567858" visible="true" version="1" changeset="31577387" timestamp="2015-05-30T05:51:58Z" user="Narsimulu" uid="2949621" lat="28.6478989" lon="77.1114850"/>
 <node id="3557567859" visible="true" version="2" changeset="32093808" timestamp="2015-06-20T09:53:28Z" user="Narsimulu" uid="2949621" lat="28.6478994" lon="77.1092730"/>
 <node id="3557567860" visible="true" version="2" changeset="32093808" timestamp="2015-06-20T09:53:28Z" user="Narsimulu" uid="2949621" lat="28.6478821" lon="77.1116786"/>
 <node id="3557567861" visible="true" version="3" changeset="86874482" timestamp="2020-06-19T11:26:40Z" user="Mayank Goel" uid="9510822" lat="28.6478820" lon="77.1087211"/>
 <node id="3557567862" visible="true" version="1" changeset="31577387" timestamp="2015-05-30T05:51:58Z" user="Narsimulu" uid="2949621" lat="28.6479008" lon="77.1106981"/>
 <node id="3557567863" visible="true" version="1" changeset="31577387" timestamp="2015-05-30T05:51:58Z" user="Narsimulu" uid="2949621" lat="28.6479022" lon="77.1103875"/>
 <node id="3557567864" visible="true" version="1" changeset="31577387" timestamp="2015-05-30T05:51:58Z" user="Narsimulu" uid="2949621" lat="28.6479056" lon="77.1099879"/>
 <node id="3557567865" visible="true" version="1" changeset="31577387" timestamp="2015-05-30T05:51:58Z" user="Narsimulu" uid="2949621" lat="28.6479120" lon="77.1110948"/>
 <node id="3557567866" visible="true" version="1" changeset="31577387" timestamp="2015-05-30T05:51:58Z" user="Narsimulu" uid="2949621" lat="28.6479153" lon="77.1108049"/>
 <node id="3557567867" visible="true" version="1" changeset="31577387" timestamp="2015-05-30T05:51:58Z" user="Narsimulu" uid="2949621" lat="28.6479154" lon="77.1100007"/>
 <node id="3557567868" visible="true" version="2" changeset="32093808" timestamp="2015-06-20T09:53:28Z" user="Narsimulu" uid="2949621" lat="28.6479043" lon="77.1082937"/>
 <node id="3557567869" visible="true" version="1" changeset="31577387" timestamp="2015-05-30T05:51:58Z" user="Narsimulu" uid="2949621" lat="28.6479165" lon="77.1111100"/>
 <node id="3557567870" visible="true" version="1" changeset="31577387" timestamp="2015-05-30T05:51:58Z" user="Narsimulu" uid="2949621" lat="28.6479167" lon="77.1108169"/>
 <node id="3557567872" visible="true" version="1" changeset="31577387" timestamp="2015-05-30T05:51:58Z" user="Narsimulu" uid="2949621" lat="28.6479190" lon="77.1104074"/>
 <node id="3557567873" visible="true" version="2" changeset="32093808" timestamp="2015-06-20T09:53:28Z" user="Narsimulu" uid="2949621" lat="28.6479202" lon="77.1094445"/>
 <node id="3557567874" visible="true" version="1" changeset="31577387" timestamp="2015-05-30T05:51:58Z" user="Narsimulu" uid="2949621" lat="28.6479251" lon="77.1111763"/>
 <node id="3557567875" visible="true" version="3" changeset="86874482" timestamp="2020-06-19T11:26:40Z" user="Mayank Goel" uid="9510822" lat="28.6478955" lon="77.1084544"/>
 <node id="3557567876" visible="true" version="1" changeset="31577387" timestamp="2015-05-30T05:51:58Z" user="Narsimulu" uid="2949621" lat="28.6479302" lon="77.1101295"/>
 <node id="3557567877" visible="true" version="3" changeset="86874482" timestamp="2020-06-19T11:26:40Z" user="Mayank Goel" uid="9510822" lat="28.6479169" lon="77.1084889"/>
 <node id="3557567878" visible="true" version="1" changeset="31577387" timestamp="2015-05-30T05:51:58Z" user="Narsimulu" uid="2949621" lat="28.6479306" lon="77.1112456"/>
 <node id="3557567879" visible="true" version="1" changeset="31577387" timestamp="2015-05-30T05:51:58Z" user="Narsimulu" uid="2949621" lat="28.6479350" lon="77.1097580"/>
 <node id="3557567880" visible="true" version="1" changeset="31577387" timestamp="2015-05-30T05:51:58Z" user="Narsimulu" uid="2949621" lat="28.6479361" lon="77.1094569"/>
 <node id="3557567881" visible="true" version="2" changeset="32093808" timestamp="2015-06-20T09:53:28Z" user="Narsimulu" uid="2949621" lat="28.6479265" lon="77.1092501"/>
 <node id="3557567882" visible="true" version="1" changeset="31577387" timestamp="2015-05-30T05:51:58Z" user="Narsimulu" uid="2949621" lat="28.6479392" lon="77.1097372"/>
 <node id="3557567883" visible="true" version="1" changeset="31577387" timestamp="2015-05-30T05:51:58Z" user="Narsimulu" uid="2949621" lat="28.6479400" lon="77.1103850"/>
 <node id="3557567884" visible="true" version="1" changeset="31577387" timestamp="2015-05-30T05:51:58Z" user="Narsimulu" uid="2949621" lat="28.6479471" lon="77.1115671"/>
 <node id="3557567885" visible="true" version="1" changeset="31577387" timestamp="2015-05-30T05:51:58Z" user="Narsimulu" uid="2949621" lat="28.6479496" lon="77.1101402"/>
 <node id="3557567886" visible="true" version="1" changeset="31577387" timestamp="2015-05-30T05:51:58Z" user="Narsimulu" uid="2949621" lat="28.6479504" lon="77.1104016"/>
 <node id="3557567887" visible="true" version="2" changeset="32093808" timestamp="2015-06-20T09:53:28Z" user="Narsimulu" uid="2949621" lat="28.6479350" lon="77.1117806"/>
 <node id="3557567888" visible="true" version="1" changeset="31577387" timestamp="2015-05-30T05:51:58Z" user="Narsimulu" uid="2949621" lat="28.6479533" lon="77.1099493"/>
 <node id="3557567889" visible="true" version="1" changeset="31577387" timestamp="2015-05-30T05:51:58Z" user="Narsimulu" uid="2949621" lat="28.6479534" lon="77.1115743"/>
 <node id="3557567890" visible="true" version="1" changeset="31577387" timestamp="2015-05-30T05:51:58Z" user="Narsimulu" uid="2949621" lat="28.6479574" lon="77.1111767"/>
 <node id="3557567891" visible="true" version="2" changeset="32093808" timestamp="2015-06-20T09:53:28Z" user="Narsimulu" uid="2949621" lat="28.6479445" lon="77.1117824"/>
 <node id="3557567893" visible="true" version="1" changeset="31577387" timestamp="2015-05-30T05:51:59Z" user="Narsimulu" uid="2949621" lat="28.6479603" lon="77.1113258"/>
 <node id="3557567895" visible="true" version="1" changeset="31577387" timestamp="2015-05-30T05:51:59Z" user="Narsimulu" uid="2949621" lat="28.6479628" lon="77.1104813"/>
 <node id="3557567896" visible="true" version="2" changeset="32093808" timestamp="2015-06-20T09:53:28Z" user="Narsimulu" uid="2949621" lat="28.6479525" lon="77.1083802"/>
 <node id="3557567897" visible="true" version="1" changeset="31577387" timestamp="2015-05-30T05:51:59Z" user="Narsimulu" uid="2949621" lat="28.6479705" lon="77.1109082"/>
 <node id="3557567898" visible="true" version="1" changeset="31577387" timestamp="2015-05-30T05:51:59Z" user="Narsimulu" uid="2949621" lat="28.6479726" lon="77.1099482"/>
 <node id="3557567899" visible="true" version="2" changeset="32093808" timestamp="2015-06-20T09:53:28Z" user="Narsimulu" uid="2949621" lat="28.6479727" lon="77.1094073"/>
 <node id="3557567900" visible="true" version="1" changeset="31577387" timestamp="2015-05-30T05:51:59Z" user="Narsimulu" uid="2949621" lat="28.6479740" lon="77.1102088"/>
 <node id="3557567901" visible="true" version="1" changeset="31577387" timestamp="2015-05-30T05:51:59Z" user="Narsimulu" uid="2949621" lat="28.6479779" lon="77.1084148"/>
 <node id="3557567902" visible="true" version="1" changeset="31577387" timestamp="2015-05-30T05:51:59Z" user="Narsimulu" uid="2949621" lat="28.6479780" lon="77.1104963"/>
 <node id="3557567903" visible="true" version="1" changeset="31577387" timestamp="2015-05-30T05:51:59Z" user="Narsimulu" uid="2949621" lat="28.6479821" lon="77.1101982"/>
 <node id="3557567904" visible="true" version="1" changeset="31577387" timestamp="2015-05-30T05:51:59Z" user="Narsimulu" uid="2949621" lat="28.6479830" lon="77.1116286"/>
 <node id="3557567906" visible="true" version="1" changeset="31577387" timestamp="2015-05-30T05:51:59Z" user="Narsimulu" uid="2949621" lat="28.6479837" lon="77.1095863"/>
 <node id="3557567907" visible="true" version="1" changeset="31577387" timestamp="2015-05-30T05:51:59Z" user="Narsimulu" uid="2949621" lat="28.6479883" lon="77.1101141"/>
 <node id="3557567908" visible="true" version="1" changeset="31577387" timestamp="2015-05-30T05:51:59Z" user="Narsimulu" uid="2949621" lat="28.6479887" lon="77.1109178"/>
 <node id="3557567909" visible="true" version="2" changeset="32093808" timestamp="2015-06-20T09:53:28Z" user="Narsimulu" uid="2949621" lat="28.6479568" lon="77.1121177"/>
 <node id="3557567911" visible="true" version="1" changeset="31577387" timestamp="2015-05-30T05:51:59Z" user="Narsimulu" uid="2949621" lat="28.6479932" lon="77.1108679"/>
 <node id="3557567912" visible="true" version="1" changeset="31577387" timestamp="2015-05-30T05:51:59Z" user="Narsimulu" uid="2949621" lat="28.6479935" lon="77.1095700"/>
 <node id="3557567913" visible="true" version="1" changeset="31577387" timestamp="2015-05-30T05:51:59Z" user="Narsimulu" uid="2949621" lat="28.6479939" lon="77.1096941"/>
 <node id="3557567914" visible="true" version="2" changeset="32093808" timestamp="2015-06-20T09:53:28Z" user="Narsimulu" uid="2949621" lat="28.6479809" lon="77.1118444"/>
 <node id="3557567915" visible="true" version="1" changeset="31577387" timestamp="2015-05-30T05:51:59Z" user="Narsimulu" uid="2949621" lat="28.6479950" lon="77.1114116"/>
 <node id="3557567916" visible="true" version="1" changeset="31577387" timestamp="2015-05-30T05:51:59Z" user="Narsimulu" uid="2949621" lat="28.6479958" lon="77.1099336"/>
 <node id="3557567917" visible="true" version="1" changeset="31577387" timestamp="2015-05-30T05:51:59Z" user="Narsimulu" uid="2949621" lat="28.6479983" lon="77.1113946"/>
 <node id="3557567919" visible="true" version="1" changeset="31577387" timestamp="2015-05-30T05:51:59Z" user="Narsimulu" uid="2949621" lat="28.6480031" lon="77.1104825"/>
 <node id="3557567920" visible="true" version="2" changeset="32093808" timestamp="2015-06-20T09:53:28Z" user="Narsimulu" uid="2949621" lat="28.6479718" lon="77.1118599"/>
 <node id="3557567922" visible="true" version="1" changeset="31577387" timestamp="2015-05-30T05:51:59Z" user="Narsimulu" uid="2949621" lat="28.6480065" lon="77.1096877"/>
 <node id="3557567923" visible="true" version="1" changeset="31577387" timestamp="2015-05-30T05:51:59Z" user="Narsimulu" uid="2949621" lat="28.6480075" lon="77.1104886"/>
 <node id="3557567924" visible="true" version="2" changeset="32093808" timestamp="2015-06-20T09:53:28Z" user="Narsimulu" uid="2949621" lat="28.6479987" lon="77.1093808"/>
 <node id="3557567925" visible="true" version="3" changeset="86874482" timestamp="2020-06-19T11:26:40Z" user="Mayank Goel" uid="9510822" lat="28.6479952" lon="77.1086244"/>
 <node id="3557567926" visible="true" version="1" changeset="31577387" timestamp="2015-05-30T05:51:59Z" user="Narsimulu" uid="2949621" lat="28.6480089" lon="77.1111858"/>
 <node id="3557567927" visible="true" version="2" changeset="32093808" timestamp="2015-06-20T09:53:29Z" user="Narsimulu" uid="2949621" lat="28.6480033" lon="77.1091782"/>
 <node id="3557567928" visible="true" version="1" changeset="31577387" timestamp="2015-05-30T05:51:59Z" user="Narsimulu" uid="2949621" lat="28.6480101" lon="77.1105575"/>
 <node id="3557567929" visible="true" version="2" changeset="32093808" timestamp="2015-06-20T09:53:29Z" user="Narsimulu" uid="2949621" lat="28.6480022" lon="77.1091957"/>
 <node id="3557567930" visible="true" version="1" changeset="31577387" timestamp="2015-05-30T05:51:59Z" user="Narsimulu" uid="2949621" lat="28.6480163" lon="77.1099288"/>
 <node id="3557567931" visible="true" version="1" changeset="31577387" timestamp="2015-05-30T05:51:59Z" user="Narsimulu" uid="2949621" lat="28.6480166" lon="77.1113917"/>
 <node id="3557567932" visible="true" version="1" changeset="31577387" timestamp="2015-05-30T05:51:59Z" user="Narsimulu" uid="2949621" lat="28.6480180" lon="77.1101803"/>
 <node id="3557567933" visible="true" version="1" changeset="31577387" timestamp="2015-05-30T05:51:59Z" user="Narsimulu" uid="2949621" lat="28.6480208" lon="77.1116714"/>
 <node id="3557567935" visible="true" version="1" changeset="31577387" timestamp="2015-05-30T05:51:59Z" user="Narsimulu" uid="2949621" lat="28.6480269" lon="77.1113934"/>
 <node id="3557567937" visible="true" version="1" changeset="31577387" timestamp="2015-05-30T05:51:59Z" user="Narsimulu" uid="2949621" lat="28.6480287" lon="77.1099003"/>
 <node id="3557567939" visible="true" version="1" changeset="31577387" timestamp="2015-05-30T05:51:59Z" user="Narsimulu" uid="2949621" lat="28.6480302" lon="77.1093948"/>
 <node id="3557567940" visible="true" version="2" changeset="32093808" timestamp="2015-06-20T09:53:29Z" user="Narsimulu" uid="2949621" lat="28.6480193" lon="77.1082107"/>
 <node id="3557567941" visible="true" version="1" changeset="31577387" timestamp="2015-05-30T05:51:59Z" user="Narsimulu" uid="2949621" lat="28.6480314" lon="77.1110185"/>
 <node id="3557567942" visible="true" version="1" changeset="31577387" timestamp="2015-05-30T05:51:59Z" user="Narsimulu" uid="2949621" lat="28.6480339" lon="77.1105304"/>
 <node id="3557567943" visible="true" version="1" changeset="31577387" timestamp="2015-05-30T05:51:59Z" user="Narsimulu" uid="2949621" lat="28.6480349" lon="77.1098947"/>
 <node id="3557567944" visible="true" version="1" changeset="31577387" timestamp="2015-05-30T05:51:59Z" user="Narsimulu" uid="2949621" lat="28.6480353" lon="77.1103100"/>
 <node id="3557567945" visible="true" version="1" changeset="31577387" timestamp="2015-05-30T05:51:59Z" user="Narsimulu" uid="2949621" lat="28.6480367" lon="77.1109989"/>
 <node id="3557567946" visible="true" version="1" changeset="31577387" timestamp="2015-05-30T05:51:59Z" user="Narsimulu" uid="2949621" lat="28.6480377" lon="77.1085243"/>
 <node id="3557567948" visible="true" version="1" changeset="31577387" timestamp="2015-05-30T05:51:59Z" user="Narsimulu" uid="2949621" lat="28.6480433" lon="77.1114937"/>
 <node id="3557567949" visible="true" version="1" changeset="31577387" timestamp="2015-05-30T05:51:59Z" user="Narsimulu" uid="2949621" lat="28.6480438" lon="77.1085394"/>
 <node id="3557567951" visible="true" version="1" changeset="31577387" timestamp="2015-05-30T05:51:59Z" user="Narsimulu" uid="2949621" lat="28.6480485" lon="77.1103186"/>
 <node id="3557567953" visible="true" version="1" changeset="31577387" timestamp="2015-05-30T05:51:59Z" user="Narsimulu" uid="2949621" lat="28.6480524" lon="77.1111804"/>
 <node id="3557567955" visible="true" version="2" changeset="32093808" timestamp="2015-06-20T09:53:29Z" user="Narsimulu" uid="2949621" lat="28.6480459" lon="77.1081952"/>
 <node id="3557567956" visible="true" version="1" changeset="31577387" timestamp="2015-05-30T05:51:59Z" user="Narsimulu" uid="2949621" lat="28.6480619" lon="77.1093780"/>
 <node id="3557567958" visible="true" version="1" changeset="31577387" timestamp="2015-05-30T05:52:00Z" user="Narsimulu" uid="2949621" lat="28.6480684" lon="77.1114929"/>
 <node id="3557567959" visible="true" version="1" changeset="31577387" timestamp="2015-05-30T05:52:00Z" user="Narsimulu" uid="2949621" lat="28.6480687" lon="77.1100470"/>
 <node id="3557567960" visible="true" version="1" changeset="31577387" timestamp="2015-05-30T05:52:00Z" user="Narsimulu" uid="2949621" lat="28.6480704" lon="77.1105783"/>
 <node id="3557567962" visible="true" version="1" changeset="31577387" timestamp="2015-05-30T05:52:00Z" user="Narsimulu" uid="2949621" lat="28.6480710" lon="77.1096414"/>
 <node id="3557567963" visible="true" version="1" changeset="31577387" timestamp="2015-05-30T05:52:00Z" user="Narsimulu" uid="2949621" lat="28.6480723" lon="77.1110853"/>
 <node id="3557567964" visible="true" version="1" changeset="31577387" timestamp="2015-05-30T05:52:00Z" user="Narsimulu" uid="2949621" lat="28.6480745" lon="77.1113596"/>
 <node id="3557567965" visible="true" version="2" changeset="32093808" timestamp="2015-06-20T09:53:29Z" user="Narsimulu" uid="2949621" lat="28.6480674" lon="77.1082971"/>
 <node id="3557567966" visible="true" version="2" changeset="32093808" timestamp="2015-06-20T09:53:29Z" user="Narsimulu" uid="2949621" lat="28.6480757" lon="77.1091262"/>
 <node id="3557567967" visible="true" version="1" changeset="31577387" timestamp="2015-05-30T05:52:00Z" user="Narsimulu" uid="2949621" lat="28.6480836" lon="77.1098841"/>
 <node id="3557567969" visible="true" version="1" changeset="31577387" timestamp="2015-05-30T05:52:00Z" user="Narsimulu" uid="2949621" lat="28.6480839" lon="77.1100609"/>
 <node id="3557567970" visible="true" version="1" changeset="31577387" timestamp="2015-05-30T05:52:00Z" user="Narsimulu" uid="2949621" lat="28.6480844" lon="77.1086185"/>
 <node id="3557567971" visible="true" version="2" changeset="32093808" timestamp="2015-06-20T09:53:29Z" user="Narsimulu" uid="2949621" lat="28.6480745" lon="77.1093264"/>
 <node id="3557567972" visible="true" version="1" changeset="31577387" timestamp="2015-05-30T05:52:00Z" user="Narsimulu" uid="2949621" lat="28.6480873" lon="77.1098338"/>
 <node id="3557567973" visible="true" version="1" changeset="31577387" timestamp="2015-05-30T05:52:00Z" user="Narsimulu" uid="2949621" lat="28.6480877" lon="77.1095079"/>
 <node id="3557567974" visible="true" version="1" changeset="31577387" timestamp="2015-05-30T05:52:00Z" user="Narsimulu" uid="2949621" lat="28.6480896" lon="77.1098516"/>
 <node id="3557567975" visible="true" version="1" changeset="31577387" timestamp="2015-05-30T05:52:00Z" user="Narsimulu" uid="2949621" lat="28.6480900" lon="77.1113565"/>
 <node id="3557567976" visible="true" version="2" changeset="32093808" timestamp="2015-06-20T09:53:29Z" user="Narsimulu" uid="2949621" lat="28.6480845" lon="77.1093251"/>
 <node id="3557567977" visible="true" version="1" changeset="31577387" timestamp="2015-05-30T05:52:00Z" user="Narsimulu" uid="2949621" lat="28.6480910" lon="77.1103087"/>
 <node id="3557567978" visible="true" version="2" changeset="32093808" timestamp="2015-06-20T09:53:29Z" user="Narsimulu" uid="2949621" lat="28.6480865" lon="77.1091150"/>
 <node id="3557567979" visible="true" version="1" changeset="31577387" timestamp="2015-05-30T05:52:00Z" user="Narsimulu" uid="2949621" lat="28.6480925" lon="77.1098698"/>
 <node id="3557567981" visible="true" version="1" changeset="31577387" timestamp="2015-05-30T05:52:00Z" user="Narsimulu" uid="2949621" lat="28.6480928" lon="77.1083334"/>
 <node id="3557567982" visible="true" version="1" changeset="31577387" timestamp="2015-05-30T05:52:00Z" user="Narsimulu" uid="2949621" lat="28.6480949" lon="77.1113318"/>
 <node id="3557567983" visible="true" version="1" changeset="31577387" timestamp="2015-05-30T05:52:00Z" user="Narsimulu" uid="2949621" lat="28.6480951" lon="77.1115178"/>
 <node id="3557567986" visible="true" version="1" changeset="31577387" timestamp="2015-05-30T05:52:00Z" user="Narsimulu" uid="2949621" lat="28.6480979" lon="77.1115473"/>
 <node id="3557567987" visible="true" version="2" changeset="32093808" timestamp="2015-06-20T09:53:29Z" user="Narsimulu" uid="2949621" lat="28.6480921" lon="77.1096283"/>
 <node id="3557567988" visible="true" version="1" changeset="31577387" timestamp="2015-05-30T05:52:00Z" user="Narsimulu" uid="2949621" lat="28.6480994" lon="77.1118143"/>
 <node id="3557567989" visible="true" version="2" changeset="32093808" timestamp="2015-06-20T09:53:29Z" user="Narsimulu" uid="2949621" lat="28.6480902" lon="77.1082688"/>
 <node id="3557567990" visible="true" version="1" changeset="31577387" timestamp="2015-05-30T05:52:00Z" user="Narsimulu" uid="2949621" lat="28.6481012" lon="77.1103994"/>
 <node id="3557567991" visible="true" version="1" changeset="31577387" timestamp="2015-05-30T05:52:00Z" user="Narsimulu" uid="2949621" lat="28.6481020" lon="77.1111432"/>
 <node id="3557567992" visible="true" version="2" changeset="32093808" timestamp="2015-06-20T09:53:29Z" user="Narsimulu" uid="2949621" lat="28.6480703" lon="77.1120346"/>
 <node id="3557567993" visible="true" version="1" changeset="31577387" timestamp="2015-05-30T05:52:00Z" user="Narsimulu" uid="2949621" lat="28.6481028" lon="77.1104103"/>
 <node id="3557567994" visible="true" version="1" changeset="31577387" timestamp="2015-05-30T05:52:00Z" user="Narsimulu" uid="2949621" lat="28.6481035" lon="77.1083114"/>
 <node id="3557567995" visible="true" version="2" changeset="32093808" timestamp="2015-06-20T09:53:29Z" user="Narsimulu" uid="2949621" lat="28.6480945" lon="77.1086464"/>
 <node id="3557567996" visible="true" version="1" changeset="31577387" timestamp="2015-05-30T05:52:00Z" user="Narsimulu" uid="2949621" lat="28.6481052" lon="77.1101159"/>
 <node id="3557567999" visible="true" version="2" changeset="146056707" timestamp="2024-01-09T08:33:22Z" user="tusharvalvi" uid="16531141" lat="28.6481086" lon="77.1103121"/>
 <node id="3557568000" visible="true" version="1" changeset="31577387" timestamp="2015-05-30T05:52:00Z" user="Narsimulu" uid="2949621" lat="28.6481130" lon="77.1111350"/>
 <node id="3557568001" visible="true" version="1" changeset="31577387" timestamp="2015-05-30T05:52:00Z" user="Narsimulu" uid="2949621" lat="28.6481149" lon="77.1118227"/>
 <node id="3557568002" visible="true" version="1" changeset="31577387" timestamp="2015-05-30T05:52:00Z" user="Narsimulu" uid="2949621" lat="28.6481159" lon="77.1094898"/>
 <node id="3557568004" visible="true" version="1" changeset="31577387" timestamp="2015-05-30T05:52:00Z" user="Narsimulu" uid="2949621" lat="28.6481189" lon="77.1116014"/>
 <node id="3557568005" visible="true" version="1" changeset="31577387" timestamp="2015-05-30T05:52:00Z" user="Narsimulu" uid="2949621" lat="28.6481191" lon="77.1101024"/>
 <node id="3557568006" visible="true" version="1" changeset="31577387" timestamp="2015-05-30T05:52:00Z" user="Narsimulu" uid="2949621" lat="28.6481248" lon="77.1113055"/>
 <node id="3557568008" visible="true" version="1" changeset="31577387" timestamp="2015-05-30T05:52:00Z" user="Narsimulu" uid="2949621" lat="28.6481293" lon="77.1104521"/>
 <node id="3557568009" visible="true" version="1" changeset="31577387" timestamp="2015-05-30T05:52:00Z" user="Narsimulu" uid="2949621" lat="28.6481357" lon="77.1115901"/>
 <node id="3557568010" visible="true" version="1" changeset="31577387" timestamp="2015-05-30T05:52:00Z" user="Narsimulu" uid="2949621" lat="28.6481363" lon="77.1083653"/>
 <node id="3557568012" visible="true" version="1" changeset="31577387" timestamp="2015-05-30T05:52:00Z" user="Narsimulu" uid="2949621" lat="28.6481427" lon="77.1114839"/>
 <node id="3557568013" visible="true" version="1" changeset="31577387" timestamp="2015-05-30T05:52:00Z" user="Narsimulu" uid="2949621" lat="28.6481433" lon="77.1083733"/>
 <node id="3557568015" visible="true" version="1" changeset="31577387" timestamp="2015-05-30T05:52:00Z" user="Narsimulu" uid="2949621" lat="28.6481512" lon="77.1100162"/>
 <node id="3557568017" visible="true" version="1" changeset="31577387" timestamp="2015-05-30T05:52:00Z" user="Narsimulu" uid="2949621" lat="28.6481518" lon="77.1097875"/>
 <node id="3557568018" visible="true" version="1" changeset="31577387" timestamp="2015-05-30T05:52:00Z" user="Narsimulu" uid="2949621" lat="28.6481526" lon="77.1084428"/>
 <node id="3557568019" visible="true" version="1" changeset="31577387" timestamp="2015-05-30T05:52:00Z" user="Narsimulu" uid="2949621" lat="28.6481535" lon="77.1113114"/>
 <node id="3557568020" visible="true" version="1" changeset="31577387" timestamp="2015-05-30T05:52:00Z" user="Narsimulu" uid="2949621" lat="28.6481565" lon="77.1098202"/>
 <node id="3557568021" visible="true" version="1" changeset="31577387" timestamp="2015-05-30T05:52:00Z" user="Narsimulu" uid="2949621" lat="28.6481579" lon="77.1113168"/>
 <node id="3557568023" visible="true" version="1" changeset="31577387" timestamp="2015-05-30T05:52:00Z" user="Narsimulu" uid="2949621" lat="28.6481605" lon="77.1114850"/>
 <node id="3557568024" visible="true" version="2" changeset="32093808" timestamp="2015-06-20T09:53:29Z" user="Narsimulu" uid="2949621" lat="28.6481538" lon="77.1095803"/>
 <node id="3557568025" visible="true" version="2" changeset="32093808" timestamp="2015-06-20T09:53:29Z" user="Narsimulu" uid="2949621" lat="28.6481510" lon="77.1081129"/>
 <node id="3557568026" visible="true" version="1" changeset="31577387" timestamp="2015-05-30T05:52:00Z" user="Narsimulu" uid="2949621" lat="28.6481627" lon="77.1107481"/>
 <node id="3557568027" visible="true" version="2" changeset="32093808" timestamp="2015-06-20T09:53:29Z" user="Narsimulu" uid="2949621" lat="28.6481569" lon="77.1092731"/>
 <node id="3557568030" visible="true" version="2" changeset="32093808" timestamp="2015-06-20T09:53:29Z" user="Narsimulu" uid="2949621" lat="28.6481590" lon="77.1092576"/>
 <node id="3557568031" visible="true" version="2" changeset="32093808" timestamp="2015-06-20T09:53:29Z" user="Narsimulu" uid="2949621" lat="28.6481618" lon="77.1090653"/>
 <node id="3557568033" visible="true" version="1" changeset="31577387" timestamp="2015-05-30T05:52:00Z" user="Narsimulu" uid="2949621" lat="28.6481685" lon="77.1084564"/>
 <node id="3557568034" visible="true" version="1" changeset="31577387" timestamp="2015-05-30T05:52:01Z" user="Narsimulu" uid="2949621" lat="28.6481695" lon="77.1099991"/>
 <node id="3557568035" visible="true" version="1" changeset="31577387" timestamp="2015-05-30T05:52:01Z" user="Narsimulu" uid="2949621" lat="28.6481699" lon="77.1093103"/>
 <node id="3557568036" visible="true" version="1" changeset="31577387" timestamp="2015-05-30T05:52:01Z" user="Narsimulu" uid="2949621" lat="28.6481744" lon="77.1110909"/>
 <node id="3557568037" visible="true" version="1" changeset="31577387" timestamp="2015-05-30T05:52:01Z" user="Narsimulu" uid="2949621" lat="28.6481744" lon="77.1112682"/>
 <node id="3557568039" visible="true" version="1" changeset="31577387" timestamp="2015-05-30T05:52:01Z" user="Narsimulu" uid="2949621" lat="28.6481766" lon="77.1100572"/>
 <node id="3557568040" visible="true" version="2" changeset="32093808" timestamp="2015-06-20T09:53:29Z" user="Narsimulu" uid="2949621" lat="28.6481706" lon="77.1097595"/>
 <node id="3557568041" visible="true" version="1" changeset="31577387" timestamp="2015-05-30T05:52:01Z" user="Narsimulu" uid="2949621" lat="28.6481782" lon="77.1102443"/>
 <node id="3557568042" visible="true" version="1" changeset="31577387" timestamp="2015-05-30T05:52:01Z" user="Narsimulu" uid="2949621" lat="28.6481811" lon="77.1119498"/>
 <node id="3557568043" visible="true" version="1" changeset="31577387" timestamp="2015-05-30T05:52:01Z" user="Narsimulu" uid="2949621" lat="28.6481831" lon="77.1097963"/>
 <node id="3557568044" visible="true" version="1" changeset="31577387" timestamp="2015-05-30T05:52:01Z" user="Narsimulu" uid="2949621" lat="28.6481843" lon="77.1110841"/>
 <node id="3557568045" visible="true" version="1" changeset="31577387" timestamp="2015-05-30T05:52:01Z" user="Narsimulu" uid="2949621" lat="28.6481852" lon="77.1112659"/>
 <node id="3557568046" visible="true" version="2" changeset="146056707" timestamp="2024-01-09T08:33:22Z" user="tusharvalvi" uid="16531141" lat="28.6481824" lon="77.1104330"/>
 <node id="3557568047" visible="true" version="2" changeset="32093808" timestamp="2015-06-20T09:53:29Z" user="Narsimulu" uid="2949621" lat="28.6481769" lon="77.1087758"/>
 <node id="3557568048" visible="true" version="2" changeset="32093808" timestamp="2015-06-20T09:53:29Z" user="Narsimulu" uid="2949621" lat="28.6481634" lon="77.1090537"/>
 <node id="3557568049" visible="true" version="1" changeset="31577387" timestamp="2015-05-30T05:52:01Z" user="Narsimulu" uid="2949621" lat="28.6481914" lon="77.1100380"/>
 <node id="3557568051" visible="true" version="1" changeset="31577387" timestamp="2015-05-30T05:52:01Z" user="Narsimulu" uid="2949621" lat="28.6481923" lon="77.1102233"/>
 <node id="3557568053" visible="true" version="2" changeset="146056707" timestamp="2024-01-09T08:33:22Z" user="tusharvalvi" uid="16531141" lat="28.6481899" lon="77.1102478"/>
 <node id="3557568054" visible="true" version="1" changeset="31577387" timestamp="2015-05-30T05:52:01Z" user="Narsimulu" uid="2949621" lat="28.6481959" lon="77.1084715"/>
 <node id="3557568055" visible="true" version="1" changeset="31577387" timestamp="2015-05-30T05:52:01Z" user="Narsimulu" uid="2949621" lat="28.6481975" lon="77.1117443"/>
 <node id="3557568056" visible="true" version="2" changeset="32093808" timestamp="2015-06-20T09:53:29Z" user="Narsimulu" uid="2949621" lat="28.6481823" lon="77.1087970"/>
 <node id="3557568057" visible="true" version="1" changeset="31577387" timestamp="2015-05-30T05:52:01Z" user="Narsimulu" uid="2949621" lat="28.6482002" lon="77.1117651"/>
 <node id="3557568058" visible="true" version="2" changeset="32093808" timestamp="2015-06-20T09:53:29Z" user="Narsimulu" uid="2949621" lat="28.6481839" lon="77.1095633"/>
 <node id="3557568059" visible="true" version="1" changeset="31577387" timestamp="2015-05-30T05:52:01Z" user="Narsimulu" uid="2949621" lat="28.6482031" lon="77.1115404"/>
 <node id="3557568061" visible="true" version="1" changeset="31577387" timestamp="2015-05-30T05:52:01Z" user="Narsimulu" uid="2949621" lat="28.6482043" lon="77.1084851"/>
 <node id="3557568062" visible="true" version="1" changeset="31577387" timestamp="2015-05-30T05:52:01Z" user="Narsimulu" uid="2949621" lat="28.6482044" lon="77.1112784"/>
 <node id="3557568063" visible="true" version="2" changeset="32093808" timestamp="2015-06-20T09:53:29Z" user="Narsimulu" uid="2949621" lat="28.6481954" lon="77.1081865"/>
 <node id="3557568064" visible="true" version="2" changeset="146056707" timestamp="2024-01-09T08:33:22Z" user="tusharvalvi" uid="16531141" lat="28.6482018" lon="77.1102466"/>
 <node id="3557568065" visible="true" version="2" changeset="32093808" timestamp="2015-06-20T09:53:29Z" user="Narsimulu" uid="2949621" lat="28.6481968" lon="77.1085617"/>
 <node id="3557568067" visible="true" version="1" changeset="31577387" timestamp="2015-05-30T05:52:01Z" user="Narsimulu" uid="2949621" lat="28.6482091" lon="77.1085355"/>
 <node id="3557568068" visible="true" version="1" changeset="31577387" timestamp="2015-05-30T05:52:01Z" user="Narsimulu" uid="2949621" lat="28.6482091" lon="77.1110615"/>
 <node id="3557568069" visible="true" version="1" changeset="31577387" timestamp="2015-05-30T05:52:01Z" user="Narsimulu" uid="2949621" lat="28.6482140" lon="77.1115234"/>
 <node id="3557568070" visible="true" version="1" changeset="31577387" timestamp="2015-05-30T05:52:01Z" user="Narsimulu" uid="2949621" lat="28.6482150" lon="77.1082235"/>
 <node id="3557568071" visible="true" version="1" changeset="31577387" timestamp="2015-05-30T05:52:01Z" user="Narsimulu" uid="2949621" lat="28.6482153" lon="77.1117302"/>
 <node id="3557568072" visible="true" version="1" changeset="31577387" timestamp="2015-05-30T05:52:01Z" user="Narsimulu" uid="2949621" lat="28.6482157" lon="77.1112620"/>
 <node id="3557568075" visible="true" version="1" changeset="31577387" timestamp="2015-05-30T05:52:01Z" user="Narsimulu" uid="2949621" lat="28.6482239" lon="77.1094220"/>
 <node id="3557568076" visible="true" version="1" changeset="31577387" timestamp="2015-05-30T05:52:01Z" user="Narsimulu" uid="2949621" lat="28.6482240" lon="77.1114399"/>
 <node id="3557568078" visible="true" version="2" changeset="32093808" timestamp="2015-06-20T09:53:29Z" user="Narsimulu" uid="2949621" lat="28.6482049" lon="77.1092589"/>
 <node id="3557568080" visible="true" version="1" changeset="31577387" timestamp="2015-05-30T05:52:01Z" user="Narsimulu" uid="2949621" lat="28.6482335" lon="77.1099496"/>
 <node id="3557568082" visible="true" version="1" changeset="31577387" timestamp="2015-05-30T05:52:01Z" user="Narsimulu" uid="2949621" lat="28.6482339" lon="77.1114365"/>
 <node id="3557568084" visible="true" version="2" changeset="32093808" timestamp="2015-06-20T09:53:29Z" user="Narsimulu" uid="2949621" lat="28.6482323" lon="77.1097116"/>
 <node id="3557568085" visible="true" version="2" changeset="32093808" timestamp="2015-06-20T09:53:29Z" user="Narsimulu" uid="2949621" lat="28.6482343" lon="77.1092079"/>
 <node id="3557568088" visible="true" version="1" changeset="31577387" timestamp="2015-05-30T05:52:01Z" user="Narsimulu" uid="2949621" lat="28.6482435" lon="77.1085721"/>
 <node id="3557568089" visible="true" version="1" changeset="31577387" timestamp="2015-05-30T05:52:02Z" user="Narsimulu" uid="2949621" lat="28.6482442" lon="77.1085589"/>
 <node id="3557568090" visible="true" version="1" changeset="31577387" timestamp="2015-05-30T05:52:02Z" user="Narsimulu" uid="2949621" lat="28.6482467" lon="77.1112218"/>
 <node id="3557568091" visible="true" version="1" changeset="31577387" timestamp="2015-05-30T05:52:02Z" user="Narsimulu" uid="2949621" lat="28.6482477" lon="77.1082775"/>
 <node id="3557568093" visible="true" version="1" changeset="31577387" timestamp="2015-05-30T05:52:02Z" user="Narsimulu" uid="2949621" lat="28.6482498" lon="77.1101781"/>
 <node id="3557568094" visible="true" version="1" changeset="31577387" timestamp="2015-05-30T05:52:02Z" user="Narsimulu" uid="2949621" lat="28.6482532" lon="77.1097468"/>
 <node id="3557568095" visible="true" version="1" changeset="31577387" timestamp="2015-05-30T05:52:02Z" user="Narsimulu" uid="2949621" lat="28.6482567" lon="77.1099316"/>
 <node id="3557568097" visible="true" version="1" changeset="31577387" timestamp="2015-05-30T05:52:02Z" user="Narsimulu" uid="2949621" lat="28.6482603" lon="77.1082919"/>
 <node id="3557568098" visible="true" version="2" changeset="32093808" timestamp="2015-06-20T09:53:29Z" user="Narsimulu" uid="2949621" lat="28.6482432" lon="77.1109785"/>
 <node id="3557568099" visible="true" version="2" changeset="32093808" timestamp="2015-06-20T09:53:29Z" user="Narsimulu" uid="2949621" lat="28.6482367" lon="77.1089995"/>
 <node id="3557568101" visible="true" version="2" changeset="32093808" timestamp="2015-06-20T09:53:29Z" user="Narsimulu" uid="2949621" lat="28.6482383" lon="77.1091852"/>
 <node id="3557568102" visible="true" version="1" changeset="31577387" timestamp="2015-05-30T05:52:02Z" user="Narsimulu" uid="2949621" lat="28.6482656" lon="77.1117143"/>
 <node id="3557568103" visible="true" version="1" changeset="31577387" timestamp="2015-05-30T05:52:02Z" user="Narsimulu" uid="2949621" lat="28.6482663" lon="77.1118922"/>
 <node id="3557568104" visible="true" version="2" changeset="146056707" timestamp="2024-01-09T08:33:22Z" user="tusharvalvi" uid="16531141" lat="28.6482637" lon="77.1103687"/>
 <node id="3557568105" visible="true" version="1" changeset="31577387" timestamp="2015-05-30T05:52:02Z" user="Narsimulu" uid="2949621" lat="28.6482673" lon="77.1089914"/>
 <node id="3557568106" visible="true" version="2" changeset="146056707" timestamp="2024-01-09T08:33:22Z" user="tusharvalvi" uid="16531141" lat="28.6482642" lon="77.1101981"/>
 <node id="3557568108" visible="true" version="1" changeset="31577387" timestamp="2015-05-30T05:52:02Z" user="Narsimulu" uid="2949621" lat="28.6482702" lon="77.1112064"/>
 <node id="3557568109" visible="true" version="1" changeset="31577387" timestamp="2015-05-30T05:52:02Z" user="Narsimulu" uid="2949621" lat="28.6482731" lon="77.1101800"/>
 <node id="3557568110" visible="true" version="1" changeset="31577387" timestamp="2015-05-30T05:52:02Z" user="Narsimulu" uid="2949621" lat="28.6482735" lon="77.1114783"/>
 <node id="3557568111" visible="true" version="2" changeset="32093808" timestamp="2015-06-20T09:53:29Z" user="Narsimulu" uid="2949621" lat="28.6482569" lon="77.1089302"/>
 <node id="3557568113" visible="true" version="1" changeset="31577387" timestamp="2015-05-30T05:52:02Z" user="Narsimulu" uid="2949621" lat="28.6482776" lon="77.1099736"/>
 <node id="3557568114" visible="true" version="2" changeset="146056707" timestamp="2024-01-09T08:33:22Z" user="tusharvalvi" uid="16531141" lat="28.6482744" lon="77.1103678"/>
 <node id="3557568115" visible="true" version="1" changeset="31577387" timestamp="2015-05-30T05:52:02Z" user="Narsimulu" uid="2949621" lat="28.6482784" lon="77.1097292"/>
 <node id="3557568117" visible="true" version="1" changeset="31577387" timestamp="2015-05-30T05:52:02Z" user="Narsimulu" uid="2949621" lat="28.6482804" lon="77.1113981"/>
 <node id="3557568120" visible="true" version="1" changeset="31577387" timestamp="2015-05-30T05:52:02Z" user="Narsimulu" uid="2949621" lat="28.6482827" lon="77.1116805"/>
 <node id="3557568123" visible="true" version="1" changeset="31577387" timestamp="2015-05-30T05:52:02Z" user="Narsimulu" uid="2949621" lat="28.6482868" lon="77.1114701"/>
 <node id="3557568124" visible="true" version="2" changeset="32093808" timestamp="2015-06-20T09:53:29Z" user="Narsimulu" uid="2949621" lat="28.6482663" lon="77.1092059"/>
 <node id="3557568125" visible="true" version="2" changeset="32093808" timestamp="2015-06-20T09:53:29Z" user="Narsimulu" uid="2949621" lat="28.6482716" lon="77.1097014"/>
 <node id="3557568127" visible="true" version="2" changeset="32093808" timestamp="2015-06-20T09:53:29Z" user="Narsimulu" uid="2949621" lat="28.6482793" lon="77.1086911"/>
 <node id="3557568129" visible="true" version="1" changeset="31577387" timestamp="2015-05-30T05:52:02Z" user="Narsimulu" uid="2949621" lat="28.6482920" lon="77.1112033"/>
 <node id="3557568130" visible="true" version="1" changeset="31577387" timestamp="2015-05-30T05:52:02Z" user="Narsimulu" uid="2949621" lat="28.6482923" lon="77.1113913"/>
 <node id="3557568132" visible="true" version="1" changeset="31577387" timestamp="2015-05-30T05:52:02Z" user="Narsimulu" uid="2949621" lat="28.6482942" lon="77.1099639"/>
 <node id="3557568133" visible="true" version="1" changeset="31577387" timestamp="2015-05-30T05:52:02Z" user="Narsimulu" uid="2949621" lat="28.6482949" lon="77.1111838"/>
 <node id="3557568134" visible="true" version="1" changeset="31577387" timestamp="2015-05-30T05:52:02Z" user="Narsimulu" uid="2949621" lat="28.6482974" lon="77.1116660"/>
 <node id="3557568135" visible="true" version="1" changeset="31577387" timestamp="2015-05-30T05:52:02Z" user="Narsimulu" uid="2949621" lat="28.6483024" lon="77.1101713"/>
 <node id="3557568137" visible="true" version="1" changeset="31577387" timestamp="2015-05-30T05:52:02Z" user="Narsimulu" uid="2949621" lat="28.6483032" lon="77.1116883"/>
 <node id="3557568139" visible="true" version="1" changeset="31577387" timestamp="2015-05-30T05:52:02Z" user="Narsimulu" uid="2949621" lat="28.6483072" lon="77.1111925"/>
 <node id="3557568141" visible="true" version="1" changeset="31577387" timestamp="2015-05-30T05:52:02Z" user="Narsimulu" uid="2949621" lat="28.6483110" lon="77.1116869"/>
 <node id="3557568142" visible="true" version="1" changeset="31577387" timestamp="2015-05-30T05:52:02Z" user="Narsimulu" uid="2949621" lat="28.6483120" lon="77.1086944"/>
 <node id="3557568144" visible="true" version="1" changeset="31577387" timestamp="2015-05-30T05:52:02Z" user="Narsimulu" uid="2949621" lat="28.6483130" lon="77.1083901"/>
 <node id="3557568145" visible="true" version="1" changeset="31577387" timestamp="2015-05-30T05:52:02Z" user="Narsimulu" uid="2949621" lat="28.6483131" lon="77.1114489"/>
 <node id="3557568146" visible="true" version="2" changeset="32093808" timestamp="2015-06-20T09:53:29Z" user="Narsimulu" uid="2949621" lat="28.6482973" lon="77.1087134"/>
 <node id="3557568149" visible="true" version="2" changeset="32093808" timestamp="2015-06-20T09:53:29Z" user="Narsimulu" uid="2949621" lat="28.6482988" lon="77.1094684"/>
 <node id="3557568150" visible="true" version="1" changeset="31577387" timestamp="2015-05-30T05:52:02Z" user="Narsimulu" uid="2949621" lat="28.6483180" lon="77.1091734"/>
 <node id="3557568151" visible="true" version="2" changeset="32093808" timestamp="2015-06-20T09:53:29Z" user="Narsimulu" uid="2949621" lat="28.6482980" lon="77.1093989"/>
 <node id="3557568153" visible="true" version="1" changeset="31577387" timestamp="2015-05-30T05:52:02Z" user="Narsimulu" uid="2949621" lat="28.6483244" lon="77.1114434"/>
 <node id="3557568155" visible="true" version="1" changeset="31577387" timestamp="2015-05-30T05:52:02Z" user="Narsimulu" uid="2949621" lat="28.6483248" lon="77.1084005"/>
 <node id="3557568156" visible="true" version="1" changeset="31577387" timestamp="2015-05-30T05:52:02Z" user="Narsimulu" uid="2949621" lat="28.6483252" lon="77.1089273"/>
 <node id="3557568157" visible="true" version="1" changeset="31577387" timestamp="2015-05-30T05:52:02Z" user="Narsimulu" uid="2949621" lat="28.6483268" lon="77.1098820"/>
 <node id="3557568158" visible="true" version="1" changeset="31577387" timestamp="2015-05-30T05:52:02Z" user="Narsimulu" uid="2949621" lat="28.6483284" lon="77.1089445"/>
 <node id="3557568159" visible="true" version="2" changeset="146056988" timestamp="2024-01-09T08:41:24Z" user="tusharvalvi" uid="16531141" lat="28.6483012" lon="77.1103979"/>
 <node id="3557568161" visible="true" version="1" changeset="31577387" timestamp="2015-05-30T05:52:03Z" user="Narsimulu" uid="2949621" lat="28.6483303" lon="77.1096861"/>
 <node id="3557568165" visible="true" version="2" changeset="32093808" timestamp="2015-06-20T09:53:29Z" user="Narsimulu" uid="2949621" lat="28.6483116" lon="77.1091310"/>
 <node id="3557568166" visible="true" version="1" changeset="31577387" timestamp="2015-05-30T05:52:03Z" user="Narsimulu" uid="2949621" lat="28.6483389" lon="77.1118523"/>
 <node id="3557568168" visible="true" version="2" changeset="146056707" timestamp="2024-01-09T08:33:22Z" user="tusharvalvi" uid="16531141" lat="28.6483368" lon="77.1103192"/>
 <node id="3557568169" visible="true" version="1" changeset="31577387" timestamp="2015-05-30T05:52:03Z" user="Narsimulu" uid="2949621" lat="28.6483416" lon="77.1087151"/>
 <node id="3557568170" visible="true" version="2" changeset="32093808" timestamp="2015-06-20T09:53:29Z" user="Narsimulu" uid="2949621" lat="28.6483235" lon="77.1111072"/>
 <node id="3557568172" visible="true" version="1" changeset="31577387" timestamp="2015-05-30T05:52:03Z" user="Narsimulu" uid="2949621" lat="28.6483453" lon="77.1091234"/>
 <node id="3557568174" visible="true" version="1" changeset="31577387" timestamp="2015-05-30T05:52:03Z" user="Narsimulu" uid="2949621" lat="28.6483459" lon="77.1116601"/>
 <node id="3557568178" visible="true" version="1" changeset="31577387" timestamp="2015-05-30T05:52:03Z" user="Narsimulu" uid="2949621" lat="28.6483509" lon="77.1096746"/>
 <node id="3557568179" visible="true" version="1" changeset="31577387" timestamp="2015-05-30T05:52:03Z" user="Narsimulu" uid="2949621" lat="28.6483510" lon="77.1099194"/>
 <node id="3557568180" visible="true" version="1" changeset="31577387" timestamp="2015-05-30T05:52:03Z" user="Narsimulu" uid="2949621" lat="28.6483524" lon="77.1116565"/>
 <node id="3557568182" visible="true" version="2" changeset="32093808" timestamp="2015-06-20T09:53:29Z" user="Narsimulu" uid="2949621" lat="28.6483350" lon="77.1109041"/>
 <node id="3557568183" visible="true" version="1" changeset="31577387" timestamp="2015-05-30T05:52:03Z" user="Narsimulu" uid="2949621" lat="28.6483558" lon="77.1114184"/>
 <node id="3557568184" visible="true" version="1" changeset="31577387" timestamp="2015-05-30T05:52:03Z" user="Narsimulu" uid="2949621" lat="28.6483569" lon="77.1116208"/>
 <node id="3557568185" visible="true" version="1" changeset="31577387" timestamp="2015-05-30T05:52:03Z" user="Narsimulu" uid="2949621" lat="28.6483577" lon="77.1091474"/>
 <node id="3557568186" visible="true" version="1" changeset="31577387" timestamp="2015-05-30T05:52:03Z" user="Narsimulu" uid="2949621" lat="28.6483582" lon="77.1115852"/>
 <node id="3557568188" visible="true" version="1" changeset="31577387" timestamp="2015-05-30T05:52:03Z" user="Narsimulu" uid="2949621" lat="28.6483590" lon="77.1098550"/>
 <node id="3557568189" visible="true" version="1" changeset="31577387" timestamp="2015-05-30T05:52:03Z" user="Narsimulu" uid="2949621" lat="28.6483593" lon="77.1101156"/>
 <node id="3557568190" visible="true" version="1" changeset="31577387" timestamp="2015-05-30T05:52:03Z" user="Narsimulu" uid="2949621" lat="28.6483617" lon="77.1111542"/>
 <node id="3557568191" visible="true" version="1" changeset="31577387" timestamp="2015-05-30T05:52:03Z" user="Narsimulu" uid="2949621" lat="28.6483638" lon="77.1099127"/>
 <node id="3557568192" visible="true" version="1" changeset="31577387" timestamp="2015-05-30T05:52:03Z" user="Narsimulu" uid="2949621" lat="28.6483647" lon="77.1084742"/>
 <node id="3557568194" visible="true" version="1" changeset="31577387" timestamp="2015-05-30T05:52:03Z" user="Narsimulu" uid="2949621" lat="28.6483669" lon="77.1102937"/>
 <node id="3557568195" visible="true" version="1" changeset="31577387" timestamp="2015-05-30T05:52:03Z" user="Narsimulu" uid="2949621" lat="28.6483675" lon="77.1084819"/>
 <node id="3557568196" visible="true" version="1" changeset="31577387" timestamp="2015-05-30T05:52:03Z" user="Narsimulu" uid="2949621" lat="28.6483677" lon="77.1114128"/>
 <node id="3557568197" visible="true" version="1" changeset="31577387" timestamp="2015-05-30T05:52:03Z" user="Narsimulu" uid="2949621" lat="28.6483686" lon="77.1113326"/>
 <node id="3557568200" visible="true" version="2" changeset="32093808" timestamp="2015-06-20T09:53:29Z" user="Narsimulu" uid="2949621" lat="28.6483549" lon="77.1108793"/>
 <node id="3557568201" visible="true" version="1" changeset="31577387" timestamp="2015-05-30T05:52:03Z" user="Narsimulu" uid="2949621" lat="28.6483755" lon="77.1113185"/>
 <node id="3557568203" visible="true" version="1" changeset="31577387" timestamp="2015-05-30T05:52:03Z" user="Narsimulu" uid="2949621" lat="28.6483766" lon="77.1111417"/>
 <node id="3557568204" visible="true" version="1" changeset="31577387" timestamp="2015-05-30T05:52:03Z" user="Narsimulu" uid="2949621" lat="28.6483766" lon="77.1118263"/>
 <node id="3557568205" visible="true" version="1" changeset="31577387" timestamp="2015-05-30T05:52:03Z" user="Narsimulu" uid="2949621" lat="28.6483772" lon="77.1101017"/>
 <node id="3557568208" visible="true" version="2" changeset="32093808" timestamp="2015-06-20T09:53:29Z" user="Narsimulu" uid="2949621" lat="28.6483594" lon="77.1093458"/>
 <node id="3557568210" visible="true" version="1" changeset="31577387" timestamp="2015-05-30T05:52:03Z" user="Narsimulu" uid="2949621" lat="28.6483817" lon="77.1101171"/>
 <node id="3557568211" visible="true" version="1" changeset="31577387" timestamp="2015-05-30T05:52:03Z" user="Narsimulu" uid="2949621" lat="28.6483845" lon="77.1115641"/>
 <node id="3557568213" visible="true" version="1" changeset="31577387" timestamp="2015-05-30T05:52:03Z" user="Narsimulu" uid="2949621" lat="28.6483853" lon="77.1118123"/>
 <node id="3557568214" visible="true" version="2" changeset="32093808" timestamp="2015-06-20T09:53:29Z" user="Narsimulu" uid="2949621" lat="28.6483824" lon="77.1090989"/>
 <node id="3557568215" visible="true" version="1" changeset="31577387" timestamp="2015-05-30T05:52:03Z" user="Narsimulu" uid="2949621" lat="28.6483879" lon="77.1093118"/>
 <node id="3557568217" visible="true" version="2" changeset="32093808" timestamp="2015-06-20T09:53:29Z" user="Narsimulu" uid="2949621" lat="28.6483719" lon="77.1088466"/>
 <node id="3557568218" visible="true" version="1" changeset="31577387" timestamp="2015-05-30T05:52:03Z" user="Narsimulu" uid="2949621" lat="28.6483888" lon="77.1115484"/>
 <node id="3557568220" visible="true" version="1" changeset="31577387" timestamp="2015-05-30T05:52:03Z" user="Narsimulu" uid="2949621" lat="28.6483924" lon="77.1088707"/>
 <node id="3557568221" visible="true" version="1" changeset="31577387" timestamp="2015-05-30T05:52:03Z" user="Narsimulu" uid="2949621" lat="28.6483936" lon="77.1088121"/>
 <node id="3557568224" visible="true" version="2" changeset="32093808" timestamp="2015-06-20T09:53:29Z" user="Narsimulu" uid="2949621" lat="28.6483866" lon="77.1096065"/>
 <node id="3557568225" visible="true" version="2" changeset="146056988" timestamp="2024-01-09T08:41:24Z" user="tusharvalvi" uid="16531141" lat="28.6483763" lon="77.1105565"/>
 <node id="3557568227" visible="true" version="1" changeset="31577387" timestamp="2015-05-30T05:52:03Z" user="Narsimulu" uid="2949621" lat="28.6484064" lon="77.1090765"/>
 <node id="3557568228" visible="true" version="2" changeset="146056988" timestamp="2024-01-09T08:41:24Z" user="tusharvalvi" uid="16531141" lat="28.6483785" lon="77.1105368"/>
 <node id="3557568230" visible="true" version="1" changeset="31577387" timestamp="2015-05-30T05:52:03Z" user="Narsimulu" uid="2949621" lat="28.6484094" lon="77.1090572"/>
 <node id="3557568231" visible="true" version="2" changeset="146056988" timestamp="2024-01-09T08:41:24Z" user="tusharvalvi" uid="16531141" lat="28.6483825" lon="77.1103391"/>
 <node id="3557568232" visible="true" version="1" changeset="31577387" timestamp="2015-05-30T05:52:03Z" user="Narsimulu" uid="2949621" lat="28.6484108" lon="77.1098119"/>
 <node id="3557568235" visible="true" version="2" changeset="32093808" timestamp="2015-06-20T09:53:29Z" user="Narsimulu" uid="2949621" lat="28.6483975" lon="77.1108409"/>
 <node id="3557568236" visible="true" version="1" changeset="31577387" timestamp="2015-05-30T05:52:03Z" user="Narsimulu" uid="2949621" lat="28.6484182" lon="77.1116036"/>
 <node id="3557568237" visible="true" version="1" changeset="31577387" timestamp="2015-05-30T05:52:04Z" user="Narsimulu" uid="2949621" lat="28.6484184" lon="77.1100866"/>
 <node id="3557568238" visible="true" version="1" changeset="31577387" timestamp="2015-05-30T05:52:04Z" user="Narsimulu" uid="2949621" lat="28.6484189" lon="77.1115015"/>
 <node id="3557568240" visible="true" version="1" changeset="31577387" timestamp="2015-05-30T05:52:04Z" user="Narsimulu" uid="2949621" lat="28.6484202" lon="77.1115234"/>
 <node id="3557568241" visible="true" version="1" changeset="31577387" timestamp="2015-05-30T05:52:04Z" user="Narsimulu" uid="2949621" lat="28.6484202" lon="77.1117854"/>
 <node id="3557568242" visible="true" version="2" changeset="146056988" timestamp="2024-01-09T08:41:24Z" user="tusharvalvi" uid="16531141" lat="28.6483924" lon="77.1103448"/>
 <node id="3557568244" visible="true" version="1" changeset="31577387" timestamp="2015-05-30T05:52:04Z" user="Narsimulu" uid="2949621" lat="28.6484210" lon="77.1096219"/>
 <node id="3557568245" visible="true" version="1" changeset="31577387" timestamp="2015-05-30T05:52:04Z" user="Narsimulu" uid="2949621" lat="28.6484233" lon="77.1115969"/>
 <node id="3557568247" visible="true" version="1" changeset="31577387" timestamp="2015-05-30T05:52:04Z" user="Narsimulu" uid="2949621" lat="28.6484242" lon="77.1098011"/>
 <node id="3557568248" visible="true" version="2" changeset="32093808" timestamp="2015-06-20T09:53:29Z" user="Narsimulu" uid="2949621" lat="28.6484086" lon="77.1088510"/>
 <node id="3557568249" visible="true" version="2" changeset="32093808" timestamp="2015-06-20T09:53:29Z" user="Narsimulu" uid="2949621" lat="28.6484074" lon="77.1108319"/>
 <node id="3557568250" visible="true" version="1" changeset="31577387" timestamp="2015-05-30T05:52:04Z" user="Narsimulu" uid="2949621" lat="28.6484275" lon="77.1092858"/>
 <node id="3557568251" visible="true" version="1" changeset="31577387" timestamp="2015-05-30T05:52:04Z" user="Narsimulu" uid="2949621" lat="28.6484277" lon="77.1117780"/>
 <node id="3557568252" visible="true" version="1" changeset="31577387" timestamp="2015-05-30T05:52:04Z" user="Narsimulu" uid="2949621" lat="28.6484300" lon="77.1112801"/>
 <node id="3557568255" visible="true" version="1" changeset="31577387" timestamp="2015-05-30T05:52:04Z" user="Narsimulu" uid="2949621" lat="28.6484323" lon="77.1098334"/>
 <node id="3557568256" visible="true" version="1" changeset="31577387" timestamp="2015-05-30T05:52:04Z" user="Narsimulu" uid="2949621" lat="28.6484340" lon="77.1100572"/>
 <node id="3557568257" visible="true" version="2" changeset="32093808" timestamp="2015-06-20T09:53:29Z" user="Narsimulu" uid="2949621" lat="28.6484153" lon="77.1110329"/>
 <node id="3557568258" visible="true" version="1" changeset="31577387" timestamp="2015-05-30T05:52:04Z" user="Narsimulu" uid="2949621" lat="28.6484361" lon="77.1086042"/>
 <node id="3557568259" visible="true" version="1" changeset="31577387" timestamp="2015-05-30T05:52:04Z" user="Narsimulu" uid="2949621" lat="28.6484370" lon="77.1110966"/>
 <node id="3557568261" visible="true" version="1" changeset="31577387" timestamp="2015-05-30T05:52:04Z" user="Narsimulu" uid="2949621" lat="28.6484386" lon="77.1098572"/>
 <node id="3557568264" visible="true" version="1" changeset="31577387" timestamp="2015-05-30T05:52:04Z" user="Narsimulu" uid="2949621" lat="28.6484416" lon="77.1114883"/>
 <node id="3557568265" visible="true" version="1" changeset="31577387" timestamp="2015-05-30T05:52:04Z" user="Narsimulu" uid="2949621" lat="28.6484427" lon="77.1100506"/>
 <node id="3557568266" visible="true" version="1" changeset="31577387" timestamp="2015-05-30T05:52:04Z" user="Narsimulu" uid="2949621" lat="28.6484462" lon="77.1102395"/>
 <node id="3557568268" visible="true" version="1" changeset="31577387" timestamp="2015-05-30T05:52:04Z" user="Narsimulu" uid="2949621" lat="28.6484514" lon="77.1112717"/>
 <node id="3557568271" visible="true" version="1" changeset="31577387" timestamp="2015-05-30T05:52:04Z" user="Narsimulu" uid="2949621" lat="28.6484551" lon="77.1086360"/>
 <node id="3557568272" visible="true" version="2" changeset="32093808" timestamp="2015-06-20T09:53:29Z" user="Narsimulu" uid="2949621" lat="28.6484538" lon="77.1090458"/>
 <node id="3557568273" visible="true" version="1" changeset="31577387" timestamp="2015-05-30T05:52:04Z" user="Narsimulu" uid="2949621" lat="28.6484569" lon="77.1115686"/>
 <node id="3557568275" visible="true" version="2" changeset="32093808" timestamp="2015-06-20T09:53:29Z" user="Narsimulu" uid="2949621" lat="28.6484450" lon="77.1089200"/>
 <node id="3557568276" visible="true" version="2" changeset="32093808" timestamp="2015-06-20T09:53:29Z" user="Narsimulu" uid="2949621" lat="28.6484586" lon="77.1092318"/>
 <node id="3557568277" visible="true" version="2" changeset="32093808" timestamp="2015-06-20T09:53:29Z" user="Narsimulu" uid="2949621" lat="28.6484424" lon="77.1110054"/>
 <node id="3557568280" visible="true" version="2" changeset="146056988" timestamp="2024-01-09T08:41:24Z" user="tusharvalvi" uid="16531141" lat="28.6484436" lon="77.1106675"/>
 <node id="3557568281" visible="true" version="2" changeset="146056988" timestamp="2024-01-09T08:41:24Z" user="tusharvalvi" uid="16531141" lat="28.6484473" lon="77.1110710"/>
 <node id="3557568284" visible="true" version="2" changeset="146056988" timestamp="2024-01-09T08:41:24Z" user="tusharvalvi" uid="16531141" lat="28.6484439" lon="77.1103042"/>
 <node id="3557568286" visible="true" version="1" changeset="31577387" timestamp="2015-05-30T05:52:04Z" user="Narsimulu" uid="2949621" lat="28.6484766" lon="77.1090006"/>
 <node id="3557568288" visible="true" version="1" changeset="31577387" timestamp="2015-05-30T05:52:04Z" user="Narsimulu" uid="2949621" lat="28.6484806" lon="77.1113281"/>
 <node id="3557568289" visible="true" version="2" changeset="146056988" timestamp="2024-01-09T08:41:24Z" user="tusharvalvi" uid="16531141" lat="28.6484540" lon="77.1103040"/>
 <node id="3557568291" visible="true" version="2" changeset="146056988" timestamp="2024-01-09T08:41:24Z" user="tusharvalvi" uid="16531141" lat="28.6484576" lon="77.1106818"/>
 <node id="3557568293" visible="true" version="1" changeset="31577387" timestamp="2015-05-30T05:52:05Z" user="Narsimulu" uid="2949621" lat="28.6484878" lon="77.1100357"/>
 <node id="3557568294" visible="true" version="2" changeset="146056988" timestamp="2024-01-09T08:41:24Z" user="tusharvalvi" uid="16531141" lat="28.6484598" lon="77.1104781"/>
 <node id="3557568295" visible="true" version="2" changeset="32093808" timestamp="2015-06-20T09:53:29Z" user="Narsimulu" uid="2949621" lat="28.6484688" lon="77.1107810"/>
 <node id="3557568296" visible="true" version="1" changeset="31577387" timestamp="2015-05-30T05:52:05Z" user="Narsimulu" uid="2949621" lat="28.6484897" lon="77.1102130"/>
 <node id="3557568297" visible="true" version="1" changeset="31577387" timestamp="2015-05-30T05:52:05Z" user="Narsimulu" uid="2949621" lat="28.6484925" lon="77.1115754"/>
 <node id="3557568298" visible="true" version="1" changeset="31577387" timestamp="2015-05-30T05:52:05Z" user="Narsimulu" uid="2949621" lat="28.6484927" lon="77.1097862"/>
 <node id="3557568299" visible="true" version="1" changeset="31577387" timestamp="2015-05-30T05:52:05Z" user="Narsimulu" uid="2949621" lat="28.6484929" lon="77.1117040"/>
 <node id="3557568300" visible="true" version="1" changeset="31577387" timestamp="2015-05-30T05:52:05Z" user="Narsimulu" uid="2949621" lat="28.6484934" lon="77.1117251"/>
 <node id="3557568301" visible="true" version="2" changeset="32093808" timestamp="2015-06-20T09:53:29Z" user="Narsimulu" uid="2949621" lat="28.6484846" lon="77.1093032"/>
 <node id="3557568302" visible="true" version="1" changeset="31577387" timestamp="2015-05-30T05:52:05Z" user="Narsimulu" uid="2949621" lat="28.6484942" lon="77.1097484"/>
 <node id="3557568303" visible="true" version="1" changeset="31577387" timestamp="2015-05-30T05:52:05Z" user="Narsimulu" uid="2949621" lat="28.6484952" lon="77.1115842"/>
 <node id="3557568305" visible="true" version="2" changeset="146056988" timestamp="2024-01-09T08:41:24Z" user="tusharvalvi" uid="16531141" lat="28.6484683" lon="77.1104697"/>
 <node id="3557568307" visible="true" version="2" changeset="32093808" timestamp="2015-06-20T09:53:29Z" user="Narsimulu" uid="2949621" lat="28.6484815" lon="77.1089972"/>
 <node id="3557568309" visible="true" version="2" changeset="32093808" timestamp="2015-06-20T09:53:29Z" user="Narsimulu" uid="2949621" lat="28.6484850" lon="77.1109671"/>
 <node id="3557568310" visible="true" version="1" changeset="31577387" timestamp="2015-05-30T05:52:05Z" user="Narsimulu" uid="2949621" lat="28.6485071" lon="77.1087330"/>
 <node id="3557568313" visible="true" version="1" changeset="31577387" timestamp="2015-05-30T05:52:05Z" user="Narsimulu" uid="2949621" lat="28.6485118" lon="77.1112266"/>
 <node id="3557568314" visible="true" version="2" changeset="32093808" timestamp="2015-06-20T09:53:29Z" user="Narsimulu" uid="2949621" lat="28.6484927" lon="77.1109658"/>
 <node id="3557568315" visible="true" version="2" changeset="146056988" timestamp="2024-01-09T08:41:24Z" user="tusharvalvi" uid="16531141" lat="28.6484867" lon="77.1104696"/>
 <node id="3557568317" visible="true" version="1" changeset="31577387" timestamp="2015-05-30T05:52:05Z" user="Narsimulu" uid="2949621" lat="28.6485175" lon="77.1099951"/>
 <node id="3557568319" visible="true" version="1" changeset="31577387" timestamp="2015-05-30T05:52:05Z" user="Narsimulu" uid="2949621" lat="28.6485181" lon="77.1100067"/>
 <node id="3557568321" visible="true" version="1" changeset="31577387" timestamp="2015-05-30T05:52:05Z" user="Narsimulu" uid="2949621" lat="28.6485195" lon="77.1099782"/>
 <node id="3557568322" visible="true" version="2" changeset="146056988" timestamp="2024-01-09T08:41:24Z" user="tusharvalvi" uid="16531141" lat="28.6484925" lon="77.1102714"/>
 <node id="3557568323" visible="true" version="2" changeset="146056707" timestamp="2024-01-09T08:33:22Z" user="tusharvalvi" uid="16531141" lat="28.6485162" lon="77.1097740"/>
 <node id="3557568324" visible="true" version="1" changeset="31577387" timestamp="2015-05-30T05:52:05Z" user="Narsimulu" uid="2949621" lat="28.6485224" lon="77.1113032"/>
 <node id="3557568325" visible="true" version="2" changeset="146056988" timestamp="2024-01-09T08:41:24Z" user="tusharvalvi" uid="16531141" lat="28.6484955" lon="77.1107555"/>
 <node id="3557568326" visible="true" version="2" changeset="146056988" timestamp="2024-01-09T08:41:24Z" user="tusharvalvi" uid="16531141" lat="28.6484975" lon="77.1107718"/>
 <node id="3557568328" visible="true" version="1" changeset="31577387" timestamp="2015-05-30T05:52:05Z" user="Narsimulu" uid="2949621" lat="28.6485265" lon="77.1116757"/>
 <node id="3557568329" visible="true" version="2" changeset="146056988" timestamp="2024-01-09T08:41:24Z" user="tusharvalvi" uid="16531141" lat="28.6485031" lon="77.1102720"/>
 <node id="3557568330" visible="true" version="1" changeset="31577387" timestamp="2015-05-30T05:52:05Z" user="Narsimulu" uid="2949621" lat="28.6485319" lon="77.1114168"/>
 <node id="3557568331" visible="true" version="2" changeset="32093808" timestamp="2015-06-20T09:53:29Z" user="Narsimulu" uid="2949621" lat="28.6485299" lon="77.1091787"/>
 <node id="3557568333" visible="true" version="1" changeset="31577387" timestamp="2015-05-30T05:52:05Z" user="Narsimulu" uid="2949621" lat="28.6485338" lon="77.1114183"/>
 <node id="3557568334" visible="true" version="2" changeset="146056988" timestamp="2024-01-09T08:41:24Z" user="tusharvalvi" uid="16531141" lat="28.6485080" lon="77.1104575"/>
 <node id="3557568337" visible="true" version="1" changeset="31577387" timestamp="2015-05-30T05:52:05Z" user="Narsimulu" uid="2949621" lat="28.6485401" lon="77.1116725"/>
 <node id="3557568339" visible="true" version="2" changeset="32093808" timestamp="2015-06-20T09:53:29Z" user="Narsimulu" uid="2949621" lat="28.6485275" lon="77.1087696"/>
 <node id="3557568340" visible="true" version="2" changeset="146056988" timestamp="2024-01-09T08:41:24Z" user="tusharvalvi" uid="16531141" lat="28.6485216" lon="77.1111986"/>
 <node id="3557568341" visible="true" version="2" changeset="146056988" timestamp="2024-01-09T08:41:24Z" user="tusharvalvi" uid="16531141" lat="28.6485198" lon="77.1104290"/>
 <node id="3557568342" visible="true" version="2" changeset="146056988" timestamp="2024-01-09T08:41:24Z" user="tusharvalvi" uid="16531141" lat="28.6485236" lon="77.1110133"/>
 <node id="3557568344" visible="true" version="2" changeset="146056988" timestamp="2024-01-09T08:41:24Z" user="tusharvalvi" uid="16531141" lat="28.6485314" lon="77.1110063"/>
 <node id="3557568345" visible="true" version="1" changeset="31577387" timestamp="2015-05-30T05:52:05Z" user="Narsimulu" uid="2949621" lat="28.6485591" lon="77.1101622"/>
 <node id="3557568346" visible="true" version="2" changeset="146056988" timestamp="2024-01-09T08:41:24Z" user="tusharvalvi" uid="16531141" lat="28.6485311" lon="77.1104223"/>
 <node id="3557568347" visible="true" version="2" changeset="146056988" timestamp="2024-01-09T08:41:24Z" user="tusharvalvi" uid="16531141" lat="28.6485331" lon="77.1105097"/>
 <node id="3557568349" visible="true" version="2" changeset="146056988" timestamp="2024-01-09T08:41:24Z" user="tusharvalvi" uid="16531141" lat="28.6485351" lon="77.1102443"/>
 <node id="3557568350" visible="true" version="2" changeset="146056988" timestamp="2024-01-09T08:41:24Z" user="tusharvalvi" uid="16531141" lat="28.6485377" lon="77.1105027"/>
 <node id="3557568351" visible="true" version="2" changeset="146056988" timestamp="2024-01-09T08:41:24Z" user="tusharvalvi" uid="16531141" lat="28.6485389" lon="77.1108463"/>
 <node id="3557568353" visible="true" version="2" changeset="32093808" timestamp="2015-06-20T09:53:29Z" user="Narsimulu" uid="2949621" lat="28.6485518" lon="77.1091192"/>
 <node id="3557568355" visible="true" version="2" changeset="32093808" timestamp="2015-06-20T09:53:29Z" user="Narsimulu" uid="2949621" lat="28.6485638" lon="77.1094382"/>
 <node id="3557568357" visible="true" version="2" changeset="32093808" timestamp="2015-06-20T09:53:29Z" user="Narsimulu" uid="2949621" lat="28.6485542" lon="77.1109150"/>
 <node id="3557568358" visible="true" version="1" changeset="31577387" timestamp="2015-05-30T05:52:05Z" user="Narsimulu" uid="2949621" lat="28.6485747" lon="77.1094614"/>
 <node id="3557568360" visible="true" version="2" changeset="146056988" timestamp="2024-01-09T08:41:24Z" user="tusharvalvi" uid="16531141" lat="28.6485501" lon="77.1105408"/>
 <node id="3557568362" visible="true" version="1" changeset="31577387" timestamp="2015-05-30T05:52:06Z" user="Narsimulu" uid="2949621" lat="28.6485799" lon="77.1099309"/>
 <node id="3557568363" visible="true" version="2" changeset="32093808" timestamp="2015-06-20T09:53:30Z" user="Narsimulu" uid="2949621" lat="28.6485639" lon="77.1088387"/>
 <node id="3557568364" visible="true" version="2" changeset="146056988" timestamp="2024-01-09T08:41:24Z" user="tusharvalvi" uid="16531141" lat="28.6485540" lon="77.1105806"/>
 <node id="3557568365" visible="true" version="1" changeset="31577387" timestamp="2015-05-30T05:52:06Z" user="Narsimulu" uid="2949621" lat="28.6485847" lon="77.1115054"/>
 <node id="3557568366" visible="true" version="1" changeset="31577387" timestamp="2015-05-30T05:52:06Z" user="Narsimulu" uid="2949621" lat="28.6485859" lon="77.1101193"/>
 <node id="3557568367" visible="true" version="1" changeset="31577387" timestamp="2015-05-30T05:52:06Z" user="Narsimulu" uid="2949621" lat="28.6485879" lon="77.1099522"/>
 <node id="3557568368" visible="true" version="2" changeset="146056988" timestamp="2024-01-09T08:41:24Z" user="tusharvalvi" uid="16531141" lat="28.6485632" lon="77.1108429"/>
 <node id="3557568369" visible="true" version="2" changeset="146056988" timestamp="2024-01-09T08:41:24Z" user="tusharvalvi" uid="16531141" lat="28.6485639" lon="77.1105458"/>
 <node id="3557568370" visible="true" version="1" changeset="31577387" timestamp="2015-05-30T05:52:06Z" user="Narsimulu" uid="2949621" lat="28.6485975" lon="77.1131237"/>
 <node id="3557568371" visible="true" version="2" changeset="146056988" timestamp="2024-01-09T08:41:24Z" user="tusharvalvi" uid="16531141" lat="28.6485696" lon="77.1103897"/>
 <node id="3557568372" visible="true" version="2" changeset="146056988" timestamp="2024-01-09T08:41:24Z" user="tusharvalvi" uid="16531141" lat="28.6485751" lon="77.1109737"/>
 <node id="3557568373" visible="true" version="2" changeset="146056988" timestamp="2024-01-09T08:41:24Z" user="tusharvalvi" uid="16531141" lat="28.6485740" lon="77.1103785"/>
 <node id="3557568375" visible="true" version="2" changeset="146056707" timestamp="2024-01-09T08:33:22Z" user="tusharvalvi" uid="16531141" lat="28.6485999" lon="77.1099247"/>
 <node id="3557568376" visible="true" version="1" changeset="31577387" timestamp="2015-05-30T05:52:06Z" user="Narsimulu" uid="2949621" lat="28.6486073" lon="77.1095215"/>
 <node id="3557568377" visible="true" version="2" changeset="146056988" timestamp="2024-01-09T08:41:24Z" user="tusharvalvi" uid="16531141" lat="28.6485796" lon="77.1106004"/>
 <node id="3557568378" visible="true" version="1" changeset="31577387" timestamp="2015-05-30T05:52:06Z" user="Narsimulu" uid="2949621" lat="28.6486082" lon="77.1115097"/>
 <node id="3557568380" visible="true" version="2" changeset="32093808" timestamp="2015-06-20T09:53:30Z" user="Narsimulu" uid="2949621" lat="28.6486045" lon="77.1092118"/>
 <node id="3557568382" visible="true" version="2" changeset="146056707" timestamp="2024-01-09T08:33:22Z" user="tusharvalvi" uid="16531141" lat="28.6486032" lon="77.1099441"/>
 <node id="3557568384" visible="true" version="2" changeset="32093808" timestamp="2015-06-20T09:53:30Z" user="Narsimulu" uid="2949621" lat="28.6486119" lon="77.1092077"/>
 <node id="3557568385" visible="true" version="1" changeset="31577387" timestamp="2015-05-30T05:52:06Z" user="Narsimulu" uid="2949621" lat="28.6486191" lon="77.1095286"/>
 <node id="3557568386" visible="true" version="2" changeset="146056988" timestamp="2024-01-09T08:41:24Z" user="tusharvalvi" uid="16531141" lat="28.6485979" lon="77.1111409"/>
 <node id="3557568387" visible="true" version="2" changeset="146056988" timestamp="2024-01-09T08:41:24Z" user="tusharvalvi" uid="16531141" lat="28.6486028" lon="77.1111306"/>
 <node id="3557568388" visible="true" version="2" changeset="146056988" timestamp="2024-01-09T08:41:24Z" user="tusharvalvi" uid="16531141" lat="28.6486011" lon="77.1106155"/>
 <node id="3557568389" visible="true" version="2" changeset="32093808" timestamp="2015-06-20T09:53:30Z" user="Narsimulu" uid="2949621" lat="28.6486143" lon="77.1088978"/>
 <node id="3557568391" visible="true" version="2" changeset="146056707" timestamp="2024-01-09T08:33:22Z" user="tusharvalvi" uid="16531141" lat="28.6486270" lon="77.1096942"/>
 <node id="3557568392" visible="true" version="2" changeset="146056988" timestamp="2024-01-09T08:41:24Z" user="tusharvalvi" uid="16531141" lat="28.6486061" lon="77.1103509"/>
 <node id="3557568393" visible="true" version="1" changeset="31577387" timestamp="2015-05-30T05:52:06Z" user="Narsimulu" uid="2949621" lat="28.6486360" lon="77.1112073"/>
 <node id="3557568394" visible="true" version="2" changeset="146056988" timestamp="2024-01-09T08:41:24Z" user="tusharvalvi" uid="16531141" lat="28.6486085" lon="77.1109366"/>
 <node id="3557568396" visible="true" version="2" changeset="146056988" timestamp="2024-01-09T08:41:24Z" user="tusharvalvi" uid="16531141" lat="28.6486118" lon="77.1109238"/>
 <node id="3557568397" visible="true" version="2" changeset="146056988" timestamp="2024-01-09T08:41:24Z" user="tusharvalvi" uid="16531141" lat="28.6486124" lon="77.1106283"/>
 <node id="3557568398" visible="true" version="2" changeset="146056988" timestamp="2024-01-09T08:41:24Z" user="tusharvalvi" uid="16531141" lat="28.6486134" lon="77.1103674"/>
 <node id="3557568400" visible="true" version="2" changeset="146056988" timestamp="2024-01-09T08:41:24Z" user="tusharvalvi" uid="16531141" lat="28.6486174" lon="77.1106740"/>
 <node id="3557568401" visible="true" version="1" changeset="31577387" timestamp="2015-05-30T05:52:06Z" user="Narsimulu" uid="2949621" lat="28.6486499" lon="77.1132082"/>
 <node id="3557568402" visible="true" version="1" changeset="31577387" timestamp="2015-05-30T05:52:06Z" user="Narsimulu" uid="2949621" lat="28.6486531" lon="77.1115980"/>
 <node id="3557568403" visible="true" version="1" changeset="31577387" timestamp="2015-05-30T05:52:06Z" user="Narsimulu" uid="2949621" lat="28.6486556" lon="77.1100647"/>
 <node id="3557568404" visible="true" version="2" changeset="146056988" timestamp="2024-01-09T08:41:24Z" user="tusharvalvi" uid="16531141" lat="28.6486292" lon="77.1106768"/>
 <node id="3557568405" visible="true" version="1" changeset="31577387" timestamp="2015-05-30T05:52:06Z" user="Narsimulu" uid="2949621" lat="28.6486607" lon="77.1111945"/>
 <node id="3557568406" visible="true" version="2" changeset="146056988" timestamp="2024-01-09T08:41:24Z" user="tusharvalvi" uid="16531141" lat="28.6486376" lon="77.1106709"/>
 <node id="3557568407" visible="true" version="1" changeset="31577387" timestamp="2015-05-30T05:52:06Z" user="Narsimulu" uid="2949621" lat="28.6486659" lon="77.1096071"/>
 <node id="3557568411" visible="true" version="2" changeset="146056988" timestamp="2024-01-09T08:41:24Z" user="tusharvalvi" uid="16531141" lat="28.6486465" lon="77.1110980"/>
 <node id="3557568412" visible="true" version="2" changeset="146056988" timestamp="2024-01-09T08:41:24Z" user="tusharvalvi" uid="16531141" lat="28.6486432" lon="77.1104126"/>
 <node id="3557568413" visible="true" version="1" changeset="31577387" timestamp="2015-05-30T05:52:06Z" user="Narsimulu" uid="2949621" lat="28.6486768" lon="77.1096251"/>
 <node id="3557568414" visible="true" version="2" changeset="146056707" timestamp="2024-01-09T08:33:22Z" user="tusharvalvi" uid="16531141" lat="28.6486644" lon="77.1100552"/>
 <node id="3557568415" visible="true" version="2" changeset="146056988" timestamp="2024-01-09T08:41:24Z" user="tusharvalvi" uid="16531141" lat="28.6486494" lon="77.1106773"/>
 <node id="3557568416" visible="true" version="2" changeset="146056988" timestamp="2024-01-09T08:41:24Z" user="tusharvalvi" uid="16531141" lat="28.6486531" lon="77.1104250"/>
 <node id="3557568417" visible="true" version="2" changeset="146056988" timestamp="2024-01-09T08:41:24Z" user="tusharvalvi" uid="16531141" lat="28.6486538" lon="77.1110220"/>
 <node id="3557568418" visible="true" version="2" changeset="32093808" timestamp="2015-06-20T09:53:30Z" user="Narsimulu" uid="2949621" lat="28.6486818" lon="77.1091474"/>
 <node id="3557568419" visible="true" version="2" changeset="146056988" timestamp="2024-01-09T08:41:24Z" user="tusharvalvi" uid="16531141" lat="28.6486607" lon="77.1110257"/>
 <node id="3557568420" visible="true" version="1" changeset="31577387" timestamp="2015-05-30T05:52:06Z" user="Narsimulu" uid="2949621" lat="28.6486887" lon="77.1130503"/>
 <node id="3557568421" visible="true" version="2" changeset="32093808" timestamp="2015-06-20T09:53:30Z" user="Narsimulu" uid="2949621" lat="28.6486904" lon="77.1091445"/>
 <node id="3557568422" visible="true" version="2" changeset="32093808" timestamp="2015-06-20T09:53:30Z" user="Narsimulu" uid="2949621" lat="28.6486838" lon="77.1093467"/>
 <node id="3557568423" visible="true" version="1" changeset="31577387" timestamp="2015-05-30T05:52:06Z" user="Narsimulu" uid="2949621" lat="28.6486937" lon="77.1093778"/>
 <node id="3557568424" visible="true" version="2" changeset="146056988" timestamp="2024-01-09T08:41:24Z" user="tusharvalvi" uid="16531141" lat="28.6486700" lon="77.1104561"/>
 <node id="3557568425" visible="true" version="1" changeset="31577387" timestamp="2015-05-30T05:52:06Z" user="Narsimulu" uid="2949621" lat="28.6486986" lon="77.1115742"/>
 <node id="3557568426" visible="true" version="2" changeset="146056988" timestamp="2024-01-09T08:41:24Z" user="tusharvalvi" uid="16531141" lat="28.6486707" lon="77.1107513"/>
 <node id="3557568427" visible="true" version="2" changeset="32093808" timestamp="2015-06-20T09:53:30Z" user="Narsimulu" uid="2949621" lat="28.6486846" lon="77.1090198"/>
 <node id="3557568428" visible="true" version="1" changeset="31577387" timestamp="2015-05-30T05:52:06Z" user="Narsimulu" uid="2949621" lat="28.6487018" lon="77.1111626"/>
 <node id="3557568430" visible="true" version="2" changeset="146056988" timestamp="2024-01-09T08:41:24Z" user="tusharvalvi" uid="16531141" lat="28.6486778" lon="77.1104668"/>
 <node id="3557568431" visible="true" version="2" changeset="146056988" timestamp="2024-01-09T08:41:24Z" user="tusharvalvi" uid="16531141" lat="28.6486788" lon="77.1107527"/>
 <node id="3557568432" visible="true" version="2" changeset="146056988" timestamp="2024-01-09T08:41:24Z" user="tusharvalvi" uid="16531141" lat="28.6486798" lon="77.1107254"/>
 <node id="3557568433" visible="true" version="2" changeset="146056988" timestamp="2024-01-09T08:41:24Z" user="tusharvalvi" uid="16531141" lat="28.6486810" lon="77.1107541"/>
 <node id="3557568434" visible="true" version="2" changeset="32093808" timestamp="2015-06-20T09:53:30Z" user="Narsimulu" uid="2949621" lat="28.6487083" lon="77.1093529"/>
 <node id="3557568435" visible="true" version="2" changeset="146056988" timestamp="2024-01-09T08:41:24Z" user="tusharvalvi" uid="16531141" lat="28.6486868" lon="77.1110739"/>
 <node id="3557568436" visible="true" version="2" changeset="146056707" timestamp="2024-01-09T08:33:22Z" user="tusharvalvi" uid="16531141" lat="28.6487106" lon="77.1098448"/>
 <node id="3557568438" visible="true" version="1" changeset="31577387" timestamp="2015-05-30T05:52:07Z" user="Narsimulu" uid="2949621" lat="28.6487184" lon="77.1111486"/>
 <node id="3557568439" visible="true" version="1" changeset="31577387" timestamp="2015-05-30T05:52:07Z" user="Narsimulu" uid="2949621" lat="28.6487234" lon="77.1093710"/>
 <node id="3557568442" visible="true" version="1" changeset="31577387" timestamp="2015-05-30T05:52:07Z" user="Narsimulu" uid="2949621" lat="28.6487262" lon="77.1094380"/>
 <node id="3557568443" visible="true" version="2" changeset="32093808" timestamp="2015-06-20T09:53:30Z" user="Narsimulu" uid="2949621" lat="28.6487273" lon="77.1091113"/>
 <node id="3557568444" visible="true" version="1" changeset="31577387" timestamp="2015-05-30T05:52:07Z" user="Narsimulu" uid="2949621" lat="28.6487303" lon="77.1097087"/>
 <node id="3557568446" visible="true" version="1" changeset="31577387" timestamp="2015-05-30T05:52:07Z" user="Narsimulu" uid="2949621" lat="28.6487343" lon="77.1097222"/>
 <node id="3557568447" visible="true" version="2" changeset="146056707" timestamp="2024-01-09T08:33:22Z" user="tusharvalvi" uid="16531141" lat="28.6487237" lon="77.1098578"/>
 <node id="3557568449" visible="true" version="1" changeset="31577387" timestamp="2015-05-30T05:52:07Z" user="Narsimulu" uid="2949621" lat="28.6487411" lon="77.1131348"/>
 <node id="3557568450" visible="true" version="1" changeset="31577387" timestamp="2015-05-30T05:52:07Z" user="Narsimulu" uid="2949621" lat="28.6487430" lon="77.1094326"/>
 <node id="3557568451" visible="true" version="2" changeset="146056988" timestamp="2024-01-09T08:41:24Z" user="tusharvalvi" uid="16531141" lat="28.6487151" lon="77.1105365"/>
 <node id="3557568453" visible="true" version="2" changeset="146056988" timestamp="2024-01-09T08:41:24Z" user="tusharvalvi" uid="16531141" lat="28.6487175" lon="77.1108123"/>
 <node id="3557568454" visible="true" version="2" changeset="146056988" timestamp="2024-01-09T08:41:24Z" user="tusharvalvi" uid="16531141" lat="28.6487274" lon="77.1105402"/>
 <node id="3557568455" visible="true" version="2" changeset="146056988" timestamp="2024-01-09T08:41:24Z" user="tusharvalvi" uid="16531141" lat="28.6487274" lon="77.1108336"/>
 <node id="3557568456" visible="true" version="1" changeset="31577387" timestamp="2015-05-30T05:52:07Z" user="Narsimulu" uid="2949621" lat="28.6487610" lon="77.1094442"/>
 <node id="3557568457" visible="true" version="2" changeset="146056988" timestamp="2024-01-09T08:41:24Z" user="tusharvalvi" uid="16531141" lat="28.6487381" lon="77.1108472"/>
 <node id="3557568458" visible="true" version="1" changeset="31577387" timestamp="2015-05-30T05:52:07Z" user="Narsimulu" uid="2949621" lat="28.6487700" lon="77.1094557"/>
 <node id="3557568459" visible="true" version="2" changeset="146056988" timestamp="2024-01-09T08:41:24Z" user="tusharvalvi" uid="16531141" lat="28.6487525" lon="77.1105828"/>
 <node id="3557568460" visible="true" version="2" changeset="32093808" timestamp="2015-06-20T09:53:30Z" user="Narsimulu" uid="2949621" lat="28.6487783" lon="77.1092926"/>
 <node id="3557568461" visible="true" version="2" changeset="146056988" timestamp="2024-01-09T08:41:24Z" user="tusharvalvi" uid="16531141" lat="28.6487593" lon="77.1108507"/>
 <node id="3557568462" visible="true" version="2" changeset="146056988" timestamp="2024-01-09T08:41:24Z" user="tusharvalvi" uid="16531141" lat="28.6487594" lon="77.1105870"/>
 <node id="3557568463" visible="true" version="1" changeset="31577387" timestamp="2015-05-30T05:52:07Z" user="Narsimulu" uid="2949621" lat="28.6487887" lon="77.1112808"/>
 <node id="3557568465" visible="true" version="1" changeset="31577387" timestamp="2015-05-30T05:52:07Z" user="Narsimulu" uid="2949621" lat="28.6487891" lon="77.1095317"/>
 <node id="3557568466" visible="true" version="1" changeset="31577387" timestamp="2015-05-30T05:52:07Z" user="Narsimulu" uid="2949621" lat="28.6487898" lon="77.1095111"/>
 <node id="3557568467" visible="true" version="2" changeset="32093808" timestamp="2015-06-20T09:53:30Z" user="Narsimulu" uid="2949621" lat="28.6487934" lon="77.1092936"/>
 <node id="3557568468" visible="true" version="2" changeset="146056707" timestamp="2024-01-09T08:33:22Z" user="tusharvalvi" uid="16531141" lat="28.6487849" lon="77.1099689"/>
 <node id="3557568472" visible="true" version="1" changeset="31577387" timestamp="2015-05-30T05:52:07Z" user="Narsimulu" uid="2949621" lat="28.6488085" lon="77.1112933"/>
 <node id="3557568473" visible="true" version="1" changeset="31577387" timestamp="2015-05-30T05:52:07Z" user="Narsimulu" uid="2949621" lat="28.6488086" lon="77.1098386"/>
 <node id="3557568474" visible="true" version="1" changeset="31577387" timestamp="2015-05-30T05:52:07Z" user="Narsimulu" uid="2949621" lat="28.6488110" lon="77.1110848"/>
 <node id="3557568475" visible="true" version="2" changeset="146056988" timestamp="2024-01-09T08:41:24Z" user="tusharvalvi" uid="16531141" lat="28.6487835" lon="77.1109326"/>
 <node id="3557568476" visible="true" version="1" changeset="31577387" timestamp="2015-05-30T05:52:07Z" user="Narsimulu" uid="2949621" lat="28.6488121" lon="77.1114783"/>
 <node id="3557568478" visible="true" version="1" changeset="31577387" timestamp="2015-05-30T05:52:07Z" user="Narsimulu" uid="2949621" lat="28.6488136" lon="77.1095416"/>
 <node id="3557568479" visible="true" version="1" changeset="31577387" timestamp="2015-05-30T05:52:07Z" user="Narsimulu" uid="2949621" lat="28.6488144" lon="77.1095301"/>
 <node id="3557568480" visible="true" version="2" changeset="146056988" timestamp="2024-01-09T08:41:24Z" user="tusharvalvi" uid="16531141" lat="28.6487868" lon="77.1109370"/>
 <node id="3557568482" visible="true" version="2" changeset="146056988" timestamp="2024-01-09T08:41:24Z" user="tusharvalvi" uid="16531141" lat="28.6487898" lon="77.1106350"/>
 <node id="3557568483" visible="true" version="1" changeset="31577387" timestamp="2015-05-30T05:52:07Z" user="Narsimulu" uid="2949621" lat="28.6488245" lon="77.1110801"/>
 <node id="3557568485" visible="true" version="1" changeset="31577387" timestamp="2015-05-30T05:52:07Z" user="Narsimulu" uid="2949621" lat="28.6488303" lon="77.1114788"/>
 <node id="3557568486" visible="true" version="2" changeset="32093808" timestamp="2015-06-20T09:53:30Z" user="Narsimulu" uid="2949621" lat="28.6488304" lon="77.1092604"/>
 <node id="3557568487" visible="true" version="2" changeset="146056988" timestamp="2024-01-09T08:41:24Z" user="tusharvalvi" uid="16531141" lat="28.6488059" lon="77.1106525"/>
 <node id="3557568488" visible="true" version="1" changeset="31577387" timestamp="2015-05-30T05:52:07Z" user="Narsimulu" uid="2949621" lat="28.6488384" lon="77.1092942"/>
 <node id="3557568489" visible="true" version="2" changeset="146056988" timestamp="2024-01-09T08:41:24Z" user="tusharvalvi" uid="16531141" lat="28.6488129" lon="77.1109853"/>
 <node id="3557568490" visible="true" version="1" changeset="31577387" timestamp="2015-05-30T05:52:07Z" user="Narsimulu" uid="2949621" lat="28.6488415" lon="77.1096333"/>
 <node id="3557568491" visible="true" version="1" changeset="31577387" timestamp="2015-05-30T05:52:07Z" user="Narsimulu" uid="2949621" lat="28.6488427" lon="77.1096153"/>
 <node id="3557568492" visible="true" version="2" changeset="146056988" timestamp="2024-01-09T08:41:24Z" user="tusharvalvi" uid="16531141" lat="28.6488170" lon="77.1109432"/>
 <node id="3557568493" visible="true" version="2" changeset="32093808" timestamp="2015-06-20T09:53:30Z" user="Narsimulu" uid="2949621" lat="28.6488215" lon="77.1098758"/>
 <node id="3557568494" visible="true" version="1" changeset="31577387" timestamp="2015-05-30T05:52:07Z" user="Narsimulu" uid="2949621" lat="28.6488627" lon="77.1096235"/>
 <node id="3557568496" visible="true" version="2" changeset="146056988" timestamp="2024-01-09T08:41:24Z" user="tusharvalvi" uid="16531141" lat="28.6488424" lon="77.1107107"/>
 <node id="3557568497" visible="true" version="1" changeset="31577387" timestamp="2015-05-30T05:52:07Z" user="Narsimulu" uid="2949621" lat="28.6488714" lon="77.1114469"/>
 <node id="3557568498" visible="true" version="1" changeset="31577387" timestamp="2015-05-30T05:52:07Z" user="Narsimulu" uid="2949621" lat="28.6488720" lon="77.1096430"/>
 <node id="3557568501" visible="true" version="1" changeset="31577387" timestamp="2015-05-30T05:52:07Z" user="Narsimulu" uid="2949621" lat="28.6488760" lon="77.1093674"/>
 <node id="3557568502" visible="true" version="1" changeset="31577387" timestamp="2015-05-30T05:52:07Z" user="Narsimulu" uid="2949621" lat="28.6488770" lon="77.1114214"/>
 <node id="3557568503" visible="true" version="1" changeset="31577387" timestamp="2015-05-30T05:52:07Z" user="Narsimulu" uid="2949621" lat="28.6488812" lon="77.1112169"/>
 <node id="3557568504" visible="true" version="1" changeset="31577387" timestamp="2015-05-30T05:52:07Z" user="Narsimulu" uid="2949621" lat="28.6488861" lon="77.1110347"/>
 <node id="3557568505" visible="true" version="1" changeset="31577387" timestamp="2015-05-30T05:52:07Z" user="Narsimulu" uid="2949621" lat="28.6488912" lon="77.1112358"/>
 <node id="3557568506" visible="true" version="1" changeset="31577387" timestamp="2015-05-30T05:52:07Z" user="Narsimulu" uid="2949621" lat="28.6488939" lon="77.1093597"/>
 <node id="3557568507" visible="true" version="2" changeset="146056988" timestamp="2024-01-09T08:41:24Z" user="tusharvalvi" uid="16531141" lat="28.6488659" lon="77.1107645"/>
 <node id="3557568510" visible="true" version="1" changeset="31577387" timestamp="2015-05-30T05:52:07Z" user="Narsimulu" uid="2949621" lat="28.6488984" lon="77.1112103"/>
 <node id="3557568513" visible="true" version="2" changeset="32093808" timestamp="2015-06-20T09:53:30Z" user="Narsimulu" uid="2949621" lat="28.6488792" lon="77.1099717"/>
 <node id="3557568514" visible="true" version="1" changeset="31577387" timestamp="2015-05-30T05:52:08Z" user="Narsimulu" uid="2949621" lat="28.6489116" lon="77.1097006"/>
 <node id="3557568517" visible="true" version="1" changeset="31577387" timestamp="2015-05-30T05:52:08Z" user="Narsimulu" uid="2949621" lat="28.6489159" lon="77.1097496"/>
 <node id="3557568518" visible="true" version="1" changeset="31577387" timestamp="2015-05-30T05:52:08Z" user="Narsimulu" uid="2949621" lat="28.6489355" lon="77.1094467"/>
 <node id="3557568519" visible="true" version="1" changeset="31577387" timestamp="2015-05-30T05:52:08Z" user="Narsimulu" uid="2949621" lat="28.6489382" lon="77.1094341"/>
 <node id="3557568522" visible="true" version="2" changeset="146056988" timestamp="2024-01-09T08:41:24Z" user="tusharvalvi" uid="16531141" lat="28.6489235" lon="77.1108570"/>
 <node id="3557568526" visible="true" version="1" changeset="31577387" timestamp="2015-05-30T05:52:08Z" user="Narsimulu" uid="2949621" lat="28.6489597" lon="77.1113639"/>
 <node id="3557568527" visible="true" version="1" changeset="31577387" timestamp="2015-05-30T05:52:08Z" user="Narsimulu" uid="2949621" lat="28.6489600" lon="77.1111648"/>
 <node id="3557568529" visible="true" version="1" changeset="31577387" timestamp="2015-05-30T05:52:08Z" user="Narsimulu" uid="2949621" lat="28.6489652" lon="77.1095596"/>
 <node id="3557568530" visible="true" version="2" changeset="32093808" timestamp="2015-06-20T09:53:30Z" user="Narsimulu" uid="2949621" lat="28.6489414" lon="77.1097821"/>
 <node id="3557568534" visible="true" version="1" changeset="31577387" timestamp="2015-05-30T05:52:08Z" user="Narsimulu" uid="2949621" lat="28.6489846" lon="77.1095286"/>
 <node id="3557568536" visible="true" version="1" changeset="31577387" timestamp="2015-05-30T05:52:08Z" user="Narsimulu" uid="2949621" lat="28.6490048" lon="77.1096172"/>
 <node id="3557568538" visible="true" version="2" changeset="32093808" timestamp="2015-06-20T09:53:30Z" user="Narsimulu" uid="2949621" lat="28.6489991" lon="77.1098779"/>
 <node id="3571461674" visible="true" version="1" changeset="31712275" timestamp="2015-06-04T09:46:46Z" user="Narsimulu" uid="2949621" lat="28.6456687" lon="77.1104328"/>
 <node id="3571461683" visible="true" version="1" changeset="31712275" timestamp="2015-06-04T09:46:47Z" user="Narsimulu" uid="2949621" lat="28.6457330" lon="77.1117431"/>
 <node id="3571461684" visible="true" version="1" changeset="31712275" timestamp="2015-06-04T09:46:47Z" user="Narsimulu" uid="2949621" lat="28.6457365" lon="77.1105559"/>
 <node id="3571461686" visible="true" version="1" changeset="31712275" timestamp="2015-06-04T09:46:47Z" user="Narsimulu" uid="2949621" lat="28.6457886" lon="77.1103472"/>
 <node id="3571461689" visible="true" version="1" changeset="31712275" timestamp="2015-06-04T09:46:47Z" user="Narsimulu" uid="2949621" lat="28.6458159" lon="77.1118808"/>
 <node id="3571461690" visible="true" version="2" changeset="129985170" timestamp="2022-12-12T05:53:27Z" user="Pooja Koul" uid="16283053" lat="28.6457863" lon="77.1117014"/>
 <node id="3571461691" visible="true" version="1" changeset="31712275" timestamp="2015-06-04T09:46:47Z" user="Narsimulu" uid="2949621" lat="28.6458563" lon="77.1104703"/>
 <node id="3571461692" visible="true" version="2" changeset="129985170" timestamp="2022-12-12T05:53:27Z" user="Pooja Koul" uid="16283053" lat="28.6458701" lon="77.1118342"/>
 <node id="3571866865" visible="true" version="1" changeset="31716524" timestamp="2015-06-04T12:23:27Z" user="Narsimulu" uid="2949621" lat="28.6470715" lon="77.1080525"/>
 <node id="3571866866" visible="true" version="2" changeset="32093808" timestamp="2015-06-20T09:53:53Z" user="Narsimulu" uid="2949621" lat="28.6470699" lon="77.1076006"/>
 <node id="3571866867" visible="true" version="2" changeset="32093808" timestamp="2015-06-20T09:53:53Z" user="Narsimulu" uid="2949621" lat="28.6471038" lon="77.1076587"/>
 <node id="3571866868" visible="true" version="1" changeset="31716524" timestamp="2015-06-04T12:23:27Z" user="Narsimulu" uid="2949621" lat="28.6471525" lon="77.1079866"/>
 <node id="3571866869" visible="true" version="2" changeset="32093808" timestamp="2015-06-20T09:53:53Z" user="Narsimulu" uid="2949621" lat="28.6471510" lon="77.1076230"/>
 <node id="3571866870" visible="true" version="1" changeset="31716524" timestamp="2015-06-04T12:23:27Z" user="Narsimulu" uid="2949621" lat="28.6471952" lon="77.1082498"/>
 <node id="3571866871" visible="true" version="2" changeset="32093808" timestamp="2015-06-20T09:53:53Z" user="Narsimulu" uid="2949621" lat="28.6471873" lon="77.1078796"/>
 <node id="3571866872" visible="true" version="2" changeset="32093808" timestamp="2015-06-20T09:53:53Z" user="Narsimulu" uid="2949621" lat="28.6471913" lon="77.1077840"/>
 <node id="3571866873" visible="true" version="2" changeset="32093808" timestamp="2015-06-20T09:53:53Z" user="Narsimulu" uid="2949621" lat="28.6471958" lon="77.1075053"/>
 <node id="3571866874" visible="true" version="2" changeset="32093808" timestamp="2015-06-20T09:53:53Z" user="Narsimulu" uid="2949621" lat="28.6472097" lon="77.1078403"/>
 <node id="3571866875" visible="true" version="2" changeset="32093808" timestamp="2015-06-20T09:53:53Z" user="Narsimulu" uid="2949621" lat="28.6472187" lon="77.1078558"/>
 <node id="3571866876" visible="true" version="2" changeset="32093808" timestamp="2015-06-20T09:53:53Z" user="Narsimulu" uid="2949621" lat="28.6472197" lon="77.1078328"/>
 <node id="3571866877" visible="true" version="2" changeset="32093808" timestamp="2015-06-20T09:53:53Z" user="Narsimulu" uid="2949621" lat="28.6472284" lon="77.1077559"/>
 <node id="3571866878" visible="true" version="1" changeset="31716524" timestamp="2015-06-04T12:23:27Z" user="Narsimulu" uid="2949621" lat="28.6472761" lon="77.1081839"/>
 <node id="3571866879" visible="true" version="1" changeset="31716524" timestamp="2015-06-04T12:23:27Z" user="Narsimulu" uid="2949621" lat="28.6473289" lon="77.1076739"/>
 <node id="3571866880" visible="true" version="2" changeset="32093808" timestamp="2015-06-20T09:53:53Z" user="Narsimulu" uid="2949621" lat="28.6473272" lon="77.1072583"/>
 <node id="3571866881" visible="true" version="2" changeset="32093808" timestamp="2015-06-20T09:53:53Z" user="Narsimulu" uid="2949621" lat="28.6473305" lon="77.1081252"/>
 <node id="3571866882" visible="true" version="2" changeset="32093808" timestamp="2015-06-20T09:53:53Z" user="Narsimulu" uid="2949621" lat="28.6473497" lon="77.1078769"/>
 <node id="3571866883" visible="true" version="2" changeset="32093808" timestamp="2015-06-20T09:53:53Z" user="Narsimulu" uid="2949621" lat="28.6473500" lon="77.1077975"/>
 <node id="3571866884" visible="true" version="2" changeset="32093808" timestamp="2015-06-20T09:53:53Z" user="Narsimulu" uid="2949621" lat="28.6473580" lon="77.1073102"/>
 <node id="3571866885" visible="true" version="2" changeset="32093808" timestamp="2015-06-20T09:53:53Z" user="Narsimulu" uid="2949621" lat="28.6473612" lon="77.1077890"/>
 <node id="3571866886" visible="true" version="2" changeset="32093808" timestamp="2015-06-20T09:53:53Z" user="Narsimulu" uid="2949621" lat="28.6473614" lon="77.1081018"/>
 <node id="3571866887" visible="true" version="2" changeset="32093808" timestamp="2015-06-20T09:53:53Z" user="Narsimulu" uid="2949621" lat="28.6473730" lon="77.1081216"/>
 <node id="3571866888" visible="true" version="1" changeset="31716524" timestamp="2015-06-04T12:23:28Z" user="Narsimulu" uid="2949621" lat="28.6473834" lon="77.1077618"/>
 <node id="3571866889" visible="true" version="2" changeset="32093808" timestamp="2015-06-20T09:53:53Z" user="Narsimulu" uid="2949621" lat="28.6473737" lon="77.1072981"/>
 <node id="3571866890" visible="true" version="2" changeset="32093808" timestamp="2015-06-20T09:53:53Z" user="Narsimulu" uid="2949621" lat="28.6473820" lon="77.1078524"/>
 <node id="3571866891" visible="true" version="2" changeset="32093808" timestamp="2015-06-20T09:53:53Z" user="Narsimulu" uid="2949621" lat="28.6473849" lon="77.1081126"/>
 <node id="3571866892" visible="true" version="2" changeset="32093808" timestamp="2015-06-20T09:53:53Z" user="Narsimulu" uid="2949621" lat="28.6473935" lon="77.1073698"/>
 <node id="3571866893" visible="true" version="2" changeset="32093808" timestamp="2015-06-20T09:53:53Z" user="Narsimulu" uid="2949621" lat="28.6473963" lon="77.1079568"/>
 <node id="3571866894" visible="true" version="2" changeset="32093808" timestamp="2015-06-20T09:53:53Z" user="Narsimulu" uid="2949621" lat="28.6474092" lon="77.1073577"/>
 <node id="3571866895" visible="true" version="2" changeset="32093808" timestamp="2015-06-20T09:53:53Z" user="Narsimulu" uid="2949621" lat="28.6474159" lon="77.1081656"/>
 <node id="3571866896" visible="true" version="2" changeset="32093808" timestamp="2015-06-20T09:53:53Z" user="Narsimulu" uid="2949621" lat="28.6474340" lon="77.1079283"/>
 <node id="3571866897" visible="true" version="2" changeset="32093808" timestamp="2015-06-20T09:53:53Z" user="Narsimulu" uid="2949621" lat="28.6474470" lon="77.1071659"/>
 <node id="3571866898" visible="true" version="1" changeset="31716524" timestamp="2015-06-04T12:23:28Z" user="Narsimulu" uid="2949621" lat="28.6474593" lon="77.1075689"/>
 <node id="3571866899" visible="true" version="2" changeset="32093808" timestamp="2015-06-20T09:53:53Z" user="Narsimulu" uid="2949621" lat="28.6474516" lon="77.1081386"/>
 <node id="3571866900" visible="true" version="2" changeset="32093808" timestamp="2015-06-20T09:53:53Z" user="Narsimulu" uid="2949621" lat="28.6474622" lon="77.1082733"/>
 <node id="3571866901" visible="true" version="2" changeset="32093808" timestamp="2015-06-20T09:53:53Z" user="Narsimulu" uid="2949621" lat="28.6474601" lon="77.1072814"/>
 <node id="3571866902" visible="true" version="2" changeset="32093808" timestamp="2015-06-20T09:53:53Z" user="Narsimulu" uid="2949621" lat="28.6474653" lon="77.1079820"/>
 <node id="3571866903" visible="true" version="2" changeset="32093808" timestamp="2015-06-20T09:53:53Z" user="Narsimulu" uid="2949621" lat="28.6474767" lon="77.1079734"/>
 <node id="3571866904" visible="true" version="2" changeset="32093808" timestamp="2015-06-20T09:53:53Z" user="Narsimulu" uid="2949621" lat="28.6474749" lon="77.1073064"/>
 <node id="3571866905" visible="true" version="2" changeset="32093808" timestamp="2015-06-20T09:53:53Z" user="Narsimulu" uid="2949621" lat="28.6474888" lon="77.1075303"/>
 <node id="3571866906" visible="true" version="2" changeset="32093808" timestamp="2015-06-20T09:53:53Z" user="Narsimulu" uid="2949621" lat="28.6474982" lon="77.1072521"/>
 <node id="3571866907" visible="true" version="1" changeset="31716524" timestamp="2015-06-04T12:23:28Z" user="Narsimulu" uid="2949621" lat="28.6475138" lon="77.1076568"/>
 <node id="3571866908" visible="true" version="2" changeset="32093808" timestamp="2015-06-20T09:53:53Z" user="Narsimulu" uid="2949621" lat="28.6475079" lon="77.1083517"/>
 <node id="3571866909" visible="true" version="2" changeset="32093808" timestamp="2015-06-20T09:53:53Z" user="Narsimulu" uid="2949621" lat="28.6475093" lon="77.1082376"/>
 <node id="3571866910" visible="true" version="2" changeset="32093808" timestamp="2015-06-20T09:53:53Z" user="Narsimulu" uid="2949621" lat="28.6475130" lon="77.1072770"/>
 <node id="3571866911" visible="true" version="2" changeset="32093808" timestamp="2015-06-20T09:53:54Z" user="Narsimulu" uid="2949621" lat="28.6476086" lon="77.1074379"/>
 <node id="3571866912" visible="true" version="2" changeset="32093808" timestamp="2015-06-20T09:53:54Z" user="Narsimulu" uid="2949621" lat="28.6476332" lon="77.1082568"/>
 <node id="6385280595" visible="true" version="1" changeset="68914941" timestamp="2019-04-05T10:03:36Z" user="Greeshmag" uid="6782523" lat="28.6469581" lon="77.1101966"/>
 <node id="6385280596" visible="true" version="3" changeset="146057421" timestamp="2024-01-09T08:53:56Z" user="tusharvalvi" uid="16531141" lat="28.6461824" lon="77.1107836"/>
 <node id="6385280597" visible="true" version="3" changeset="146057421" timestamp="2024-01-09T08:53:56Z" user="tusharvalvi" uid="16531141" lat="28.6466802" lon="77.1116186"/>
 <node id="6385280598" visible="true" version="1" changeset="68914941" timestamp="2019-04-05T10:03:36Z" user="Greeshmag" uid="6782523" lat="28.6475147" lon="77.1109686"/>
 <node id="6385280599" visible="true" version="1" changeset="68914941" timestamp="2019-04-05T10:03:36Z" user="Greeshmag" uid="6782523" lat="28.6471859" lon="77.1118447"/>
 <node id="6385280600" visible="true" version="1" changeset="68914941" timestamp="2019-04-05T10:03:36Z" user="Greeshmag" uid="6782523" lat="28.6480766" lon="77.1134106"/>
 <node id="6385280601" visible="true" version="1" changeset="68914941" timestamp="2019-04-05T10:03:36Z" user="Greeshmag" uid="6782523" lat="28.6475548" lon="77.1124891"/>
 <node id="6385280602" visible="true" version="2" changeset="146056988" timestamp="2024-01-09T08:41:24Z" user="tusharvalvi" uid="16531141" lat="28.6486686" lon="77.1129348"/>
 <node id="6385280603" visible="true" version="2" changeset="129984775" timestamp="2022-12-12T05:36:13Z" user="Pooja Koul" uid="16283053" lat="28.6472937" lon="77.1140447"/>
 <node id="6385280604" visible="true" version="1" changeset="68914941" timestamp="2019-04-05T10:03:36Z" user="Greeshmag" uid="6782523" lat="28.6475692" lon="77.1147069"/>
 <node id="6385280606" visible="true" version="2" changeset="137325810" timestamp="2023-06-14T12:21:16Z" user="adianand" uid="19438866" lat="28.6490328" lon="77.1135607"/>
 <node id="6385280608" visible="true" version="1" changeset="68914941" timestamp="2019-04-05T10:03:36Z" user="Greeshmag" uid="6782523" lat="28.6481484" lon="77.1120407"/>
 <node id="6385280609" visible="true" version="1" changeset="68914941" timestamp="2019-04-05T10:03:36Z" user="Greeshmag" uid="6782523" lat="28.6477679" lon="77.1113661"/>
 <node id="6385280610" visible="true" version="3" changeset="146057421" timestamp="2024-01-09T08:53:56Z" user="tusharvalvi" uid="16531141" lat="28.6469370" lon="77.1120493"/>
 <node id="6385280612" visible="true" version="3" changeset="146057421" timestamp="2024-01-09T08:53:56Z" user="tusharvalvi" uid="16531141" lat="28.6466518" lon="77.1115710"/>
 <node id="6385280613" visible="true" version="1" changeset="68914941" timestamp="2019-04-05T10:03:36Z" user="Greeshmag" uid="6782523" lat="28.6454213" lon="77.1124977"/>
 <node id="6385280615" visible="true" version="2" changeset="123342214" timestamp="2022-07-08T04:33:05Z" user="VLD106" uid="9124217" lat="28.6442663" lon="77.1117606"/>
 <node id="6385280618" visible="true" version="2" changeset="146057421" timestamp="2024-01-09T08:53:56Z" user="tusharvalvi" uid="16531141" lat="28.6450227" lon="77.1111969"/>
 <node id="6395750472" visible="true" version="2" changeset="123231853" timestamp="2022-07-05T11:53:40Z" user="VLD148" uid="10979428" lat="28.6508871" lon="77.1061501"/>
 <node id="6395750474" visible="true" version="1" changeset="69076408" timestamp="2019-04-10T10:06:34Z" user="Greeshmag" uid="6782523" lat="28.6499696" lon="77.1069757"/>
 <node id="6395861212" visible="true" version="1" changeset="69078119" timestamp="2019-04-10T11:04:13Z" user="Greeshmag" uid="6782523" lat="28.6492755" lon="77.1077900"/>
 <node id="6395861213" visible="true" version="1" changeset="69078119" timestamp="2019-04-10T11:04:13Z" user="Greeshmag" uid="6782523" lat="28.6489919" lon="77.1072891"/>
 <node id="6395861214" visible="true" version="1" changeset="69078119" timestamp="2019-04-10T11:04:13Z" user="Greeshmag" uid="6782523" lat="28.6484383" lon="77.1077095"/>
 <node id="6395861215" visible="true" version="2" changeset="123303455" timestamp="2022-07-07T06:54:43Z" user="VLD106" uid="9124217" lat="28.6480630" lon="77.1070714"/>
 <node id="6395861216" visible="true" version="1" changeset="69078119" timestamp="2019-04-10T11:04:13Z" user="Greeshmag" uid="6782523" lat="28.6487406" lon="77.1081981"/>
 <node id="6395861219" visible="true" version="3" changeset="146059357" timestamp="2024-01-09T09:46:19Z" user="tusharvalvi" uid="16531141" lat="28.6470783" lon="77.1062192"/>
 <node id="6395861225" visible="true" version="2" changeset="123303455" timestamp="2022-07-07T06:54:43Z" user="VLD106" uid="9124217" lat="28.6484984" lon="77.1066843"/>
 <node id="6395861226" visible="true" version="2" changeset="123303455" timestamp="2022-07-07T06:54:43Z" user="VLD106" uid="9124217" lat="28.6482677" lon="77.1063553"/>
 <node id="6395869158" visible="true" version="1" changeset="69078220" timestamp="2019-04-10T11:07:56Z" user="Greeshmag" uid="6782523" lat="28.6486359" lon="77.1165337"/>
 <node id="6395869163" visible="true" version="3" changeset="146056707" timestamp="2024-01-09T08:33:22Z" user="tusharvalvi" uid="16531141" lat="28.6484235" lon="77.1093192"/>
 <node id="6395869164" visible="true" version="1" changeset="69078220" timestamp="2019-04-10T11:07:56Z" user="Greeshmag" uid="6782523" lat="28.6490575" lon="77.1103724"/>
 <node id="6395869165" visible="true" version="2" changeset="120731885" timestamp="2022-05-09T07:06:08Z" user="user_10603760" uid="10603760" lat="28.6482153" lon="77.1094756"/>
 <node id="6395869166" visible="true" version="3" changeset="123343456" timestamp="2022-07-08T05:32:18Z" user="VLD106" uid="9124217" lat="28.6475391" lon="77.1099601"/>
 <node id="6397292316" visible="true" version="1" changeset="69098373" timestamp="2019-04-10T21:55:58Z" user="Vineet King Kong Khosla" uid="9618843" lat="28.6520502" lon="77.1087450"/>
 <node id="6639639835" visible="true" version="1" changeset="72541107" timestamp="2019-07-23T06:44:49Z" user="seena monachan" uid="9086401" lat="28.6454063" lon="77.1145777"/>
 <node id="6639639844" visible="true" version="1" changeset="72541107" timestamp="2019-07-23T06:44:49Z" user="seena monachan" uid="9086401" lat="28.6451526" lon="77.1149201"/>
 <node id="6639639845" visible="true" version="1" changeset="72541107" timestamp="2019-07-23T06:44:49Z" user="seena monachan" uid="9086401" lat="28.6462814" lon="77.1133670"/>
 <node id="7247911166" visible="true" version="2" changeset="146056988" timestamp="2024-01-09T08:41:24Z" user="tusharvalvi" uid="16531141" lat="28.6487619" lon="77.1130951"/>
 <node id="7247911167" visible="true" version="3" changeset="146056988" timestamp="2024-01-09T08:41:24Z" user="tusharvalvi" uid="16531141" lat="28.6494256" lon="77.1125834"/>
 <node id="7247911168" visible="true" version="2" changeset="146056988" timestamp="2024-01-09T08:41:24Z" user="tusharvalvi" uid="16531141" lat="28.6488085" lon="77.1115422"/>
 <node id="7635184024" visible="true" version="1" changeset="86874482" timestamp="2020-06-19T11:26:40Z" user="Mayank Goel" uid="9510822" lat="28.6480388" lon="77.1087415"/>
 <node id="7635184025" visible="true" version="1" changeset="86874482" timestamp="2020-06-19T11:26:40Z" user="Mayank Goel" uid="9510822" lat="28.6477163" lon="77.1089641"/>
 <node id="7635184026" visible="true" version="1" changeset="86874482" timestamp="2020-06-19T11:26:40Z" user="Mayank Goel" uid="9510822" lat="28.6475091" lon="77.1091063"/>
 <node id="7635184027" visible="true" version="1" changeset="86874482" timestamp="2020-06-19T11:26:40Z" user="Mayank Goel" uid="9510822" lat="28.6476739" lon="77.1094094"/>
 <node id="7635184028" visible="true" version="1" changeset="86874482" timestamp="2020-06-19T11:26:40Z" user="Mayank Goel" uid="9510822" lat="28.6481871" lon="77.1090071"/>
 <node id="7635184029" visible="true" version="2" changeset="146057421" timestamp="2024-01-09T08:53:56Z" user="tusharvalvi" uid="16531141" lat="28.6478407" lon="77.1082864"/>
 <node id="7635184031" visible="true" version="3" changeset="146057421" timestamp="2024-01-09T08:53:56Z" user="tusharvalvi" uid="16531141" lat="28.6482222" lon="77.1089859"/>
 <node id="7635184032" visible="true" version="1" changeset="86874482" timestamp="2020-06-19T11:26:40Z" user="Mayank Goel" uid="9510822" lat="28.6485001" lon="77.1067674"/>
 <node id="7635184033" visible="true" version="1" changeset="86874482" timestamp="2020-06-19T11:26:40Z" user="Mayank Goel" uid="9510822" lat="28.6480929" lon="77.1071027"/>
 <node id="7635184034" visible="true" version="1" changeset="86874482" timestamp="2020-06-19T11:26:40Z" user="Mayank Goel" uid="9510822" lat="28.6484436" lon="77.1076660"/>
 <node id="7635184035" visible="true" version="1" changeset="86874482" timestamp="2020-06-19T11:26:40Z" user="Mayank Goel" uid="9510822" lat="28.6488273" lon="77.1073602"/>
 <node id="8151219381" visible="true" version="4" changeset="156149786" timestamp="2024-09-03T16:16:02Z" user="user_14062769" uid="14062769" lat="28.6459403" lon="77.1124475">
  <tag k="addr:full" v="No B-8, 9, 10, Shopping Centre Tatarpur, Block B, Tagore Garden Extension, Block BA, Tagore Garden, Tagore Garden Extension, New Delhi, Delhi"/>
  <tag k="amenity" v="bank"/>
  <tag k="brand" v="Canara Bank"/>
  <tag k="brand:en" v="Canara Bank"/>
  <tag k="brand:hi" v="केनरा बैंक"/>
  <tag k="brand:kn" v="ಕೆನರಾ ಬ್ಯಾಂಕ್"/>
  <tag k="brand:pa" v="ਕੇਨਰਾ ਬੈਂਕ"/>
  <tag k="brand:pnb" v="کینرا بینک"/>
  <tag k="brand:ur" v="کینرا بینک"/>
  <tag k="brand:wikidata" v="Q2003777"/>
  <tag k="brand:wikipedia" v="en:Canara Bank"/>
  <tag k="brand:wikipedia:pa" v="ਕੇਨਰਾ ਬੈਂਕ"/>
  <tag k="name" v="Canara Bank"/>
  <tag k="name:en" v="Canara Bank"/>
  <tag k="name:hi" v="केनरा बैंक"/>
  <tag k="name:kn" v="ಕೆನರಾ ಬ್ಯಾಂಕ್"/>
  <tag k="name:pa" v="ਕੇਨਰਾ ਬੈਂਕ"/>
  <tag k="name:pnb" v="کینرا بینک"/>
  <tag k="name:ur" v="کینرا بینک"/>
 </node>
 <node id="9659756598" visible="true" version="1" changeset="119600961" timestamp="2022-04-12T02:43:15Z" user="BhargavKrish2122" uid="14196197" lat="28.6497827" lon="77.1177067"/>
 <node id="9659756606" visible="true" version="2" changeset="123342898" timestamp="2022-07-08T05:06:53Z" user="VLD106" uid="9124217" lat="28.6490541" lon="77.1172359"/>
 <node id="9726102583" visible="true" version="3" changeset="146059357" timestamp="2024-01-09T09:46:19Z" user="tusharvalvi" uid="16531141" lat="28.6487615" lon="77.1090492"/>
 <node id="9726102584" visible="true" version="3" changeset="146059357" timestamp="2024-01-09T09:46:19Z" user="tusharvalvi" uid="16531141" lat="28.6485688" lon="77.1087252"/>
 <node id="9726102585" visible="true" version="2" changeset="146057421" timestamp="2024-01-09T08:53:56Z" user="tusharvalvi" uid="16531141" lat="28.6476696" lon="77.1094016"/>
 <node id="9726102586" visible="true" version="1" changeset="120731885" timestamp="2022-05-09T07:06:08Z" user="user_10603760" uid="10603760" lat="28.6478642" lon="77.1097425"/>
 <node id="9726102587" visible="true" version="2" changeset="123343553" timestamp="2022-07-08T05:35:25Z" user="VLD106" uid="9124217" lat="28.6475083" lon="77.1091208"/>
 <node id="9729543783" visible="true" version="1" changeset="120785840" timestamp="2022-05-10T10:09:43Z" user="user_10604185" uid="10604185" lat="28.6462816" lon="77.1078322"/>
 <node id="9729543784" visible="true" version="1" changeset="120785840" timestamp="2022-05-10T10:09:43Z" user="user_10604185" uid="10604185" lat="28.6461451" lon="77.1075103"/>
 <node id="9729543785" visible="true" version="2" changeset="123344124" timestamp="2022-07-08T05:55:55Z" user="VLD106" uid="9124217" lat="28.6460017" lon="77.1071580"/>
 <node id="9729543786" visible="true" version="2" changeset="123344124" timestamp="2022-07-08T05:55:55Z" user="VLD106" uid="9124217" lat="28.6459440" lon="77.1070105"/>
 <node id="9729543787" visible="true" version="1" changeset="120785840" timestamp="2022-05-10T10:09:43Z" user="user_10604185" uid="10604185" lat="28.6458767" lon="77.1068557"/>
 <node id="9729543791" visible="true" version="4" changeset="146059357" timestamp="2024-01-09T09:46:19Z" user="tusharvalvi" uid="16531141" lat="28.6473273" lon="77.1066379"/>
 <node id="9868089370" visible="true" version="1" changeset="123231652" timestamp="2022-07-05T11:49:45Z" user="VLD148" uid="10979428" lat="28.6486880" lon="77.1111104"/>
 <node id="9868089372" visible="true" version="2" changeset="146056988" timestamp="2024-01-09T08:41:24Z" user="tusharvalvi" uid="16531141" lat="28.6479519" lon="77.1116923"/>
 <node id="9868089373" visible="true" version="1" changeset="123231652" timestamp="2022-07-05T11:49:45Z" user="VLD148" uid="10979428" lat="28.6484897" lon="77.1107897"/>
 <node id="9868089374" visible="true" version="1" changeset="123231652" timestamp="2022-07-05T11:49:45Z" user="VLD148" uid="10979428" lat="28.6488899" lon="77.1114763"/>
 <node id="9868089375" visible="true" version="2" changeset="146056988" timestamp="2024-01-09T08:41:24Z" user="tusharvalvi" uid="16531141" lat="28.6488949" lon="77.1114769"/>
 <node id="9868089376" visible="true" version="1" changeset="123231652" timestamp="2022-07-05T11:49:45Z" user="VLD148" uid="10979428" lat="28.6479718" lon="77.1101623"/>
 <node id="9868089377" visible="true" version="1" changeset="123231652" timestamp="2022-07-05T11:49:45Z" user="VLD148" uid="10979428" lat="28.6477568" lon="77.1098119"/>
 <node id="9868089378" visible="true" version="3" changeset="146056988" timestamp="2024-01-09T08:41:24Z" user="tusharvalvi" uid="16531141" lat="28.6486342" lon="77.1096691"/>
 <node id="9868089379" visible="true" version="3" changeset="146056707" timestamp="2024-01-09T08:33:22Z" user="tusharvalvi" uid="16531141" lat="28.6481611" lon="77.1104690"/>
 <node id="9868105293" visible="true" version="1" changeset="123231853" timestamp="2022-07-05T11:53:40Z" user="VLD148" uid="10979428" lat="28.6516616" lon="77.1060891"/>
 <node id="9868105294" visible="true" version="1" changeset="123231853" timestamp="2022-07-05T11:53:40Z" user="VLD148" uid="10979428" lat="28.6503069" lon="77.1062383"/>
 <node id="9868105295" visible="true" version="1" changeset="123231853" timestamp="2022-07-05T11:53:40Z" user="VLD148" uid="10979428" lat="28.6502613" lon="77.1062720"/>
 <node id="9871695807" visible="true" version="3" changeset="146059357" timestamp="2024-01-09T09:46:19Z" user="tusharvalvi" uid="16531141" lat="28.6466145" lon="77.1054394"/>
 <node id="9871705629" visible="true" version="1" changeset="123303571" timestamp="2022-07-07T06:58:53Z" user="VLD106" uid="9124217" lat="28.6498662" lon="77.1072884"/>
 <node id="9871705630" visible="true" version="1" changeset="123303571" timestamp="2022-07-07T06:58:53Z" user="VLD106" uid="9124217" lat="28.6498114" lon="77.1073679"/>
 <node id="9871705631" visible="true" version="1" changeset="123303571" timestamp="2022-07-07T06:58:53Z" user="VLD106" uid="9124217" lat="28.6497628" lon="77.1074142"/>
 <node id="9871718820" visible="true" version="1" changeset="123303455" timestamp="2022-07-07T06:54:43Z" user="VLD106" uid="9124217" lat="28.6482468" lon="77.1063596"/>
 <node id="9871718821" visible="true" version="1" changeset="123303455" timestamp="2022-07-07T06:54:43Z" user="VLD106" uid="9124217" lat="28.6482860" lon="77.1063591"/>
 <node id="9871718822" visible="true" version="1" changeset="123303455" timestamp="2022-07-07T06:54:43Z" user="VLD106" uid="9124217" lat="28.6482993" lon="77.1063673"/>
 <node id="9871718823" visible="true" version="1" changeset="123303455" timestamp="2022-07-07T06:54:43Z" user="VLD106" uid="9124217" lat="28.6480741" lon="77.1070201"/>
 <node id="9871718824" visible="true" version="1" changeset="123303455" timestamp="2022-07-07T06:54:43Z" user="VLD106" uid="9124217" lat="28.6480648" lon="77.1070344"/>
 <node id="9871718825" visible="true" version="1" changeset="123303455" timestamp="2022-07-07T06:54:43Z" user="VLD106" uid="9124217" lat="28.6480616" lon="77.1070540"/>
 <node id="9873580895" visible="true" version="1" changeset="123342898" timestamp="2022-07-08T05:06:53Z" user="VLD106" uid="9124217" lat="28.6510775" lon="77.1192367"/>
 <node id="9873580901" visible="true" version="1" changeset="123342898" timestamp="2022-07-08T05:06:53Z" user="VLD106" uid="9124217" lat="28.6507280" lon="77.1186402"/>
 <node id="9873600632" visible="true" version="1" changeset="123342214" timestamp="2022-07-08T04:33:05Z" user="VLD106" uid="9124217" lat="28.6455080" lon="77.1126204"/>
 <node id="9873600633" visible="true" version="1" changeset="123342214" timestamp="2022-07-08T04:33:05Z" user="VLD106" uid="9124217" lat="28.6455612" lon="77.1126736"/>
 <node id="9873662574" visible="true" version="2" changeset="146057421" timestamp="2024-01-09T08:53:56Z" user="tusharvalvi" uid="16531141" lat="28.6453920" lon="77.1109216"/>
 <node id="9873662576" visible="true" version="2" changeset="146057421" timestamp="2024-01-09T08:53:56Z" user="tusharvalvi" uid="16531141" lat="28.6460188" lon="77.1120477"/>
 <node id="9873662577" visible="true" version="2" changeset="146057421" timestamp="2024-01-09T08:53:56Z" user="tusharvalvi" uid="16531141" lat="28.6456538" lon="77.1107265"/>
 <node id="9873662578" visible="true" version="2" changeset="146057421" timestamp="2024-01-09T08:53:56Z" user="tusharvalvi" uid="16531141" lat="28.6462994" lon="77.1118364"/>
 <node id="9873662579" visible="true" version="2" changeset="146057421" timestamp="2024-01-09T08:53:56Z" user="tusharvalvi" uid="16531141" lat="28.6459005" lon="77.1121368"/>
 <node id="9873662580" visible="true" version="1" changeset="123343345" timestamp="2022-07-08T05:27:50Z" user="VLD106" uid="9124217" lat="28.6460354" lon="77.1123142"/>
 <node id="9873662581" visible="true" version="1" changeset="123343345" timestamp="2022-07-08T05:27:50Z" user="VLD106" uid="9124217" lat="28.6460858" lon="77.1123960"/>
 <node id="9873662582" visible="true" version="1" changeset="123343345" timestamp="2022-07-08T05:27:50Z" user="VLD106" uid="9124217" lat="28.6461251" lon="77.1124624"/>
 <node id="9873662583" visible="true" version="1" changeset="123343345" timestamp="2022-07-08T05:27:50Z" user="VLD106" uid="9124217" lat="28.6461598" lon="77.1125506"/>
 <node id="9873662584" visible="true" version="1" changeset="123343345" timestamp="2022-07-08T05:27:50Z" user="VLD106" uid="9124217" lat="28.6461923" lon="77.1126413"/>
 <node id="9873662585" visible="true" version="1" changeset="123343345" timestamp="2022-07-08T05:27:50Z" user="VLD106" uid="9124217" lat="28.6462372" lon="77.1128726"/>
 <node id="9873662586" visible="true" version="1" changeset="123343345" timestamp="2022-07-08T05:27:50Z" user="VLD106" uid="9124217" lat="28.6462237" lon="77.1127544"/>
 <node id="9873662587" visible="true" version="1" changeset="123343345" timestamp="2022-07-08T05:27:50Z" user="VLD106" uid="9124217" lat="28.6461718" lon="77.1125841"/>
 <node id="9873662588" visible="true" version="1" changeset="123343345" timestamp="2022-07-08T05:27:50Z" user="VLD106" uid="9124217" lat="28.6464327" lon="77.1124245"/>
 <node id="9873662589" visible="true" version="1" changeset="123343345" timestamp="2022-07-08T05:27:50Z" user="VLD106" uid="9124217" lat="28.6464518" lon="77.1124178"/>
 <node id="9873662590" visible="true" version="1" changeset="123343345" timestamp="2022-07-08T05:27:50Z" user="VLD106" uid="9124217" lat="28.6464669" lon="77.1124232"/>
 <node id="9873662591" visible="true" version="1" changeset="123343345" timestamp="2022-07-08T05:27:50Z" user="VLD106" uid="9124217" lat="28.6464886" lon="77.1124425"/>
 <node id="9873662592" visible="true" version="1" changeset="123343345" timestamp="2022-07-08T05:27:50Z" user="VLD106" uid="9124217" lat="28.6465122" lon="77.1124780"/>
 <node id="9873662593" visible="true" version="1" changeset="123343345" timestamp="2022-07-08T05:27:50Z" user="VLD106" uid="9124217" lat="28.6467618" lon="77.1129336"/>
 <node id="9873662594" visible="true" version="1" changeset="123343345" timestamp="2022-07-08T05:27:50Z" user="VLD106" uid="9124217" lat="28.6460141" lon="77.1122863"/>
 <node id="9873662595" visible="true" version="1" changeset="123343345" timestamp="2022-07-08T05:27:50Z" user="VLD106" uid="9124217" lat="28.6463829" lon="77.1120092"/>
 <node id="9873662596" visible="true" version="1" changeset="123343345" timestamp="2022-07-08T05:27:50Z" user="VLD106" uid="9124217" lat="28.6465186" lon="77.1119233"/>
 <node id="9873662597" visible="true" version="2" changeset="146056988" timestamp="2024-01-09T08:41:24Z" user="tusharvalvi" uid="16531141" lat="28.6465199" lon="77.1105295"/>
 <node id="9873662598" visible="true" version="2" changeset="146056988" timestamp="2024-01-09T08:41:24Z" user="tusharvalvi" uid="16531141" lat="28.6470293" lon="77.1113467"/>
 <node id="9873662599" visible="true" version="1" changeset="123343345" timestamp="2022-07-08T05:27:50Z" user="VLD106" uid="9124217" lat="28.6468070" lon="77.1103109"/>
 <node id="9873662600" visible="true" version="2" changeset="146056988" timestamp="2024-01-09T08:41:24Z" user="tusharvalvi" uid="16531141" lat="28.6472775" lon="77.1111534"/>
 <node id="9873662605" visible="true" version="4" changeset="146056988" timestamp="2024-01-09T08:41:24Z" user="tusharvalvi" uid="16531141" lat="28.6476933" lon="77.1104132"/>
 <node id="9873671117" visible="true" version="1" changeset="123343222" timestamp="2022-07-08T05:21:53Z" user="VLD106" uid="9124217" lat="28.6498724" lon="77.1122390"/>
 <node id="9873671119" visible="true" version="3" changeset="146056988" timestamp="2024-01-09T08:41:24Z" user="tusharvalvi" uid="16531141" lat="28.6497771" lon="77.1123125">
  <tag k="access" v="private"/>
  <tag k="barrier" v="gate"/>
 </node>
 <node id="9873671128" visible="true" version="2" changeset="146057421" timestamp="2024-01-09T08:53:56Z" user="tusharvalvi" uid="16531141" lat="28.6453031" lon="77.1109879"/>
 <node id="9873671603" visible="true" version="1" changeset="123343694" timestamp="2022-07-08T05:40:22Z" user="VLD106" uid="9124217" lat="28.6458629" lon="77.1058767"/>
 <node id="9873671604" visible="true" version="2" changeset="129893744" timestamp="2022-12-09T10:03:43Z" user="ompatekar" uid="16275581" lat="28.6463668" lon="77.1067868"/>
 <node id="9873671605" visible="true" version="1" changeset="123343694" timestamp="2022-07-08T05:40:22Z" user="VLD106" uid="9124217" lat="28.6467772" lon="77.1064781"/>
 <node id="9873671606" visible="true" version="3" changeset="146059357" timestamp="2024-01-09T09:46:19Z" user="tusharvalvi" uid="16531141" lat="28.6471051" lon="77.1062642"/>
 <node id="9873674447" visible="true" version="2" changeset="146057421" timestamp="2024-01-09T08:53:56Z" user="tusharvalvi" uid="16531141" lat="28.6464046" lon="77.1096305"/>
 <node id="9873674448" visible="true" version="2" changeset="146057421" timestamp="2024-01-09T08:53:56Z" user="tusharvalvi" uid="16531141" lat="28.6467219" lon="77.1093916"/>
 <node id="9873674449" visible="true" version="2" changeset="129983911" timestamp="2022-12-12T04:53:40Z" user="Pooja Koul" uid="16283053" lat="28.6470002" lon="77.1098982"/>
 <node id="9873674450" visible="true" version="1" changeset="123343553" timestamp="2022-07-08T05:35:25Z" user="VLD106" uid="9124217" lat="28.6475009" lon="77.1091040"/>
 <node id="9873674451" visible="true" version="1" changeset="123343553" timestamp="2022-07-08T05:35:25Z" user="VLD106" uid="9124217" lat="28.6474992" lon="77.1090893"/>
 <node id="9873674452" visible="true" version="2" changeset="146057421" timestamp="2024-01-09T08:53:56Z" user="tusharvalvi" uid="16531141" lat="28.6475001" lon="77.1090683"/>
 <node id="9873674453" visible="true" version="2" changeset="146057421" timestamp="2024-01-09T08:53:56Z" user="tusharvalvi" uid="16531141" lat="28.6475051" lon="77.1090447"/>
 <node id="9873674454" visible="true" version="2" changeset="146057421" timestamp="2024-01-09T08:53:56Z" user="tusharvalvi" uid="16531141" lat="28.6475289" lon="77.1090219"/>
 <node id="9873674455" visible="true" version="2" changeset="146057421" timestamp="2024-01-09T08:53:56Z" user="tusharvalvi" uid="16531141" lat="28.6480484" lon="77.1086672"/>
 <node id="9873674456" visible="true" version="1" changeset="123343553" timestamp="2022-07-08T05:35:25Z" user="VLD106" uid="9124217" lat="28.6473671" lon="77.1099162"/>
 <node id="9873674458" visible="true" version="1" changeset="123343553" timestamp="2022-07-08T05:35:25Z" user="VLD106" uid="9124217" lat="28.6481208" lon="77.1110644"/>
 <node id="9873674462" visible="true" version="2" changeset="146057421" timestamp="2024-01-09T08:53:56Z" user="tusharvalvi" uid="16531141" lat="28.6471367" lon="77.1092865"/>
 <node id="9873677666" visible="true" version="1" changeset="123343456" timestamp="2022-07-08T05:32:18Z" user="VLD106" uid="9124217" lat="28.6475274" lon="77.1099511"/>
 <node id="9873677667" visible="true" version="1" changeset="123343456" timestamp="2022-07-08T05:32:18Z" user="VLD106" uid="9124217" lat="28.6475517" lon="77.1099631"/>
 <node id="9873677668" visible="true" version="1" changeset="123343456" timestamp="2022-07-08T05:32:18Z" user="VLD106" uid="9124217" lat="28.6475632" lon="77.1099625"/>
 <node id="9873677669" visible="true" version="1" changeset="123343456" timestamp="2022-07-08T05:32:18Z" user="VLD106" uid="9124217" lat="28.6475792" lon="77.1099570"/>
 <node id="9873677670" visible="true" version="1" changeset="123343456" timestamp="2022-07-08T05:32:18Z" user="VLD106" uid="9124217" lat="28.6484788" lon="77.1107781"/>
 <node id="9873677671" visible="true" version="1" changeset="123343456" timestamp="2022-07-08T05:32:18Z" user="VLD106" uid="9124217" lat="28.6484676" lon="77.1107749"/>
 <node id="9873677672" visible="true" version="1" changeset="123343456" timestamp="2022-07-08T05:32:18Z" user="VLD106" uid="9124217" lat="28.6484530" lon="77.1107768"/>
 <node id="9873677673" visible="true" version="1" changeset="123343456" timestamp="2022-07-08T05:32:18Z" user="VLD106" uid="9124217" lat="28.6484413" lon="77.1107838"/>
 <node id="9873677674" visible="true" version="1" changeset="123343456" timestamp="2022-07-08T05:32:18Z" user="VLD106" uid="9124217" lat="28.6480270" lon="77.1111465"/>
 <node id="9873677682" visible="true" version="1" changeset="123343456" timestamp="2022-07-08T05:32:18Z" user="VLD106" uid="9124217" lat="28.6478286" lon="77.1136100"/>
 <node id="9873677684" visible="true" version="1" changeset="123343456" timestamp="2022-07-08T05:32:18Z" user="VLD106" uid="9124217" lat="28.6483533" lon="77.1131881"/>
 <node id="9873677691" visible="true" version="1" changeset="123343456" timestamp="2022-07-08T05:32:18Z" user="VLD106" uid="9124217" lat="28.6470691" lon="77.1132917"/>
 <node id="10248490856" visible="true" version="3" changeset="146059357" timestamp="2024-01-09T09:46:19Z" user="tusharvalvi" uid="16531141" lat="28.6468843" lon="77.1058930"/>
 <node id="10248490857" visible="true" version="3" changeset="146059357" timestamp="2024-01-09T09:46:19Z" user="tusharvalvi" uid="16531141" lat="28.6468022" lon="77.1057550"/>
 <node id="10248542663" visible="true" version="1" changeset="129893744" timestamp="2022-12-09T10:03:43Z" user="ompatekar" uid="16275581" lat="28.6459818" lon="77.1071070"/>
 <node id="10248542664" visible="true" version="2" changeset="146057421" timestamp="2024-01-09T08:53:56Z" user="tusharvalvi" uid="16531141" lat="28.6472584" lon="77.1087142"/>
 <node id="10248542665" visible="true" version="1" changeset="129893744" timestamp="2022-12-09T10:03:43Z" user="ompatekar" uid="16275581" lat="28.6468209" lon="77.1079460"/>
 <node id="10248542666" visible="true" version="1" changeset="129893744" timestamp="2022-12-09T10:03:43Z" user="ompatekar" uid="16275581" lat="28.6467899" lon="77.1079142"/>
 <node id="10248542667" visible="true" version="1" changeset="129893744" timestamp="2022-12-09T10:03:43Z" user="ompatekar" uid="16275581" lat="28.6467588" lon="77.1079053"/>
 <node id="10248542668" visible="true" version="1" changeset="129893744" timestamp="2022-12-09T10:03:43Z" user="ompatekar" uid="16275581" lat="28.6467153" lon="77.1079107"/>
 <node id="10248542669" visible="true" version="1" changeset="129893744" timestamp="2022-12-09T10:03:43Z" user="ompatekar" uid="16275581" lat="28.6466672" lon="77.1079283"/>
 <node id="10248542670" visible="true" version="1" changeset="129893744" timestamp="2022-12-09T10:03:43Z" user="ompatekar" uid="16275581" lat="28.6466330" lon="77.1079531"/>
 <node id="10248542671" visible="true" version="1" changeset="129893744" timestamp="2022-12-09T10:03:43Z" user="ompatekar" uid="16275581" lat="28.6465849" lon="77.1079956"/>
 <node id="10248542672" visible="true" version="2" changeset="146057421" timestamp="2024-01-09T08:53:56Z" user="tusharvalvi" uid="16531141" lat="28.6470936" lon="77.1088352"/>
 <node id="10248542680" visible="true" version="1" changeset="129893744" timestamp="2022-12-09T10:03:43Z" user="ompatekar" uid="16275581" lat="28.6449599" lon="77.1084234"/>
 <node id="10248542696" visible="true" version="1" changeset="129893744" timestamp="2022-12-09T10:03:43Z" user="ompatekar" uid="16275581" lat="28.6461643" lon="77.1078532"/>
 <node id="10248542697" visible="true" version="1" changeset="129893744" timestamp="2022-12-09T10:03:43Z" user="ompatekar" uid="16275581" lat="28.6459829" lon="77.1079344"/>
 <node id="10248542698" visible="true" version="1" changeset="129893744" timestamp="2022-12-09T10:03:43Z" user="ompatekar" uid="16275581" lat="28.6456906" lon="77.1081026"/>
 <node id="10248542699" visible="true" version="1" changeset="129893744" timestamp="2022-12-09T10:03:43Z" user="ompatekar" uid="16275581" lat="28.6452525" lon="77.1083299"/>
 <node id="10248542700" visible="true" version="1" changeset="129893744" timestamp="2022-12-09T10:03:43Z" user="ompatekar" uid="16275581" lat="28.6450848" lon="77.1084112"/>
 <node id="10248542701" visible="true" version="1" changeset="129893744" timestamp="2022-12-09T10:03:43Z" user="ompatekar" uid="16275581" lat="28.6450616" lon="77.1084011"/>
 <node id="10248542702" visible="true" version="1" changeset="129893744" timestamp="2022-12-09T10:03:43Z" user="ompatekar" uid="16275581" lat="28.6450366" lon="77.1083889"/>
 <node id="10248542703" visible="true" version="1" changeset="129893744" timestamp="2022-12-09T10:03:43Z" user="ompatekar" uid="16275581" lat="28.6450063" lon="77.1083929"/>
 <node id="10248542704" visible="true" version="1" changeset="129893744" timestamp="2022-12-09T10:03:43Z" user="ompatekar" uid="16275581" lat="28.6449777" lon="77.1084072"/>
 <node id="10248542705" visible="true" version="1" changeset="129893744" timestamp="2022-12-09T10:03:43Z" user="ompatekar" uid="16275581" lat="28.6456096" lon="77.1075056"/>
 <node id="10248637239" visible="true" version="2" changeset="146057421" timestamp="2024-01-09T08:53:56Z" user="tusharvalvi" uid="16531141" lat="28.6445154" lon="77.1115750"/>
 <node id="10254855927" visible="true" version="1" changeset="129983911" timestamp="2022-12-12T04:53:40Z" user="Pooja Koul" uid="16283053" lat="28.6463811" lon="77.1106332"/>
 <node id="10254855929" visible="true" version="2" changeset="146056988" timestamp="2024-01-09T08:41:24Z" user="tusharvalvi" uid="16531141" lat="28.6468830" lon="77.1114607"/>
 <node id="10254855930" visible="true" version="2" changeset="146057421" timestamp="2024-01-09T08:53:56Z" user="tusharvalvi" uid="16531141" lat="28.6466952" lon="77.1101219"/>
 <node id="10254855931" visible="true" version="1" changeset="129983911" timestamp="2022-12-12T04:53:40Z" user="Pooja Koul" uid="16283053" lat="28.6462817" lon="77.1104402"/>
 <node id="10254855932" visible="true" version="3" changeset="146057421" timestamp="2024-01-09T08:53:56Z" user="tusharvalvi" uid="16531141" lat="28.6460757" lon="77.1106045"/>
 <node id="10254855933" visible="true" version="1" changeset="129983911" timestamp="2022-12-12T04:53:40Z" user="Pooja Koul" uid="16283053" lat="28.6465397" lon="77.1102416"/>
 <node id="10254855934" visible="true" version="2" changeset="146057421" timestamp="2024-01-09T08:53:56Z" user="tusharvalvi" uid="16531141" lat="28.6462517" lon="77.1097456"/>
 <node id="10254855935" visible="true" version="1" changeset="129983911" timestamp="2022-12-12T04:53:40Z" user="Pooja Koul" uid="16283053" lat="28.6463804" lon="77.1103642"/>
 <node id="10254855936" visible="true" version="2" changeset="146057421" timestamp="2024-01-09T08:53:56Z" user="tusharvalvi" uid="16531141" lat="28.6460829" lon="77.1098726"/>
 <node id="10254855937" visible="true" version="2" changeset="146057421" timestamp="2024-01-09T08:53:56Z" user="tusharvalvi" uid="16531141" lat="28.6468616" lon="77.1099999"/>
 <node id="10254855938" visible="true" version="2" changeset="146057421" timestamp="2024-01-09T08:53:56Z" user="tusharvalvi" uid="16531141" lat="28.6465726" lon="77.1095040"/>
 <node id="10254877750" visible="true" version="1" changeset="129984474" timestamp="2022-12-12T05:21:15Z" user="Pooja Koul" uid="16283053" lat="28.6469857" lon="77.1101777"/>
 <node id="10254877752" visible="true" version="2" changeset="146056988" timestamp="2024-01-09T08:41:24Z" user="tusharvalvi" uid="16531141" lat="28.6474677" lon="77.1110052"/>
 <node id="10254877757" visible="true" version="1" changeset="129984474" timestamp="2022-12-12T05:21:15Z" user="Pooja Koul" uid="16283053" lat="28.6475518" lon="77.1146768"/>
 <node id="10254903747" visible="true" version="2" changeset="146057421" timestamp="2024-01-09T08:53:56Z" user="tusharvalvi" uid="16531141" lat="28.6446106" lon="77.1115040"/>
 <node id="10254903748" visible="true" version="2" changeset="146057421" timestamp="2024-01-09T08:53:56Z" user="tusharvalvi" uid="16531141" lat="28.6457658" lon="77.1122383"/>
 <node id="10254903749" visible="true" version="1" changeset="129985784" timestamp="2022-12-12T06:21:31Z" user="Pooja Koul" uid="16283053" lat="28.6459258" lon="77.1124759"/>
 <node id="10254903750" visible="true" version="1" changeset="129985784" timestamp="2022-12-12T06:21:31Z" user="Pooja Koul" uid="16283053" lat="28.6459603" lon="77.1126118"/>
 <node id="10254903751" visible="true" version="1" changeset="129985784" timestamp="2022-12-12T06:21:31Z" user="Pooja Koul" uid="16283053" lat="28.6459497" lon="77.1128586"/>
 <node id="10254950264" visible="true" version="3" changeset="146057421" timestamp="2024-01-09T08:53:56Z" user="tusharvalvi" uid="16531141" lat="28.6460941" lon="77.1106355"/>
 <node id="10254950265" visible="true" version="2" changeset="146057421" timestamp="2024-01-09T08:53:56Z" user="tusharvalvi" uid="16531141" lat="28.6457559" lon="77.1109019"/>
 <node id="10254950266" visible="true" version="2" changeset="147475948" timestamp="2024-02-15T06:31:29Z" user="kunalchhapre" uid="19795114" lat="28.6454859" lon="77.1110903"/>
 <node id="10254950520" visible="true" version="1" changeset="129985277" timestamp="2022-12-12T05:58:33Z" user="Pooja Koul" uid="16283053" lat="28.6448674" lon="77.1115641"/>
 <node id="10254950521" visible="true" version="3" changeset="146057421" timestamp="2024-01-09T08:53:56Z" user="tusharvalvi" uid="16531141" lat="28.6465446" lon="77.1113912"/>
 <node id="10254950522" visible="true" version="2" changeset="146057421" timestamp="2024-01-09T08:53:56Z" user="tusharvalvi" uid="16531141" lat="28.6461932" lon="77.1116539"/>
 <node id="10254950523" visible="true" version="2" changeset="147475948" timestamp="2024-02-15T06:31:29Z" user="kunalchhapre" uid="19795114" lat="28.6459109" lon="77.1118539"/>
 <node id="10254950525" visible="true" version="1" changeset="129985277" timestamp="2022-12-12T05:58:33Z" user="Pooja Koul" uid="16283053" lat="28.6456267" lon="77.1120662"/>
 <node id="10254950526" visible="true" version="2" changeset="146057421" timestamp="2024-01-09T08:53:56Z" user="tusharvalvi" uid="16531141" lat="28.6457401" lon="77.1122576"/>
 <node id="10254950528" visible="true" version="1" changeset="129985277" timestamp="2022-12-12T05:58:33Z" user="Pooja Koul" uid="16283053" lat="28.6452203" lon="77.1121695"/>
 <node id="10254950533" visible="true" version="1" changeset="129985277" timestamp="2022-12-12T05:58:33Z" user="Pooja Koul" uid="16283053" lat="28.6458098" lon="77.1119293"/>
 <node id="10254950534" visible="true" version="1" changeset="129985277" timestamp="2022-12-12T05:58:33Z" user="Pooja Koul" uid="16283053" lat="28.6466985" lon="77.1103930"/>
 <node id="10254950535" visible="true" version="2" changeset="146056988" timestamp="2024-01-09T08:41:24Z" user="tusharvalvi" uid="16531141" lat="28.6471848" lon="77.1112256"/>
 <node id="10254999731" visible="true" version="2" changeset="146057421" timestamp="2024-01-09T08:53:56Z" user="tusharvalvi" uid="16531141" lat="28.6473461" lon="77.1096443"/>
 <node id="10254999732" visible="true" version="2" changeset="146057421" timestamp="2024-01-09T08:53:56Z" user="tusharvalvi" uid="16531141" lat="28.6468900" lon="77.1092651"/>
 <node id="10254999733" visible="true" version="2" changeset="146057421" timestamp="2024-01-09T08:53:56Z" user="tusharvalvi" uid="16531141" lat="28.6471871" lon="77.1097610"/>
 <node id="10255025847" visible="true" version="1" changeset="129987311" timestamp="2022-12-12T07:19:47Z" user="Pooja Koul" uid="16283053" lat="28.6456726" lon="77.1142092"/>
 <node id="10255149599" visible="true" version="3" changeset="146057421" timestamp="2024-01-09T08:53:56Z" user="tusharvalvi" uid="16531141" lat="28.6470438" lon="77.1122286"/>
 <node id="10255149600" visible="true" version="1" changeset="129990184" timestamp="2022-12-12T08:53:29Z" user="Pooja Koul" uid="16283053" lat="28.6465545" lon="77.1125552"/>
 <node id="10255427315" visible="true" version="3" changeset="146057421" timestamp="2024-01-09T08:53:56Z" user="tusharvalvi" uid="16531141" lat="28.6467491" lon="77.1117342"/>
 <node id="10255427316" visible="true" version="1" changeset="129995526" timestamp="2022-12-12T11:33:32Z" user="Pooja Koul" uid="16283053" lat="28.6466464" lon="77.1122842"/>
 <node id="10255427317" visible="true" version="1" changeset="129995526" timestamp="2022-12-12T11:33:32Z" user="Pooja Koul" uid="16283053" lat="28.6464630" lon="77.1119585"/>
 <node id="10255427318" visible="true" version="1" changeset="129995526" timestamp="2022-12-12T11:33:32Z" user="Pooja Koul" uid="16283053" lat="28.6465898" lon="77.1118649"/>
 <node id="10255427319" visible="true" version="1" changeset="129995526" timestamp="2022-12-12T11:33:32Z" user="Pooja Koul" uid="16283053" lat="28.6467866" lon="77.1121709"/>
 <node id="10258431200" visible="true" version="2" changeset="146057421" timestamp="2024-01-09T08:53:56Z" user="tusharvalvi" uid="16531141" lat="28.6461056" lon="77.1119824"/>
 <node id="10258431201" visible="true" version="1" changeset="130019496" timestamp="2022-12-13T04:15:01Z" user="Pooja Koul" uid="16283053" lat="28.6462048" lon="77.1121430"/>
 <node id="10258446571" visible="true" version="1" changeset="130019280" timestamp="2022-12-13T04:00:09Z" user="Pooja Koul" uid="16283053" lat="28.6472944" lon="77.1127030"/>
 <node id="10258446572" visible="true" version="1" changeset="130019280" timestamp="2022-12-13T04:00:09Z" user="Pooja Koul" uid="16283053" lat="28.6475483" lon="77.1131414"/>
 <node id="10258446573" visible="true" version="2" changeset="147515996" timestamp="2024-02-16T05:13:09Z" user="kunalchhapre" uid="19795114" lat="28.6475579" lon="77.1135032"/>
 <node id="11002697228" visible="true" version="3" changeset="146059357" timestamp="2024-01-09T09:46:19Z" user="tusharvalvi" uid="16531141" lat="28.6472415" lon="77.1064937"/>
 <node id="11015213778" visible="true" version="1" changeset="137941269" timestamp="2023-06-30T05:10:18Z" user="jyotikatke" uid="19620700" lat="28.6456574" lon="77.1064932"/>
 <node id="11185571759" visible="true" version="1" changeset="141158777" timestamp="2023-09-12T11:27:21Z" user="nileshdhandak" uid="16638013" lat="28.6472904" lon="77.1106917"/>
 <node id="11185571760" visible="true" version="2" changeset="146056988" timestamp="2024-01-09T08:41:24Z" user="tusharvalvi" uid="16531141" lat="28.6472674" lon="77.1106530">
  <tag k="access" v="private"/>
  <tag k="barrier" v="gate"/>
 </node>
 <node id="11185571761" visible="true" version="2" changeset="146056988" timestamp="2024-01-09T08:41:24Z" user="tusharvalvi" uid="16531141" lat="28.6470118" lon="77.1102218">
  <tag k="access" v="private"/>
  <tag k="barrier" v="gate"/>
 </node>
 <node id="11185582959" visible="true" version="1" changeset="141158866" timestamp="2023-09-12T11:29:48Z" user="nileshdhandak" uid="16638013" lat="28.6476990" lon="77.1134041"/>
 <node id="11185582960" visible="true" version="1" changeset="141158866" timestamp="2023-09-12T11:29:48Z" user="nileshdhandak" uid="16638013" lat="28.6479573" lon="77.1132000"/>
 <node id="11185620720" visible="true" version="2" changeset="146056988" timestamp="2024-01-09T08:41:24Z" user="tusharvalvi" uid="16531141" lat="28.6488751" lon="77.1116545">
  <tag k="access" v="private"/>
  <tag k="barrier" v="gate"/>
 </node>
 <node id="11185620721" visible="true" version="2" changeset="146056988" timestamp="2024-01-09T08:41:24Z" user="tusharvalvi" uid="16531141" lat="28.6482189" lon="77.1121618">
  <tag k="access" v="private"/>
  <tag k="barrier" v="gate"/>
 </node>
 <node id="11185621959" visible="true" version="1" changeset="141159166" timestamp="2023-09-12T11:38:31Z" user="nileshdhandak" uid="16638013" lat="28.6475940" lon="77.1125583">
  <tag k="access" v="private"/>
  <tag k="barrier" v="gate"/>
 </node>
 <node id="11185621960" visible="true" version="1" changeset="141159166" timestamp="2023-09-12T11:38:31Z" user="nileshdhandak" uid="16638013" lat="28.6473293" lon="77.1127632">
  <tag k="access" v="private"/>
  <tag k="barrier" v="gate"/>
 </node>
 <node id="11185621961" visible="true" version="1" changeset="141159166" timestamp="2023-09-12T11:38:31Z" user="nileshdhandak" uid="16638013" lat="28.6472008" lon="77.1128945">
  <tag k="access" v="private"/>
  <tag k="barrier" v="gate"/>
 </node>
 <node id="11185622148" visible="true" version="1" changeset="141159196" timestamp="2023-09-12T11:39:22Z" user="nileshdhandak" uid="16638013" lat="28.6473681" lon="77.1139842">
  <tag k="access" v="private"/>
  <tag k="barrier" v="gate"/>
 </node>
 <node id="11194793556" visible="true" version="1" changeset="141320097" timestamp="2023-09-15T20:57:38Z" user="Oberaffe" uid="56597" lat="28.6475290" lon="77.1070679">
  <tag k="power" v="tower"/>
 </node>
 <node id="11194793557" visible="true" version="1" changeset="141320097" timestamp="2023-09-15T20:57:38Z" user="Oberaffe" uid="56597" lat="28.6480086" lon="77.1078685">
  <tag k="power" v="tower"/>
 </node>
 <node id="11194793558" visible="true" version="1" changeset="141320097" timestamp="2023-09-15T20:57:38Z" user="Oberaffe" uid="56597" lat="28.6487212" lon="77.1082990">
  <tag k="power" v="tower"/>
 </node>
 <node id="11194793559" visible="true" version="1" changeset="141320097" timestamp="2023-09-15T20:57:38Z" user="Oberaffe" uid="56597" lat="28.6497004" lon="77.1075480">
  <tag k="power" v="tower"/>
 </node>
 <node id="11218769614" visible="true" version="1" changeset="141749806" timestamp="2023-09-25T21:57:30Z" user="aaravtuteja" uid="20335658" lat="28.6605866" lon="77.0969649"/>
 <node id="11259456047" visible="true" version="1" changeset="142512649" timestamp="2023-10-13T08:50:42Z" user="iamsaurabhc" uid="19505666" lat="28.6484787" lon="77.1066999"/>
 <node id="11259456048" visible="true" version="3" changeset="146059357" timestamp="2024-01-09T09:46:19Z" user="tusharvalvi" uid="16531141" lat="28.6489146" lon="77.1073478"/>
 <node id="11259456053" visible="true" version="3" changeset="146059357" timestamp="2024-01-09T09:46:19Z" user="tusharvalvi" uid="16531141" lat="28.6477265" lon="77.1073091"/>
 <node id="11282814328" visible="true" version="3" changeset="146059357" timestamp="2024-01-09T09:46:19Z" user="tusharvalvi" uid="16531141" lat="28.6465346" lon="77.1066606"/>
 <node id="11502593156" visible="true" version="2" changeset="146056988" timestamp="2024-01-09T08:41:24Z" user="tusharvalvi" uid="16531141" lat="28.6478707" lon="77.1106834"/>
 <node id="11502593157" visible="true" version="2" changeset="146056988" timestamp="2024-01-09T08:41:24Z" user="tusharvalvi" uid="16531141" lat="28.6488214" lon="77.1099802"/>
 <node id="11502602149" visible="true" version="2" changeset="146056707" timestamp="2024-01-09T08:33:22Z" user="tusharvalvi" uid="16531141" lat="28.6482741" lon="77.1103854"/>
 <node id="11502614964" visible="true" version="1" changeset="146057421" timestamp="2024-01-09T08:53:56Z" user="tusharvalvi" uid="16531141" lat="28.6471749" lon="77.1092644">
  <tag k="access" v="private"/>
  <tag k="barrier" v="gate"/>
 </node>
 <node id="11502614965" visible="true" version="1" changeset="146057421" timestamp="2024-01-09T08:53:56Z" user="tusharvalvi" uid="16531141" lat="28.6478624" lon="77.1083262">
  <tag k="access" v="private"/>
  <tag k="barrier" v="gate"/>
 </node>
 <node id="11502614966" visible="true" version="1" changeset="146057421" timestamp="2024-01-09T08:53:56Z" user="tusharvalvi" uid="16531141" lat="28.6485286" lon="77.1087555">
  <tag k="access" v="private"/>
  <tag k="barrier" v="gate"/>
 </node>
 <node id="11502614967" visible="true" version="1" changeset="146057421" timestamp="2024-01-09T08:53:56Z" user="tusharvalvi" uid="16531141" lat="28.6478389" lon="77.1096981">
  <tag k="access" v="private"/>
  <tag k="barrier" v="gate"/>
 </node>
 <node id="11502622123" visible="true" version="1" changeset="146056988" timestamp="2024-01-09T08:41:24Z" user="tusharvalvi" uid="16531141" lat="28.6489610" lon="77.1108918"/>
 <node id="11502622124" visible="true" version="1" changeset="146056988" timestamp="2024-01-09T08:41:24Z" user="tusharvalvi" uid="16531141" lat="28.6485442" lon="77.1101854"/>
 <node id="11625980636" visible="true" version="1" changeset="147475815" timestamp="2024-02-15T06:26:32Z" user="kunalchhapre" uid="19795114" lat="28.6450728" lon="77.1111596"/>
 <node id="11625995189" visible="true" version="1" changeset="147475948" timestamp="2024-02-15T06:31:29Z" user="kunalchhapre" uid="19795114" lat="28.6454256" lon="77.1109819">
  <tag k="access" v="permissive"/>
  <tag k="barrier" v="gate"/>
 </node>
 <node id="11625995190" visible="true" version="1" changeset="147475948" timestamp="2024-02-15T06:31:29Z" user="kunalchhapre" uid="19795114" lat="28.6459860" lon="77.1119888">
  <tag k="access" v="permissive"/>
  <tag k="barrier" v="gate"/>
 </node>
 <node id="11626012007" visible="true" version="1" changeset="147476018" timestamp="2024-02-15T06:33:54Z" user="kunalchhapre" uid="19795114" lat="28.6462651" lon="77.1117774">
  <tag k="access" v="permissive"/>
  <tag k="barrier" v="gate"/>
 </node>
 <node id="11626044210" visible="true" version="1" changeset="147476786" timestamp="2024-02-15T07:01:17Z" user="kunalchhapre" uid="19795114" lat="28.6458001" lon="77.1122892">
  <tag k="access" v="permissive"/>
  <tag k="barrier" v="gate"/>
 </node>
 <node id="11626044211" visible="true" version="1" changeset="147476786" timestamp="2024-02-15T07:01:17Z" user="kunalchhapre" uid="19795114" lat="28.6459526" lon="77.1127922">
  <tag k="access" v="permissive"/>
  <tag k="barrier" v="gate"/>
 </node>
 <node id="11629373426" visible="true" version="1" changeset="147515902" timestamp="2024-02-16T05:06:09Z" user="kunalchhapre" uid="19795114" lat="28.6479077" lon="77.1152922"/>
 <node id="11629467305" visible="true" version="2" changeset="147516397" timestamp="2024-02-16T05:42:24Z" user="kunalchhapre" uid="19795114" lat="28.6482653" lon="77.1158924"/>
 <node id="11629507646" visible="true" version="1" changeset="147517286" timestamp="2024-02-16T06:35:33Z" user="kunalchhapre" uid="19795114" lat="28.6505739" lon="77.1183772"/>
 <node id="12139233755" visible="true" version="1" changeset="155812995" timestamp="2024-08-27T06:32:39Z" user="jyothik" uid="19574771" lat="28.6492831" lon="77.1065668"/>
 <node id="12139233756" visible="true" version="1" changeset="155812995" timestamp="2024-08-27T06:32:39Z" user="jyothik" uid="19574771" lat="28.6487016" lon="77.1070313"/>
 <way id="189289385" visible="true" version="4" changeset="141749806" timestamp="2023-09-25T21:57:30Z" user="aaravtuteja" uid="20335658">
  <nd ref="1999317956"/>
  <nd ref="1999317955"/>
  <nd ref="1999317952"/>
  <nd ref="1999317950"/>
  <nd ref="1999317948"/>
  <nd ref="1999317947"/>
  <nd ref="1999317957"/>
  <nd ref="1999317964"/>
  <nd ref="1999317970"/>
  <nd ref="11218769614"/>
  <nd ref="1999317971"/>
  <nd ref="1999317974"/>
  <nd ref="1999317972"/>
  <nd ref="1999317976"/>
  <nd ref="1999317975"/>
  <nd ref="1999317973"/>
  <nd ref="1999317969"/>
  <nd ref="1999317962"/>
  <nd ref="1999317954"/>
  <nd ref="1999317946"/>
  <nd ref="1999317938"/>
  <nd ref="1999317934"/>
  <nd ref="1999317932"/>
  <nd ref="1999317931"/>
  <nd ref="1999317920"/>
  <nd ref="11194793559"/>
  <nd ref="11194793558"/>
  <nd ref="11194793557"/>
  <nd ref="11194793556"/>
  <tag k="power" v="line"/>
  <tag k="voltage" v="66000"/>
 </way>
 <way id="221617484" visible="true" version="10" changeset="24328031" timestamp="2014-07-24T10:44:24Z" user="n'garh" uid="600918">
  <nd ref="2306072273"/>
  <nd ref="2306500039"/>
  <nd ref="2306500002"/>
  <nd ref="2708379253"/>
  <nd ref="2507744222"/>
  <nd ref="2306500006"/>
  <nd ref="2306500004"/>
  <tag k="admin_level" v="10"/>
  <tag k="boundary" v="administrative"/>
 </way>
 <way id="243350954" visible="true" version="7" changeset="129995526" timestamp="2022-12-12T11:33:32Z" user="Pooja Koul" uid="16283053">
  <nd ref="2507744206"/>
  <nd ref="10255149599"/>
  <nd ref="6385280610"/>
  <nd ref="10255427315"/>
  <nd ref="6385280597"/>
  <nd ref="6385280612"/>
  <nd ref="10254950521"/>
  <nd ref="6385280596"/>
  <nd ref="10254950264"/>
  <nd ref="10254855932"/>
  <nd ref="2507744229"/>
  <nd ref="2507744200"/>
  <nd ref="2507744215"/>
  <tag k="highway" v="residential"/>
  <tag k="source" v="bing"/>
 </way>
 <way id="243350955" visible="true" version="3" changeset="129986395" timestamp="2022-12-12T06:46:50Z" user="Pooja Koul" uid="16283053">
  <nd ref="2507744223"/>
  <nd ref="10254999731"/>
  <nd ref="9873674462"/>
  <nd ref="2507744220"/>
  <nd ref="2507744234"/>
  <nd ref="2507744190"/>
  <tag k="highway" v="residential"/>
  <tag k="source" v="bing"/>
 </way>
 <way id="243350956" visible="true" version="4" changeset="129986395" timestamp="2022-12-12T06:46:50Z" user="Pooja Koul" uid="16283053">
  <nd ref="2507744220"/>
  <nd ref="10254999732"/>
  <nd ref="9873674448"/>
  <nd ref="10254855938"/>
  <nd ref="9873674447"/>
  <nd ref="10254855934"/>
  <nd ref="10254855936"/>
  <nd ref="2507744200"/>
  <tag k="highway" v="residential"/>
  <tag k="source" v="bing"/>
 </way>
 <way id="243350959" visible="true" version="12" changeset="141159166" timestamp="2023-09-12T11:38:31Z" user="nileshdhandak" uid="16638013">
  <nd ref="6385280601"/>
  <nd ref="2507744206"/>
  <nd ref="10258446571"/>
  <nd ref="2507744196"/>
  <nd ref="2507744246"/>
  <nd ref="9873662593"/>
  <nd ref="2507744198"/>
  <nd ref="2507744192"/>
  <nd ref="10254903751"/>
  <nd ref="2507744204"/>
  <nd ref="2507744242"/>
  <nd ref="9873600633"/>
  <nd ref="9873600632"/>
  <nd ref="2507744191"/>
  <nd ref="6385280613"/>
  <nd ref="2507744219"/>
  <nd ref="10254950528"/>
  <nd ref="10254950520"/>
  <nd ref="2507744236"/>
  <tag k="highway" v="residential"/>
  <tag k="source" v="bing"/>
 </way>
 <way id="243350960" visible="true" version="10" changeset="147475815" timestamp="2024-02-15T06:26:32Z" user="kunalchhapre" uid="19795114">
  <nd ref="2507744229"/>
  <nd ref="9873662577"/>
  <nd ref="9873662574"/>
  <nd ref="9873671128"/>
  <nd ref="11625980636"/>
  <nd ref="6385280618"/>
  <nd ref="2507744236"/>
  <nd ref="10254903747"/>
  <nd ref="10248637239"/>
  <nd ref="6385280615"/>
  <tag k="highway" v="residential"/>
  <tag k="source" v="bing"/>
 </way>
 <way id="243350962" visible="true" version="2" changeset="20999195" timestamp="2014-03-09T07:39:33Z" user="n'garh" uid="600918">
  <nd ref="2507744188"/>
  <nd ref="2507744197"/>
  <nd ref="2507744222"/>
  <nd ref="2708379253"/>
  <nd ref="2306500002"/>
  <nd ref="2507744207"/>
  <nd ref="2507744188"/>
  <tag k="leisure" v="park"/>
 </way>
 <way id="243350963" visible="true" version="13" changeset="172052781" timestamp="2025-09-17T09:05:12Z" user="alivapanda" uid="19505674">
  <nd ref="9871695807"/>
  <nd ref="10248490857"/>
  <nd ref="10248490856"/>
  <nd ref="6395861219"/>
  <nd ref="9873671606"/>
  <nd ref="11002697228"/>
  <nd ref="9729543791"/>
  <nd ref="2955578275"/>
  <nd ref="11259456053"/>
  <nd ref="2955578276"/>
  <nd ref="2955578277"/>
  <nd ref="9726102584"/>
  <nd ref="9726102583"/>
  <nd ref="2920313915"/>
  <tag k="highway" v="residential"/>
  <tag k="name" v="Sant Sujan Singh Marg"/>
  <tag k="source" v="bing"/>
 </way>
 <way id="243350964" visible="true" version="6" changeset="123303571" timestamp="2022-07-07T06:58:53Z" user="VLD106" uid="9124217">
  <nd ref="2507744227"/>
  <nd ref="9868105293"/>
  <nd ref="6395750472"/>
  <nd ref="2507744237"/>
  <nd ref="9868105294"/>
  <nd ref="9868105295"/>
  <nd ref="2507744225"/>
  <nd ref="6395750474"/>
  <nd ref="9871705629"/>
  <nd ref="2507744217"/>
  <nd ref="9871705630"/>
  <nd ref="9871705631"/>
  <nd ref="6395861212"/>
  <nd ref="6395861216"/>
  <nd ref="2955578277"/>
  <tag k="highway" v="residential"/>
  <tag k="source" v="bing"/>
 </way>
 <way id="243351861" visible="true" version="11" changeset="147517286" timestamp="2024-02-16T06:35:33Z" user="kunalchhapre" uid="19795114">
  <nd ref="2507744246"/>
  <nd ref="9873677691"/>
  <nd ref="6385280603"/>
  <nd ref="2507757290"/>
  <nd ref="10254877757"/>
  <nd ref="6385280604"/>
  <nd ref="11629373426"/>
  <nd ref="2507757345"/>
  <nd ref="2507757289"/>
  <nd ref="11629467305"/>
  <nd ref="6395869158"/>
  <nd ref="9659756606"/>
  <nd ref="2507757357"/>
  <nd ref="2507757341"/>
  <nd ref="9659756598"/>
  <nd ref="2507757355"/>
  <nd ref="2507757334"/>
  <nd ref="2507757320"/>
  <nd ref="11629507646"/>
  <nd ref="9873580901"/>
  <nd ref="9873580895"/>
  <nd ref="2507757303"/>
  <tag k="highway" v="residential"/>
  <tag k="source" v="bing"/>
 </way>
 <way id="263927261" visible="true" version="2" changeset="20841285" timestamp="2014-03-01T09:21:59Z" user="n'garh" uid="600918">
  <nd ref="2696109384"/>
  <nd ref="2696109417"/>
  <nd ref="2696125857"/>
  <nd ref="2696048909"/>
  <tag k="admin_level" v="10"/>
  <tag k="boundary" v="administrative"/>
 </way>
 <way id="265166886" visible="true" version="2" changeset="130879013" timestamp="2023-01-04T19:00:51Z" user="user_14062769" uid="14062769">
  <nd ref="2708379210"/>
  <nd ref="2306500006"/>
  <nd ref="2507744222"/>
  <nd ref="2708379253"/>
  <nd ref="2708379218"/>
  <nd ref="2708379210"/>
  <tag k="amenity" v="school"/>
  <tag k="brand" v="Kendriya Vidyalaya"/>
  <tag k="brand:wikidata" v="Q1156653"/>
  <tag k="name" v="Kendriya Vidyalaya"/>
  <tag k="operator:type" v="government_non_profit"/>
 </way>
 <way id="276704969" visible="true" version="1" changeset="21904235" timestamp="2014-04-24T10:13:19Z" user="n'garh" uid="600918">
  <nd ref="2812988536"/>
  <nd ref="2812988533"/>
  <nd ref="2812988534"/>
  <nd ref="2812988535"/>
  <nd ref="2812988537"/>
  <nd ref="2812988538"/>
  <nd ref="2812988540"/>
  <nd ref="2812988541"/>
  <nd ref="2812988539"/>
  <nd ref="2812988536"/>
  <tag k="amenity" v="school"/>
  <tag k="barrier" v="wall"/>
 </way>
 <way id="292045085" visible="true" version="3" changeset="129893744" timestamp="2022-12-09T10:03:43Z" user="ompatekar" uid="16275581">
  <nd ref="2507744234"/>
  <nd ref="10248542672"/>
  <nd ref="10248542664"/>
  <nd ref="7635184029"/>
  <nd ref="2955578276"/>
  <tag k="highway" v="residential"/>
 </way>
 <way id="292045088" visible="true" version="3" changeset="86874482" timestamp="2020-06-19T11:26:40Z" user="Mayank Goel" uid="9510822">
  <nd ref="2955578278"/>
  <nd ref="2955578279"/>
  <nd ref="2955578280"/>
  <nd ref="2955578281"/>
  <nd ref="6397292316"/>
  <nd ref="2955578282"/>
  <nd ref="2955578283"/>
  <nd ref="2955578284"/>
  <nd ref="2955578285"/>
  <nd ref="2955578286"/>
  <nd ref="2955578287"/>
  <nd ref="2955578289"/>
  <nd ref="2812952937"/>
  <tag k="boundary" v="administrative"/>
 </way>
 <way id="292045090" visible="true" version="2" changeset="86874482" timestamp="2020-06-19T11:26:40Z" user="Mayank Goel" uid="9510822">
  <nd ref="2306500004"/>
  <nd ref="2955578272"/>
  <nd ref="2955578271"/>
  <nd ref="2955578270"/>
  <nd ref="2955578269"/>
  <nd ref="2955578273"/>
  <nd ref="2955578274"/>
  <tag k="boundary" v="administrative"/>
 </way>
 <way id="294159461" visible="true" version="1" changeset="24328031" timestamp="2014-07-24T10:44:23Z" user="n'garh" uid="600918">
  <nd ref="2955578278"/>
  <nd ref="2306499993"/>
  <nd ref="2306500001"/>
  <nd ref="2306500005"/>
  <nd ref="2306499999"/>
  <nd ref="2306499996"/>
  <nd ref="2306499998"/>
  <nd ref="2306499997"/>
  <nd ref="2306500003"/>
  <nd ref="2306500010"/>
  <nd ref="2306500007"/>
  <nd ref="2920313907"/>
  <tag k="admin_level" v="10"/>
  <tag k="boundary" v="administrative"/>
 </way>
 <way id="294159470" visible="true" version="1" changeset="24328031" timestamp="2014-07-24T10:44:23Z" user="n'garh" uid="600918">
  <nd ref="2306500004"/>
  <nd ref="2306500000"/>
  <nd ref="2955578278"/>
  <tag k="admin_level" v="10"/>
  <tag k="boundary" v="administrative"/>
 </way>
 <way id="349830305" visible="true" version="2" changeset="141158866" timestamp="2023-09-12T11:29:48Z" user="nileshdhandak" uid="16638013">
  <nd ref="3556229871"/>
  <nd ref="3556229859"/>
  <nd ref="3556229832"/>
  <nd ref="3556229849"/>
  <nd ref="3556229871"/>
 </way>
 <way id="349830327" visible="true" version="1" changeset="31560336" timestamp="2015-05-29T11:46:33Z" user="Narsimulu" uid="2949621">
  <nd ref="3556229815"/>
  <nd ref="3556229778"/>
  <nd ref="3556229737"/>
  <nd ref="3556229770"/>
  <nd ref="3556229815"/>
  <tag k="building" v="yes"/>
 </way>
 <way id="349830338" visible="true" version="1" changeset="31560336" timestamp="2015-05-29T11:46:33Z" user="Narsimulu" uid="2949621">
  <nd ref="3556229844"/>
  <nd ref="3556229873"/>
  <nd ref="3556229863"/>
  <nd ref="3556229834"/>
  <nd ref="3556229844"/>
  <tag k="building" v="yes"/>
 </way>
 <way id="349830381" visible="true" version="1" changeset="31560336" timestamp="2015-05-29T11:46:35Z" user="Narsimulu" uid="2949621">
  <nd ref="3556229821"/>
  <nd ref="3556229828"/>
  <nd ref="3556229800"/>
  <nd ref="3556229791"/>
  <nd ref="3556229821"/>
  <tag k="building" v="yes"/>
 </way>
 <way id="349830385" visible="true" version="1" changeset="31560336" timestamp="2015-05-29T11:46:36Z" user="Narsimulu" uid="2949621">
  <nd ref="3556230084"/>
  <nd ref="3556230062"/>
  <nd ref="3556229991"/>
  <nd ref="3556230007"/>
  <nd ref="3556230084"/>
  <tag k="building" v="yes"/>
 </way>
 <way id="349830396" visible="true" version="1" changeset="31560336" timestamp="2015-05-29T11:46:36Z" user="Narsimulu" uid="2949621">
  <nd ref="3556229769"/>
  <nd ref="3556229797"/>
  <nd ref="3556229742"/>
  <nd ref="3556229724"/>
  <nd ref="3556229769"/>
  <tag k="building" v="yes"/>
 </way>
 <way id="349830397" visible="true" version="1" changeset="31560336" timestamp="2015-05-29T11:46:36Z" user="Narsimulu" uid="2949621">
  <nd ref="3556229967"/>
  <nd ref="3556229978"/>
  <nd ref="3556229920"/>
  <nd ref="3556229907"/>
  <nd ref="3556229967"/>
  <tag k="building" v="yes"/>
 </way>
 <way id="349830413" visible="true" version="1" changeset="31560336" timestamp="2015-05-29T11:46:37Z" user="Narsimulu" uid="2949621">
  <nd ref="3556229921"/>
  <nd ref="3556229942"/>
  <nd ref="3556229892"/>
  <nd ref="3556229867"/>
  <nd ref="3556229921"/>
  <tag k="building" v="yes"/>
 </way>
 <way id="349830446" visible="true" version="1" changeset="31560336" timestamp="2015-05-29T11:46:39Z" user="Narsimulu" uid="2949621">
  <nd ref="3556229817"/>
  <nd ref="3556229784"/>
  <nd ref="3556229771"/>
  <nd ref="3556229809"/>
  <nd ref="3556229817"/>
  <tag k="building" v="yes"/>
 </way>
 <way id="349830458" visible="true" version="1" changeset="31560336" timestamp="2015-05-29T11:46:40Z" user="Narsimulu" uid="2949621">
  <nd ref="3556229668"/>
  <nd ref="3556229688"/>
  <nd ref="3556229671"/>
  <nd ref="3556229650"/>
  <nd ref="3556229668"/>
  <tag k="building" v="yes"/>
 </way>
 <way id="349830465" visible="true" version="1" changeset="31560336" timestamp="2015-05-29T11:46:40Z" user="Narsimulu" uid="2949621">
  <nd ref="3556229685"/>
  <nd ref="3556229703"/>
  <nd ref="3556229682"/>
  <nd ref="3556229672"/>
  <nd ref="3556229685"/>
  <tag k="building" v="yes"/>
 </way>
 <way id="349830477" visible="true" version="1" changeset="31560336" timestamp="2015-05-29T11:46:41Z" user="Narsimulu" uid="2949621">
  <nd ref="3556229727"/>
  <nd ref="3556229744"/>
  <nd ref="3556229722"/>
  <nd ref="3556229711"/>
  <nd ref="3556229727"/>
  <tag k="building" v="yes"/>
 </way>
 <way id="349830501" visible="true" version="1" changeset="31560336" timestamp="2015-05-29T11:46:42Z" user="Narsimulu" uid="2949621">
  <nd ref="3556230009"/>
  <nd ref="3556229994"/>
  <nd ref="3556229951"/>
  <nd ref="3556229963"/>
  <nd ref="3556230009"/>
  <tag k="building" v="yes"/>
 </way>
 <way id="349830506" visible="true" version="1" changeset="31560336" timestamp="2015-05-29T11:46:42Z" user="Narsimulu" uid="2949621">
  <nd ref="3556229745"/>
  <nd ref="3556229716"/>
  <nd ref="3556229708"/>
  <nd ref="3556229736"/>
  <nd ref="3556229745"/>
  <tag k="building" v="yes"/>
 </way>
 <way id="349830530" visible="true" version="2" changeset="141158866" timestamp="2023-09-12T11:29:48Z" user="nileshdhandak" uid="16638013">
  <nd ref="3556229846"/>
  <nd ref="3556229827"/>
  <nd ref="3556229785"/>
  <nd ref="3556229816"/>
  <nd ref="3556229846"/>
 </way>
 <way id="349830538" visible="true" version="1" changeset="31560336" timestamp="2015-05-29T11:46:45Z" user="Narsimulu" uid="2949621">
  <nd ref="3556230044"/>
  <nd ref="3556230051"/>
  <nd ref="3556230023"/>
  <nd ref="3556230012"/>
  <nd ref="3556230044"/>
  <tag k="building" v="yes"/>
 </way>
 <way id="349830545" visible="true" version="1" changeset="31560336" timestamp="2015-05-29T11:46:45Z" user="Narsimulu" uid="2949621">
  <nd ref="3556229764"/>
  <nd ref="3556229740"/>
  <nd ref="3556229725"/>
  <nd ref="3556229749"/>
  <nd ref="3556229764"/>
  <tag k="building" v="yes"/>
 </way>
 <way id="349830546" visible="true" version="1" changeset="31560336" timestamp="2015-05-29T11:46:45Z" user="Narsimulu" uid="2949621">
  <nd ref="3556229888"/>
  <nd ref="3556229904"/>
  <nd ref="3556229890"/>
  <nd ref="3556229868"/>
  <nd ref="3556229888"/>
  <tag k="building" v="yes"/>
 </way>
 <way id="349830597" visible="true" version="1" changeset="31560336" timestamp="2015-05-29T11:46:48Z" user="Narsimulu" uid="2949621">
  <nd ref="3556229807"/>
  <nd ref="3556229766"/>
  <nd ref="3556229758"/>
  <nd ref="3556229799"/>
  <nd ref="3556229807"/>
  <tag k="building" v="yes"/>
 </way>
 <way id="349830600" visible="true" version="1" changeset="31560336" timestamp="2015-05-29T11:46:48Z" user="Narsimulu" uid="2949621">
  <nd ref="3556229730"/>
  <nd ref="3556229705"/>
  <nd ref="3556229687"/>
  <nd ref="3556229712"/>
  <nd ref="3556229730"/>
  <tag k="building" v="yes"/>
 </way>
 <way id="349830606" visible="true" version="1" changeset="31560336" timestamp="2015-05-29T11:46:49Z" user="Narsimulu" uid="2949621">
  <nd ref="3556229704"/>
  <nd ref="3556229755"/>
  <nd ref="3556229729"/>
  <nd ref="3556229710"/>
  <nd ref="3556229675"/>
  <nd ref="3556229704"/>
  <tag k="building" v="yes"/>
 </way>
 <way id="349984923" visible="true" version="1" changeset="31577387" timestamp="2015-05-30T05:52:11Z" user="Narsimulu" uid="2949621">
  <nd ref="3557566720"/>
  <nd ref="3557566736"/>
  <nd ref="3557566694"/>
  <nd ref="3557566575"/>
  <nd ref="3557566720"/>
  <tag k="building" v="yes"/>
 </way>
 <way id="349984924" visible="true" version="1" changeset="31577387" timestamp="2015-05-30T05:52:11Z" user="Narsimulu" uid="2949621">
  <nd ref="3557568503"/>
  <nd ref="3557568463"/>
  <nd ref="3557568438"/>
  <nd ref="3557568474"/>
  <nd ref="3557568503"/>
  <tag k="building" v="yes"/>
 </way>
 <way id="349984925" visible="true" version="1" changeset="31577387" timestamp="2015-05-30T05:52:11Z" user="Narsimulu" uid="2949621">
  <nd ref="3557567963"/>
  <nd ref="3557567890"/>
  <nd ref="3557567869"/>
  <nd ref="3557567941"/>
  <nd ref="3557567963"/>
  <tag k="building" v="yes"/>
 </way>
 <way id="349984928" visible="true" version="1" changeset="31577387" timestamp="2015-05-30T05:52:11Z" user="Narsimulu" uid="2949621">
  <nd ref="3557568482"/>
  <nd ref="3557568432"/>
  <nd ref="3557568415"/>
  <nd ref="3557568462"/>
  <nd ref="3557568482"/>
  <tag k="building" v="yes"/>
 </way>
 <way id="349984929" visible="true" version="1" changeset="31577387" timestamp="2015-05-30T05:52:11Z" user="Narsimulu" uid="2949621">
  <nd ref="3557567078"/>
  <nd ref="3557567193"/>
  <nd ref="3557567041"/>
  <nd ref="3557567027"/>
  <nd ref="3557567078"/>
  <tag k="building" v="yes"/>
 </way>
 <way id="349984930" visible="true" version="1" changeset="31577387" timestamp="2015-05-30T05:52:11Z" user="Narsimulu" uid="2949621">
  <nd ref="3557567595"/>
  <nd ref="3557567443"/>
  <nd ref="3557567431"/>
  <nd ref="3557567485"/>
  <nd ref="3557567595"/>
  <tag k="building" v="yes"/>
 </way>
 <way id="349984931" visible="true" version="1" changeset="31577387" timestamp="2015-05-30T05:52:11Z" user="Narsimulu" uid="2949621">
  <nd ref="3557567238"/>
  <nd ref="3557567269"/>
  <nd ref="3557567243"/>
  <nd ref="3557567204"/>
  <nd ref="3557567238"/>
  <tag k="building" v="yes"/>
 </way>
 <way id="349984932" visible="true" version="1" changeset="31577387" timestamp="2015-05-30T05:52:11Z" user="Narsimulu" uid="2949621">
  <nd ref="3557567223"/>
  <nd ref="3557567073"/>
  <nd ref="3557567049"/>
  <nd ref="3557567196"/>
  <nd ref="3557567223"/>
  <tag k="building" v="yes"/>
 </way>
 <way id="349984933" visible="true" version="1" changeset="31577387" timestamp="2015-05-30T05:52:11Z" user="Narsimulu" uid="2949621">
  <nd ref="3557566548"/>
  <nd ref="3557566570"/>
  <nd ref="3557566554"/>
  <nd ref="3557566534"/>
  <nd ref="3557566548"/>
  <tag k="building" v="yes"/>
 </way>
 <way id="349984934" visible="true" version="1" changeset="31577387" timestamp="2015-05-30T05:52:11Z" user="Narsimulu" uid="2949621">
  <nd ref="3557568496"/>
  <nd ref="3557568453"/>
  <nd ref="3557568433"/>
  <nd ref="3557568487"/>
  <nd ref="3557568496"/>
  <tag k="building" v="yes"/>
 </way>
 <way id="349984936" visible="true" version="1" changeset="31577387" timestamp="2015-05-30T05:52:11Z" user="Narsimulu" uid="2949621">
  <nd ref="3557559178"/>
  <nd ref="3557559186"/>
  <nd ref="3557559176"/>
  <nd ref="3557559175"/>
  <nd ref="3557559178"/>
  <tag k="building" v="yes"/>
 </way>
 <way id="349984937" visible="true" version="1" changeset="31577387" timestamp="2015-05-30T05:52:11Z" user="Narsimulu" uid="2949621">
  <nd ref="3557567008"/>
  <nd ref="3557567037"/>
  <nd ref="3557566993"/>
  <nd ref="3557566969"/>
  <nd ref="3557567008"/>
  <tag k="building" v="yes"/>
 </way>
 <way id="349984940" visible="true" version="1" changeset="31577387" timestamp="2015-05-30T05:52:12Z" user="Narsimulu" uid="2949621">
  <nd ref="3557568284"/>
  <nd ref="3557568341"/>
  <nd ref="3557568305"/>
  <nd ref="3557568242"/>
  <nd ref="3557568284"/>
  <tag k="building" v="yes"/>
 </way>
 <way id="349984941" visible="true" version="1" changeset="31577387" timestamp="2015-05-30T05:52:12Z" user="Narsimulu" uid="2949621">
  <nd ref="3557567268"/>
  <nd ref="3557567291"/>
  <nd ref="3557567423"/>
  <nd ref="3557567408"/>
  <nd ref="3557567268"/>
  <tag k="building" v="yes"/>
 </way>
 <way id="349984944" visible="true" version="1" changeset="31577387" timestamp="2015-05-30T05:52:12Z" user="Narsimulu" uid="2949621">
  <nd ref="3557568027"/>
  <nd ref="3557567976"/>
  <nd ref="3557567927"/>
  <nd ref="3557567966"/>
  <nd ref="3557568027"/>
  <tag k="building" v="yes"/>
 </way>
 <way id="349984945" visible="true" version="1" changeset="31577387" timestamp="2015-05-30T05:52:12Z" user="Narsimulu" uid="2949621">
  <nd ref="3557568145"/>
  <nd ref="3557568211"/>
  <nd ref="3557568186"/>
  <nd ref="3557568123"/>
  <nd ref="3557568145"/>
  <tag k="building" v="yes"/>
 </way>
 <way id="349984946" visible="true" version="1" changeset="31577387" timestamp="2015-05-30T05:52:12Z" user="Narsimulu" uid="2949621">
  <nd ref="3557567474"/>
  <nd ref="3557567603"/>
  <nd ref="3557567593"/>
  <nd ref="3557567463"/>
  <nd ref="3557567474"/>
  <tag k="building" v="yes"/>
 </way>
 <way id="349984951" visible="true" version="1" changeset="31577387" timestamp="2015-05-30T05:52:12Z" user="Narsimulu" uid="2949621">
  <nd ref="3557568402"/>
  <nd ref="3557568337"/>
  <nd ref="3557568303"/>
  <nd ref="3557568378"/>
  <nd ref="3557568402"/>
  <tag k="building" v="yes"/>
 </way>
 <way id="349984953" visible="true" version="1" changeset="31577387" timestamp="2015-05-30T05:52:12Z" user="Narsimulu" uid="2949621">
  <nd ref="3557568094"/>
  <nd ref="3557568157"/>
  <nd ref="3557568095"/>
  <nd ref="3557568043"/>
  <nd ref="3557568094"/>
  <tag k="building" v="yes"/>
 </way>
 <way id="349984955" visible="true" version="1" changeset="31577387" timestamp="2015-05-30T05:52:12Z" user="Narsimulu" uid="2949621">
  <nd ref="3557568146"/>
  <nd ref="3557568217"/>
  <nd ref="3557568111"/>
  <nd ref="3557568056"/>
  <nd ref="3557568146"/>
  <tag k="building" v="yes"/>
 </way>
 <way id="349984957" visible="true" version="1" changeset="31577387" timestamp="2015-05-30T05:52:13Z" user="Narsimulu" uid="2949621">
  <nd ref="3557567800"/>
  <nd ref="3557567638"/>
  <nd ref="3557567623"/>
  <nd ref="3557567682"/>
  <nd ref="3557567800"/>
  <tag k="building" v="yes"/>
 </way>
 <way id="349984958" visible="true" version="1" changeset="31577387" timestamp="2015-05-30T05:52:13Z" user="Narsimulu" uid="2949621">
  <nd ref="3557566981"/>
  <nd ref="3557567006"/>
  <nd ref="3557566958"/>
  <nd ref="3557566938"/>
  <nd ref="3557566981"/>
  <tag k="building" v="yes"/>
 </way>
 <way id="349984960" visible="true" version="1" changeset="31577387" timestamp="2015-05-30T05:52:13Z" user="Narsimulu" uid="2949621">
  <nd ref="3557568190"/>
  <nd ref="3557568252"/>
  <nd ref="3557568201"/>
  <nd ref="3557568139"/>
  <nd ref="3557568190"/>
  <tag k="building" v="yes"/>
 </way>
 <way id="349984961" visible="true" version="1" changeset="31577387" timestamp="2015-05-30T05:52:13Z" user="Narsimulu" uid="2949621">
  <nd ref="3557567897"/>
  <nd ref="3557567834"/>
  <nd ref="3557567808"/>
  <nd ref="3557567870"/>
  <nd ref="3557567897"/>
  <tag k="building" v="yes"/>
 </way>
 <way id="349984962" visible="true" version="1" changeset="31577387" timestamp="2015-05-30T05:52:13Z" user="Narsimulu" uid="2949621">
  <nd ref="3557567055"/>
  <nd ref="3557567198"/>
  <nd ref="3557567072"/>
  <nd ref="3557567026"/>
  <nd ref="3557567055"/>
  <tag k="building" v="yes"/>
 </way>
 <way id="349984965" visible="true" version="1" changeset="31577387" timestamp="2015-05-30T05:52:13Z" user="Narsimulu" uid="2949621">
  <nd ref="3557568436"/>
  <nd ref="3557568375"/>
  <nd ref="3557568323"/>
  <nd ref="3557568391"/>
  <nd ref="3557568436"/>
  <tag k="building" v="yes"/>
 </way>
 <way id="349984966" visible="true" version="1" changeset="31577387" timestamp="2015-05-30T05:52:13Z" user="Narsimulu" uid="2949621">
  <nd ref="3557567063"/>
  <nd ref="3557567020"/>
  <nd ref="3557566992"/>
  <nd ref="3557567038"/>
  <nd ref="3557567063"/>
  <tag k="building" v="yes"/>
 </way>
 <way id="349984967" visible="true" version="1" changeset="31577387" timestamp="2015-05-30T05:52:13Z" user="Narsimulu" uid="2949621">
  <nd ref="3557567643"/>
  <nd ref="3557567476"/>
  <nd ref="3557567449"/>
  <nd ref="3557567608"/>
  <nd ref="3557567643"/>
  <tag k="building" v="yes"/>
 </way>
 <way id="349984968" visible="true" version="1" changeset="31577387" timestamp="2015-05-30T05:52:13Z" user="Narsimulu" uid="2949621">
  <nd ref="3557567908"/>
  <nd ref="3557567945"/>
  <nd ref="3557567865"/>
  <nd ref="3557567836"/>
  <nd ref="3557567908"/>
  <tag k="building" v="yes"/>
 </way>
 <way id="349984969" visible="true" version="1" changeset="31577387" timestamp="2015-05-30T05:52:13Z" user="Narsimulu" uid="2949621">
  <nd ref="3557566748"/>
  <nd ref="3557566709"/>
  <nd ref="3557566697"/>
  <nd ref="3557566733"/>
  <nd ref="3557566748"/>
  <tag k="building" v="yes"/>
 </way>
 <way id="349984970" visible="true" version="1" changeset="31577387" timestamp="2015-05-30T05:52:13Z" user="Narsimulu" uid="2949621">
  <nd ref="3557566789"/>
  <nd ref="3557566906"/>
  <nd ref="3557566768"/>
  <nd ref="3557566754"/>
  <nd ref="3557566789"/>
  <tag k="building" v="yes"/>
 </way>
 <way id="349984972" visible="true" version="1" changeset="31577387" timestamp="2015-05-30T05:52:13Z" user="Narsimulu" uid="2949621">
  <nd ref="3557568195"/>
  <nd ref="3557568258"/>
  <nd ref="3557568142"/>
  <nd ref="3557568088"/>
  <nd ref="3557568195"/>
  <tag k="building" v="yes"/>
 </way>
 <way id="349984974" visible="true" version="1" changeset="31577387" timestamp="2015-05-30T05:52:13Z" user="Narsimulu" uid="2949621">
  <nd ref="3557566717"/>
  <nd ref="3557566574"/>
  <nd ref="3557566565"/>
  <nd ref="3557566703"/>
  <nd ref="3557566717"/>
  <tag k="building" v="yes"/>
 </way>
 <way id="349984976" visible="true" version="1" changeset="31577387" timestamp="2015-05-30T05:52:13Z" user="Narsimulu" uid="2949621">
  <nd ref="3557568031"/>
  <nd ref="3557568085"/>
  <nd ref="3557568030"/>
  <nd ref="3557567978"/>
  <nd ref="3557568031"/>
  <tag k="building" v="yes"/>
 </way>
 <way id="349984977" visible="true" version="1" changeset="31577387" timestamp="2015-05-30T05:52:13Z" user="Narsimulu" uid="2949621">
  <nd ref="3557568149"/>
  <nd ref="3557568224"/>
  <nd ref="3557568125"/>
  <nd ref="3557568058"/>
  <nd ref="3557568149"/>
  <tag k="building" v="yes"/>
 </way>
 <way id="349984979" visible="true" version="1" changeset="31577387" timestamp="2015-05-30T05:52:14Z" user="Narsimulu" uid="2949621">
  <nd ref="3557566949"/>
  <nd ref="3557566989"/>
  <nd ref="3557566966"/>
  <nd ref="3557566927"/>
  <nd ref="3557566949"/>
  <tag k="building" v="yes"/>
 </way>
 <way id="349984982" visible="true" version="1" changeset="31577387" timestamp="2015-05-30T05:52:14Z" user="Narsimulu" uid="2949621">
  <nd ref="3557568099"/>
  <nd ref="3557568165"/>
  <nd ref="3557568101"/>
  <nd ref="3557568048"/>
  <nd ref="3557568099"/>
  <tag k="building" v="yes"/>
 </way>
 <way id="349984984" visible="true" version="1" changeset="31577387" timestamp="2015-05-30T05:52:14Z" user="Narsimulu" uid="2949621">
  <nd ref="3557568220"/>
  <nd ref="3557568286"/>
  <nd ref="3557568230"/>
  <nd ref="3557568156"/>
  <nd ref="3557568220"/>
  <tag k="building" v="yes"/>
 </way>
 <way id="349984985" visible="true" version="1" changeset="31577387" timestamp="2015-05-30T05:52:14Z" user="Narsimulu" uid="2949621">
  <nd ref="3557567677"/>
  <nd ref="3557567824"/>
  <nd ref="3557567664"/>
  <nd ref="3557567612"/>
  <nd ref="3557567677"/>
  <tag k="building" v="yes"/>
 </way>
 <way id="349984986" visible="true" version="1" changeset="31577387" timestamp="2015-05-30T05:52:14Z" user="Narsimulu" uid="2949621">
  <nd ref="3557568530"/>
  <nd ref="3557568538"/>
  <nd ref="3557568513"/>
  <nd ref="3557568493"/>
  <nd ref="3557568530"/>
  <tag k="building" v="yes"/>
 </way>
 <way id="349984987" visible="true" version="1" changeset="31577387" timestamp="2015-05-30T05:52:14Z" user="Narsimulu" uid="2949621">
  <nd ref="3557568185"/>
  <nd ref="3557568250"/>
  <nd ref="3557568215"/>
  <nd ref="3557568150"/>
  <nd ref="3557568185"/>
  <tag k="building" v="yes"/>
 </way>
 <way id="349984988" visible="true" version="1" changeset="31577387" timestamp="2015-05-30T05:52:14Z" user="Narsimulu" uid="2949621">
  <nd ref="3557566536"/>
  <nd ref="3557566544"/>
  <nd ref="3557566523"/>
  <nd ref="3557566518"/>
  <nd ref="3557566536"/>
  <tag k="building" v="yes"/>
 </way>
 <way id="349984990" visible="true" version="1" changeset="31577387" timestamp="2015-05-30T05:52:14Z" user="Narsimulu" uid="2949621">
  <nd ref="3557567859"/>
  <nd ref="3557567899"/>
  <nd ref="3557567873"/>
  <nd ref="3557567828"/>
  <nd ref="3557567859"/>
  <tag k="building" v="yes"/>
 </way>
 <way id="349984991" visible="true" version="1" changeset="31577387" timestamp="2015-05-30T05:52:14Z" user="Narsimulu" uid="2949621">
  <nd ref="3557568468"/>
  <nd ref="3557568414"/>
  <nd ref="3557568382"/>
  <nd ref="3557568447"/>
  <nd ref="3557568468"/>
  <tag k="building" v="yes"/>
 </way>
 <way id="349984992" visible="true" version="1" changeset="31577387" timestamp="2015-05-30T05:52:14Z" user="Narsimulu" uid="2949621">
  <nd ref="3557567195"/>
  <nd ref="3557567046"/>
  <nd ref="3557567003"/>
  <nd ref="3557567054"/>
  <nd ref="3557567195"/>
  <tag k="building" v="yes"/>
 </way>
 <way id="349984994" visible="true" version="1" changeset="31577387" timestamp="2015-05-30T05:52:14Z" user="Narsimulu" uid="2949621">
  <nd ref="3557566573"/>
  <nd ref="3557566590"/>
  <nd ref="3557566550"/>
  <nd ref="3557566541"/>
  <nd ref="3557566573"/>
  <tag k="building" v="yes"/>
 </way>
 <way id="349984995" visible="true" version="1" changeset="31577387" timestamp="2015-05-30T05:52:14Z" user="Narsimulu" uid="2949621">
  <nd ref="3557559179"/>
  <nd ref="3557559183"/>
  <nd ref="3557559180"/>
  <nd ref="3557559177"/>
  <nd ref="3557559179"/>
  <tag k="building" v="yes"/>
 </way>
 <way id="349984996" visible="true" version="1" changeset="31577387" timestamp="2015-05-30T05:52:14Z" user="Narsimulu" uid="2949621">
  <nd ref="3557566923"/>
  <nd ref="3557566782"/>
  <nd ref="3557566769"/>
  <nd ref="3557566909"/>
  <nd ref="3557566923"/>
  <tag k="building" v="yes"/>
 </way>
 <way id="349984997" visible="true" version="1" changeset="31577387" timestamp="2015-05-30T05:52:14Z" user="Narsimulu" uid="2949621">
  <nd ref="3557568236"/>
  <nd ref="3557568300"/>
  <nd ref="3557568251"/>
  <nd ref="3557568180"/>
  <nd ref="3557568236"/>
  <tag k="building" v="yes"/>
 </way>
 <way id="349984998" visible="true" version="1" changeset="31577387" timestamp="2015-05-30T05:52:14Z" user="Narsimulu" uid="2949621">
  <nd ref="3557568097"/>
  <nd ref="3557568144"/>
  <nd ref="3557568054"/>
  <nd ref="3557568013"/>
  <nd ref="3557568097"/>
  <tag k="building" v="yes"/>
 </way>
 <way id="349985000" visible="true" version="1" changeset="31577387" timestamp="2015-05-30T05:52:14Z" user="Narsimulu" uid="2949621">
  <nd ref="3557567275"/>
  <nd ref="3557567216"/>
  <nd ref="3557567200"/>
  <nd ref="3557567258"/>
  <nd ref="3557567275"/>
  <tag k="building" v="yes"/>
 </way>
 <way id="349985001" visible="true" version="1" changeset="31577387" timestamp="2015-05-30T05:52:15Z" user="Narsimulu" uid="2949621">
  <nd ref="3557566549"/>
  <nd ref="3557566587"/>
  <nd ref="3557566698"/>
  <nd ref="3557566561"/>
  <nd ref="3557566549"/>
  <tag k="building" v="yes"/>
 </way>
 <way id="349985002" visible="true" version="1" changeset="31577387" timestamp="2015-05-30T05:52:15Z" user="Narsimulu" uid="2949621">
  <nd ref="3557567903"/>
  <nd ref="3557567838"/>
  <nd ref="3557567821"/>
  <nd ref="3557567885"/>
  <nd ref="3557567903"/>
  <tag k="building" v="yes"/>
 </way>
 <way id="349985003" visible="true" version="1" changeset="31577387" timestamp="2015-05-30T05:52:15Z" user="Narsimulu" uid="2949621">
  <nd ref="3557567973"/>
  <nd ref="3557567912"/>
  <nd ref="3557567880"/>
  <nd ref="3557567939"/>
  <nd ref="3557567973"/>
  <tag k="building" v="yes"/>
 </way>
 <way id="349985004" visible="true" version="1" changeset="31577387" timestamp="2015-05-30T05:52:15Z" user="Narsimulu" uid="2949621">
  <nd ref="3557566525"/>
  <nd ref="3557566546"/>
  <nd ref="3557566558"/>
  <nd ref="3557566528"/>
  <nd ref="3557566525"/>
  <tag k="building" v="yes"/>
 </way>
 <way id="349985005" visible="true" version="1" changeset="31577387" timestamp="2015-05-30T05:52:15Z" user="Narsimulu" uid="2949621">
  <nd ref="3557567023"/>
  <nd ref="3557567048"/>
  <nd ref="3557566991"/>
  <nd ref="3557566976"/>
  <nd ref="3557567023"/>
  <tag k="building" v="yes"/>
 </way>
 <way id="349985006" visible="true" version="1" changeset="31577387" timestamp="2015-05-30T05:52:15Z" user="Narsimulu" uid="2949621">
  <nd ref="3557567619"/>
  <nd ref="3557567658"/>
  <nd ref="3557567596"/>
  <nd ref="3557567466"/>
  <nd ref="3557567619"/>
  <tag k="building" v="yes"/>
 </way>
 <way id="349985007" visible="true" version="1" changeset="31577387" timestamp="2015-05-30T05:52:15Z" user="Narsimulu" uid="2949621">
  <nd ref="3557568158"/>
  <nd ref="3557568227"/>
  <nd ref="3557568172"/>
  <nd ref="3557568105"/>
  <nd ref="3557568158"/>
  <tag k="building" v="yes"/>
 </way>
 <way id="349985008" visible="true" version="1" changeset="31577387" timestamp="2015-05-30T05:52:15Z" user="Narsimulu" uid="2949621">
  <nd ref="3557566588"/>
  <nd ref="3557566545"/>
  <nd ref="3557566537"/>
  <nd ref="3557566576"/>
  <nd ref="3557566588"/>
  <tag k="building" v="yes"/>
 </way>
 <way id="349985009" visible="true" version="1" changeset="31577387" timestamp="2015-05-30T05:52:15Z" user="Narsimulu" uid="2949621">
  <nd ref="3557567689"/>
  <nd ref="3557567825"/>
  <nd ref="3557567667"/>
  <nd ref="3557567630"/>
  <nd ref="3557567689"/>
  <tag k="building" v="yes"/>
 </way>
 <way id="349985010" visible="true" version="1" changeset="31577387" timestamp="2015-05-30T05:52:15Z" user="Narsimulu" uid="2949621">
  <nd ref="3557567690"/>
  <nd ref="3557567848"/>
  <nd ref="3557567906"/>
  <nd ref="3557567841"/>
  <nd ref="3557567690"/>
  <tag k="building" v="yes"/>
 </way>
 <way id="349985013" visible="true" version="1" changeset="31577387" timestamp="2015-05-30T05:52:15Z" user="Narsimulu" uid="2949621">
  <nd ref="3557567242"/>
  <nd ref="3557567274"/>
  <nd ref="3557567227"/>
  <nd ref="3557567089"/>
  <nd ref="3557567242"/>
  <tag k="building" v="yes"/>
 </way>
 <way id="349985014" visible="true" version="1" changeset="31577387" timestamp="2015-05-30T05:52:15Z" user="Narsimulu" uid="2949621">
  <nd ref="3557567820"/>
  <nd ref="3557567843"/>
  <nd ref="3557567688"/>
  <nd ref="3557567668"/>
  <nd ref="3557567820"/>
  <tag k="building" v="yes"/>
 </way>
 <way id="349985016" visible="true" version="1" changeset="31577387" timestamp="2015-05-30T05:52:15Z" user="Narsimulu" uid="2949621">
  <nd ref="3557567079"/>
  <nd ref="3557567214"/>
  <nd ref="3557567070"/>
  <nd ref="3557567032"/>
  <nd ref="3557567079"/>
  <tag k="building" v="yes"/>
 </way>
 <way id="349985018" visible="true" version="1" changeset="31577387" timestamp="2015-05-30T05:52:15Z" user="Narsimulu" uid="2949621">
  <nd ref="3557567201"/>
  <nd ref="3557567212"/>
  <nd ref="3557567058"/>
  <nd ref="3557567047"/>
  <nd ref="3557567201"/>
  <tag k="building" v="yes"/>
 </way>
 <way id="349985019" visible="true" version="1" changeset="31577387" timestamp="2015-05-30T05:52:15Z" user="Narsimulu" uid="2949621">
  <nd ref="3557567241"/>
  <nd ref="3557567281"/>
  <nd ref="3557567260"/>
  <nd ref="3557567222"/>
  <nd ref="3557567241"/>
  <tag k="building" v="yes"/>
 </way>
 <way id="349985020" visible="true" version="1" changeset="31577387" timestamp="2015-05-30T05:52:15Z" user="Narsimulu" uid="2949621">
  <nd ref="3557567801"/>
  <nd ref="3557567818"/>
  <nd ref="3557567652"/>
  <nd ref="3557567632"/>
  <nd ref="3557567801"/>
  <tag k="building" v="yes"/>
 </way>
 <way id="349985021" visible="true" version="1" changeset="31577387" timestamp="2015-05-30T05:52:15Z" user="Narsimulu" uid="2949621">
  <nd ref="3557568380"/>
  <nd ref="3557568422"/>
  <nd ref="3557568355"/>
  <nd ref="3557568301"/>
  <nd ref="3557568380"/>
  <tag k="building" v="yes"/>
 </way>
 <way id="349985022" visible="true" version="1" changeset="31577387" timestamp="2015-05-30T05:52:15Z" user="Narsimulu" uid="2949621">
  <nd ref="3557567650"/>
  <nd ref="3557567793"/>
  <nd ref="3557567675"/>
  <nd ref="3557567637"/>
  <nd ref="3557567650"/>
  <tag k="building" v="yes"/>
 </way>
 <way id="349985023" visible="true" version="1" changeset="31577387" timestamp="2015-05-30T05:52:16Z" user="Narsimulu" uid="2949621">
  <nd ref="3557567075"/>
  <nd ref="3557567213"/>
  <nd ref="3557567068"/>
  <nd ref="3557567024"/>
  <nd ref="3557567075"/>
  <tag k="building" v="yes"/>
 </way>
 <way id="349985024" visible="true" version="1" changeset="31577387" timestamp="2015-05-30T05:52:16Z" user="Narsimulu" uid="2949621">
  <nd ref="3557568057"/>
  <nd ref="3557568103"/>
  <nd ref="3557568042"/>
  <nd ref="3557568001"/>
  <nd ref="3557568057"/>
  <tag k="building" v="yes"/>
 </way>
 <way id="349985025" visible="true" version="1" changeset="31577387" timestamp="2015-05-30T05:52:16Z" user="Narsimulu" uid="2949621">
  <nd ref="3557568423"/>
  <nd ref="3557568442"/>
  <nd ref="3557568376"/>
  <nd ref="3557568358"/>
  <nd ref="3557568423"/>
  <tag k="building" v="yes"/>
 </way>
 <way id="349985026" visible="true" version="1" changeset="31577387" timestamp="2015-05-30T05:52:16Z" user="Narsimulu" uid="2949621">
  <nd ref="3557568416"/>
  <nd ref="3557568424"/>
  <nd ref="3557568360"/>
  <nd ref="3557568347"/>
  <nd ref="3557568416"/>
  <tag k="building" v="yes"/>
 </way>
 <way id="349985027" visible="true" version="1" changeset="31577387" timestamp="2015-05-30T05:52:16Z" user="Narsimulu" uid="2949621">
  <nd ref="3557567399"/>
  <nd ref="3557567442"/>
  <nd ref="3557567418"/>
  <nd ref="3557567282"/>
  <nd ref="3557567399"/>
  <tag k="building" v="yes"/>
 </way>
 <way id="349985029" visible="true" version="1" changeset="31577387" timestamp="2015-05-30T05:52:16Z" user="Narsimulu" uid="2949621">
  <nd ref="3557566783"/>
  <nd ref="3557566910"/>
  <nd ref="3557566773"/>
  <nd ref="3557566746"/>
  <nd ref="3557566783"/>
  <tag k="building" v="yes"/>
 </way>
 <way id="349985030" visible="true" version="1" changeset="31577387" timestamp="2015-05-30T05:52:16Z" user="Narsimulu" uid="2949621">
  <nd ref="3557567990"/>
  <nd ref="3557567919"/>
  <nd ref="3557567886"/>
  <nd ref="3557567951"/>
  <nd ref="3557567990"/>
  <tag k="building" v="yes"/>
 </way>
 <way id="349985032" visible="true" version="1" changeset="31577387" timestamp="2015-05-30T05:52:16Z" user="Narsimulu" uid="2949621">
  <nd ref="3557566713"/>
  <nd ref="3557566572"/>
  <nd ref="3557566560"/>
  <nd ref="3557566696"/>
  <nd ref="3557566713"/>
  <tag k="building" v="yes"/>
 </way>
 <way id="349985033" visible="true" version="1" changeset="31577387" timestamp="2015-05-30T05:52:16Z" user="Narsimulu" uid="2949621">
  <nd ref="3557567239"/>
  <nd ref="3557567250"/>
  <nd ref="3557567206"/>
  <nd ref="3557567092"/>
  <nd ref="3557567239"/>
  <tag k="building" v="yes"/>
 </way>
 <way id="349985035" visible="true" version="1" changeset="31577387" timestamp="2015-05-30T05:52:16Z" user="Narsimulu" uid="2949621">
  <nd ref="3557568106"/>
  <nd ref="3557568168"/>
  <nd ref="3557568114"/>
  <nd ref="3557568064"/>
  <nd ref="3557568106"/>
  <tag k="building" v="yes"/>
 </way>
 <way id="349985036" visible="true" version="1" changeset="31577387" timestamp="2015-05-30T05:52:16Z" user="Narsimulu" uid="2949621">
  <nd ref="3557566494"/>
  <nd ref="3557566507"/>
  <nd ref="3557559192"/>
  <nd ref="3557559184"/>
  <nd ref="3557566494"/>
  <tag k="building" v="yes"/>
 </way>
 <way id="349985037" visible="true" version="1" changeset="31577387" timestamp="2015-05-30T05:52:16Z" user="Narsimulu" uid="2949621">
  <nd ref="3557567852"/>
  <nd ref="3557567874"/>
  <nd ref="3557567811"/>
  <nd ref="3557567797"/>
  <nd ref="3557567852"/>
  <tag k="building" v="yes"/>
 </way>
 <way id="349985039" visible="true" version="1" changeset="31577387" timestamp="2015-05-30T05:52:16Z" user="Narsimulu" uid="2949621">
  <nd ref="3557567996"/>
  <nd ref="3557568041"/>
  <nd ref="3557567977"/>
  <nd ref="3557567932"/>
  <nd ref="3557567996"/>
  <tag k="building" v="yes"/>
 </way>
 <way id="349985042" visible="true" version="1" changeset="31577387" timestamp="2015-05-30T05:52:16Z" user="Narsimulu" uid="2949621">
  <nd ref="3557567029"/>
  <nd ref="3557567069"/>
  <nd ref="3557567017"/>
  <nd ref="3557566980"/>
  <nd ref="3557567029"/>
  <tag k="building" v="yes"/>
 </way>
 <way id="349985043" visible="true" version="1" changeset="31577387" timestamp="2015-05-30T05:52:17Z" user="Narsimulu" uid="2949621">
  <nd ref="3557567065"/>
  <nd ref="3557567208"/>
  <nd ref="3557567085"/>
  <nd ref="3557567043"/>
  <nd ref="3557567065"/>
  <tag k="building" v="yes"/>
 </way>
 <way id="349985044" visible="true" version="1" changeset="31577387" timestamp="2015-05-30T05:52:17Z" user="Narsimulu" uid="2949621">
  <nd ref="3557567853"/>
  <nd ref="3557567875"/>
  <nd ref="3557567807"/>
  <nd ref="3557567687"/>
  <nd ref="3557567853"/>
  <tag k="building" v="yes"/>
 </way>
 <way id="349985045" visible="true" version="1" changeset="31577387" timestamp="2015-05-30T05:52:17Z" user="Narsimulu" uid="2949621">
  <nd ref="3557567674"/>
  <nd ref="3557567804"/>
  <nd ref="3557567635"/>
  <nd ref="3557567605"/>
  <nd ref="3557567674"/>
  <tag k="building" v="yes"/>
 </way>
 <way id="349985046" visible="true" version="1" changeset="31577387" timestamp="2015-05-30T05:52:17Z" user="Narsimulu" uid="2949621">
  <nd ref="3557567454"/>
  <nd ref="3557567617"/>
  <nd ref="3557567659"/>
  <nd ref="3557567594"/>
  <nd ref="3557567454"/>
  <tag k="building" v="yes"/>
 </way>
 <way id="349985047" visible="true" version="1" changeset="31577387" timestamp="2015-05-30T05:52:17Z" user="Narsimulu" uid="2949621">
  <nd ref="3557568398"/>
  <nd ref="3557568412"/>
  <nd ref="3557568350"/>
  <nd ref="3557568334"/>
  <nd ref="3557568398"/>
  <tag k="building" v="yes"/>
 </way>
 <way id="349985048" visible="true" version="1" changeset="31577387" timestamp="2015-05-30T05:52:17Z" user="Narsimulu" uid="2949621">
  <nd ref="3557567866"/>
  <nd ref="3557567802"/>
  <nd ref="3557567681"/>
  <nd ref="3557567845"/>
  <nd ref="3557567866"/>
  <tag k="building" v="yes"/>
 </way>
 <way id="349985049" visible="true" version="1" changeset="31577387" timestamp="2015-05-30T05:52:17Z" user="Narsimulu" uid="2949621">
  <nd ref="3557567031"/>
  <nd ref="3557567283"/>
  <nd ref="3557567412"/>
  <nd ref="3557567067"/>
  <nd ref="3557567031"/>
  <tag k="building" v="yes"/>
 </way>
 <way id="349985050" visible="true" version="1" changeset="31577387" timestamp="2015-05-30T05:52:17Z" user="Narsimulu" uid="2949621">
  <nd ref="3557567981"/>
  <nd ref="3557568018"/>
  <nd ref="3557567946"/>
  <nd ref="3557567901"/>
  <nd ref="3557567981"/>
  <tag k="building" v="yes"/>
 </way>
 <way id="349985051" visible="true" version="1" changeset="31577387" timestamp="2015-05-30T05:52:17Z" user="Narsimulu" uid="2949621">
  <nd ref="3557567458"/>
  <nd ref="3557567401"/>
  <nd ref="3557567284"/>
  <nd ref="3557567435"/>
  <nd ref="3557567458"/>
  <tag k="building" v="yes"/>
 </way>
 <way id="349985052" visible="true" version="2" changeset="32095204" timestamp="2015-06-20T11:19:20Z" user="Narsimulu" uid="2949621">
  <nd ref="3557566767"/>
  <nd ref="3557566750"/>
  <nd ref="3557566724"/>
  <nd ref="3557566743"/>
  <nd ref="3557566767"/>
  <tag k="building" v="yes"/>
 </way>
 <way id="349985053" visible="true" version="1" changeset="31577387" timestamp="2015-05-30T05:52:17Z" user="Narsimulu" uid="2949621">
  <nd ref="3557568529"/>
  <nd ref="3557568536"/>
  <nd ref="3557568514"/>
  <nd ref="3557568498"/>
  <nd ref="3557568529"/>
  <tag k="building" v="yes"/>
 </way>
 <way id="349985054" visible="true" version="1" changeset="31577387" timestamp="2015-05-30T05:52:17Z" user="Narsimulu" uid="2949621">
  <nd ref="3557567599"/>
  <nd ref="3557567464"/>
  <nd ref="3557567633"/>
  <nd ref="3557567679"/>
  <nd ref="3557567599"/>
  <tag k="building" v="yes"/>
 </way>
 <way id="349985055" visible="true" version="1" changeset="31577387" timestamp="2015-05-30T05:52:17Z" user="Narsimulu" uid="2949621">
  <nd ref="3557568527"/>
  <nd ref="3557568510"/>
  <nd ref="3557568483"/>
  <nd ref="3557568504"/>
  <nd ref="3557568527"/>
  <tag k="building" v="yes"/>
 </way>
 <way id="349985056" visible="true" version="1" changeset="31577387" timestamp="2015-05-30T05:52:17Z" user="Narsimulu" uid="2949621">
  <nd ref="3557568418"/>
  <nd ref="3557568460"/>
  <nd ref="3557568434"/>
  <nd ref="3557568384"/>
  <nd ref="3557568418"/>
  <tag k="building" v="yes"/>
 </way>
 <way id="349985057" visible="true" version="1" changeset="31577387" timestamp="2015-05-30T05:52:17Z" user="Narsimulu" uid="2949621">
  <nd ref="3557566746"/>
  <nd ref="3557566775"/>
  <nd ref="3557566730"/>
  <nd ref="3557566702"/>
  <nd ref="3557566746"/>
  <tag k="building" v="yes"/>
 </way>
 <way id="349985058" visible="true" version="1" changeset="31577387" timestamp="2015-05-30T05:52:17Z" user="Narsimulu" uid="2949621">
  <nd ref="3557567276"/>
  <nd ref="3557567417"/>
  <nd ref="3557567263"/>
  <nd ref="3557567224"/>
  <nd ref="3557567276"/>
  <tag k="building" v="yes"/>
 </way>
 <way id="349985059" visible="true" version="1" changeset="31577387" timestamp="2015-05-30T05:52:17Z" user="Narsimulu" uid="2949621">
  <nd ref="3557567290"/>
  <nd ref="3557567410"/>
  <nd ref="3557567259"/>
  <nd ref="3557567237"/>
  <nd ref="3557567290"/>
  <tag k="building" v="yes"/>
 </way>
 <way id="349985060" visible="true" version="1" changeset="31577387" timestamp="2015-05-30T05:52:17Z" user="Narsimulu" uid="2949621">
  <nd ref="3557568413"/>
  <nd ref="3557568465"/>
  <nd ref="3557568491"/>
  <nd ref="3557568444"/>
  <nd ref="3557568413"/>
  <tag k="building" v="yes"/>
 </way>
 <way id="349985061" visible="true" version="1" changeset="31577387" timestamp="2015-05-30T05:52:17Z" user="Narsimulu" uid="2949621">
  <nd ref="3557566903"/>
  <nd ref="3557566930"/>
  <nd ref="3557566776"/>
  <nd ref="3557566752"/>
  <nd ref="3557566903"/>
  <tag k="building" v="yes"/>
 </way>
 <way id="349985062" visible="true" version="1" changeset="31577387" timestamp="2015-05-30T05:52:17Z" user="Narsimulu" uid="2949621">
  <nd ref="3557567074"/>
  <nd ref="3557567022"/>
  <nd ref="3557567000"/>
  <nd ref="3557567052"/>
  <nd ref="3557567074"/>
  <tag k="building" v="yes"/>
 </way>
 <way id="349985065" visible="true" version="1" changeset="31577387" timestamp="2015-05-30T05:52:18Z" user="Narsimulu" uid="2949621">
  <nd ref="3557568179"/>
  <nd ref="3557568256"/>
  <nd ref="3557568205"/>
  <nd ref="3557568132"/>
  <nd ref="3557568179"/>
  <tag k="building" v="yes"/>
 </way>
 <way id="349985067" visible="true" version="1" changeset="31577387" timestamp="2015-05-30T05:52:18Z" user="Narsimulu" uid="2949621">
  <nd ref="3557566974"/>
  <nd ref="3557566997"/>
  <nd ref="3557566950"/>
  <nd ref="3557566922"/>
  <nd ref="3557566974"/>
  <tag k="building" v="yes"/>
 </way>
 <way id="349985069" visible="true" version="1" changeset="31577387" timestamp="2015-05-30T05:52:18Z" user="Narsimulu" uid="2949621">
  <nd ref="3557568210"/>
  <nd ref="3557568266"/>
  <nd ref="3557568194"/>
  <nd ref="3557568135"/>
  <nd ref="3557568210"/>
  <tag k="building" v="yes"/>
 </way>
 <way id="349985070" visible="true" version="1" changeset="31577387" timestamp="2015-05-30T05:52:18Z" user="Narsimulu" uid="2949621">
  <nd ref="3557567611"/>
  <nd ref="3557567653"/>
  <nd ref="3557567627"/>
  <nd ref="3557567488"/>
  <nd ref="3557567611"/>
  <tag k="building" v="yes"/>
 </way>
 <way id="349985071" visible="true" version="1" changeset="31577387" timestamp="2015-05-30T05:52:18Z" user="Narsimulu" uid="2949621">
  <nd ref="3557567279"/>
  <nd ref="3557567415"/>
  <nd ref="3557567396"/>
  <nd ref="3557567257"/>
  <nd ref="3557567279"/>
  <tag k="building" v="yes"/>
 </way>
 <way id="349985072" visible="true" version="1" changeset="31577387" timestamp="2015-05-30T05:52:18Z" user="Narsimulu" uid="2949621">
  <nd ref="3557568293"/>
  <nd ref="3557568345"/>
  <nd ref="3557568296"/>
  <nd ref="3557568237"/>
  <nd ref="3557568293"/>
  <tag k="building" v="yes"/>
 </way>
 <way id="349985073" visible="true" version="1" changeset="31577387" timestamp="2015-05-30T05:52:18Z" user="Narsimulu" uid="2949621">
  <nd ref="3557567685"/>
  <nd ref="3557567651"/>
  <nd ref="3557567613"/>
  <nd ref="3557567646"/>
  <nd ref="3557567685"/>
  <tag k="building" v="yes"/>
 </way>
 <way id="349985074" visible="true" version="1" changeset="31577387" timestamp="2015-05-30T05:52:18Z" user="Narsimulu" uid="2949621">
  <nd ref="3557568235"/>
  <nd ref="3557568309"/>
  <nd ref="3557568277"/>
  <nd ref="3557568200"/>
  <nd ref="3557568235"/>
  <tag k="building" v="yes"/>
 </way>
 <way id="349985075" visible="true" version="1" changeset="31577387" timestamp="2015-05-30T05:52:18Z" user="Narsimulu" uid="2949621">
  <nd ref="3557567816"/>
  <nd ref="3557567829"/>
  <nd ref="3557567680"/>
  <nd ref="3557567666"/>
  <nd ref="3557567816"/>
  <tag k="building" v="yes"/>
 </way>
 <way id="349985076" visible="true" version="1" changeset="31577387" timestamp="2015-05-30T05:52:18Z" user="Narsimulu" uid="2949621">
  <nd ref="3557568039"/>
  <nd ref="3557568093"/>
  <nd ref="3557568051"/>
  <nd ref="3557568005"/>
  <nd ref="3557568039"/>
  <tag k="building" v="yes"/>
 </way>
 <way id="349985077" visible="true" version="1" changeset="31577387" timestamp="2015-05-30T05:52:18Z" user="Narsimulu" uid="2949621">
  <nd ref="3557567813"/>
  <nd ref="3557567861"/>
  <nd ref="3557567806"/>
  <nd ref="3557567660"/>
  <nd ref="3557567813"/>
  <tag k="building" v="yes"/>
 </way>
 <way id="349985078" visible="true" version="1" changeset="31577387" timestamp="2015-05-30T05:52:18Z" user="Narsimulu" uid="2949621">
  <nd ref="3557567879"/>
  <nd ref="3557567937"/>
  <nd ref="3557567898"/>
  <nd ref="3557567847"/>
  <nd ref="3557567879"/>
  <tag k="building" v="yes"/>
 </way>
 <way id="349985079" visible="true" version="1" changeset="31577387" timestamp="2015-05-30T05:52:18Z" user="Narsimulu" uid="2949621">
  <nd ref="3557567090"/>
  <nd ref="3557567036"/>
  <nd ref="3557567015"/>
  <nd ref="3557567071"/>
  <nd ref="3557567090"/>
  <tag k="building" v="yes"/>
 </way>
 <way id="349985080" visible="true" version="1" changeset="31577387" timestamp="2015-05-30T05:52:18Z" user="Narsimulu" uid="2949621">
  <nd ref="3557567920"/>
  <nd ref="3557567992"/>
  <nd ref="3557567909"/>
  <nd ref="3557567854"/>
  <nd ref="3557567920"/>
  <tag k="building" v="yes"/>
 </way>
 <way id="349985081" visible="true" version="1" changeset="31577387" timestamp="2015-05-30T05:52:18Z" user="Narsimulu" uid="2949621">
  <nd ref="3557568455"/>
  <nd ref="3557568396"/>
  <nd ref="3557568368"/>
  <nd ref="3557568431"/>
  <nd ref="3557568455"/>
  <tag k="building" v="yes"/>
 </way>
 <way id="349985082" visible="true" version="1" changeset="31577387" timestamp="2015-05-30T05:52:18Z" user="Narsimulu" uid="2949621">
  <nd ref="3557568526"/>
  <nd ref="3557568502"/>
  <nd ref="3557568472"/>
  <nd ref="3557568505"/>
  <nd ref="3557568526"/>
  <tag k="building" v="yes"/>
 </way>
 <way id="349985083" visible="true" version="1" changeset="31577387" timestamp="2015-05-30T05:52:18Z" user="Narsimulu" uid="2949621">
  <nd ref="3557567877"/>
  <nd ref="3557567925"/>
  <nd ref="3557567856"/>
  <nd ref="3557567812"/>
  <nd ref="3557567877"/>
  <tag k="building" v="yes"/>
 </way>
 <way id="349985084" visible="true" version="1" changeset="31577387" timestamp="2015-05-30T05:52:18Z" user="Narsimulu" uid="2949621">
  <nd ref="3557568024"/>
  <nd ref="3557568084"/>
  <nd ref="3557568040"/>
  <nd ref="3557567987"/>
  <nd ref="3557568024"/>
  <tag k="building" v="yes"/>
 </way>
 <way id="349985085" visible="true" version="1" changeset="31577387" timestamp="2015-05-30T05:52:19Z" user="Narsimulu" uid="2949621">
  <nd ref="3557566994"/>
  <nd ref="3557567012"/>
  <nd ref="3557566956"/>
  <nd ref="3557566945"/>
  <nd ref="3557566994"/>
  <tag k="building" v="yes"/>
 </way>
 <way id="349985086" visible="true" version="1" changeset="31577387" timestamp="2015-05-30T05:52:19Z" user="Narsimulu" uid="2949621">
  <nd ref="3557568420"/>
  <nd ref="3557568449"/>
  <nd ref="3557568401"/>
  <nd ref="3557568370"/>
  <nd ref="3557568420"/>
  <tag k="building" v="yes"/>
 </way>
 <way id="349985088" visible="true" version="1" changeset="31577387" timestamp="2015-05-30T05:52:19Z" user="Narsimulu" uid="2949621">
  <nd ref="3557567805"/>
  <nd ref="3557567855"/>
  <nd ref="3557567684"/>
  <nd ref="3557567634"/>
  <nd ref="3557567805"/>
  <tag k="building" v="yes"/>
 </way>
 <way id="349985089" visible="true" version="1" changeset="31577387" timestamp="2015-05-30T05:52:19Z" user="Narsimulu" uid="2949621">
  <nd ref="3557568475"/>
  <nd ref="3557568417"/>
  <nd ref="3557568394"/>
  <nd ref="3557568457"/>
  <nd ref="3557568475"/>
  <tag k="building" v="yes"/>
 </way>
 <way id="349985090" visible="true" version="1" changeset="31577387" timestamp="2015-05-30T05:52:19Z" user="Narsimulu" uid="2949621">
  <nd ref="3557567962"/>
  <nd ref="3557568017"/>
  <nd ref="3557567972"/>
  <nd ref="3557567922"/>
  <nd ref="3557567962"/>
  <tag k="building" v="yes"/>
 </way>
 <way id="349985091" visible="true" version="1" changeset="31577387" timestamp="2015-05-30T05:52:19Z" user="Narsimulu" uid="2949621">
  <nd ref="3557567803"/>
  <nd ref="3557567842"/>
  <nd ref="3557567670"/>
  <nd ref="3557567628"/>
  <nd ref="3557567803"/>
  <tag k="building" v="yes"/>
 </way>
 <way id="349985092" visible="true" version="1" changeset="31577387" timestamp="2015-05-30T05:52:19Z" user="Narsimulu" uid="2949621">
  <nd ref="3557568377"/>
  <nd ref="3557568400"/>
  <nd ref="3557568325"/>
  <nd ref="3557568291"/>
  <nd ref="3557568377"/>
  <tag k="building" v="yes"/>
 </way>
 <way id="349985093" visible="true" version="1" changeset="31577387" timestamp="2015-05-30T05:52:19Z" user="Narsimulu" uid="2949621">
  <nd ref="3557566553"/>
  <nd ref="3557566583"/>
  <nd ref="3557566711"/>
  <nd ref="3557566577"/>
  <nd ref="3557566553"/>
  <tag k="building" v="yes"/>
 </way>
 <way id="349985094" visible="true" version="1" changeset="31577387" timestamp="2015-05-30T05:52:19Z" user="Narsimulu" uid="2949621">
  <nd ref="3557568068"/>
  <nd ref="3557568133"/>
  <nd ref="3557568108"/>
  <nd ref="3557568044"/>
  <nd ref="3557568068"/>
  <tag k="building" v="yes"/>
 </way>
 <way id="349985095" visible="true" version="1" changeset="31577387" timestamp="2015-05-30T05:52:19Z" user="Narsimulu" uid="2949621">
  <nd ref="3557567434"/>
  <nd ref="3557567489"/>
  <nd ref="3557567615"/>
  <nd ref="3557567459"/>
  <nd ref="3557567434"/>
  <tag k="building" v="yes"/>
 </way>
 <way id="349985096" visible="true" version="1" changeset="31577387" timestamp="2015-05-30T05:52:19Z" user="Narsimulu" uid="2949621">
  <nd ref="3557566928"/>
  <nd ref="3557566954"/>
  <nd ref="3557566932"/>
  <nd ref="3557566900"/>
  <nd ref="3557566928"/>
  <tag k="building" v="yes"/>
 </way>
 <way id="349985097" visible="true" version="1" changeset="31577387" timestamp="2015-05-30T05:52:19Z" user="Narsimulu" uid="2949621">
  <nd ref="3557568443"/>
  <nd ref="3557568486"/>
  <nd ref="3557568467"/>
  <nd ref="3557568421"/>
  <nd ref="3557568443"/>
  <tag k="building" v="yes"/>
 </way>
 <way id="349985098" visible="true" version="1" changeset="31577387" timestamp="2015-05-30T05:52:19Z" user="Narsimulu" uid="2949621">
  <nd ref="3557567445"/>
  <nd ref="3557567607"/>
  <nd ref="3557567640"/>
  <nd ref="3557567470"/>
  <nd ref="3557567445"/>
  <tag k="building" v="yes"/>
 </way>
 <way id="349985099" visible="true" version="1" changeset="31577387" timestamp="2015-05-30T05:52:19Z" user="Narsimulu" uid="2949621">
  <nd ref="3557566933"/>
  <nd ref="3557566975"/>
  <nd ref="3557567004"/>
  <nd ref="3557566959"/>
  <nd ref="3557566933"/>
  <tag k="building" v="yes"/>
 </way>
 <way id="349985101" visible="true" version="1" changeset="31577387" timestamp="2015-05-30T05:52:19Z" user="Narsimulu" uid="2949621">
  <nd ref="3557567893"/>
  <nd ref="3557567917"/>
  <nd ref="3557567844"/>
  <nd ref="3557567823"/>
  <nd ref="3557567893"/>
  <tag k="building" v="yes"/>
 </way>
 <way id="349985102" visible="true" version="1" changeset="31577387" timestamp="2015-05-30T05:52:19Z" user="Narsimulu" uid="2949621">
  <nd ref="3557566751"/>
  <nd ref="3557566895"/>
  <nd ref="3557566747"/>
  <nd ref="3557566706"/>
  <nd ref="3557566751"/>
  <tag k="building" v="yes"/>
 </way>
 <way id="349985104" visible="true" version="1" changeset="31577387" timestamp="2015-05-30T05:52:19Z" user="Narsimulu" uid="2949621">
  <nd ref="3557566716"/>
  <nd ref="3557566742"/>
  <nd ref="3557566705"/>
  <nd ref="3557566582"/>
  <nd ref="3557566716"/>
  <tag k="building" v="yes"/>
 </way>
 <way id="349985105" visible="true" version="1" changeset="31577387" timestamp="2015-05-30T05:52:19Z" user="Narsimulu" uid="2949621">
  <nd ref="3557567958"/>
  <nd ref="3557567986"/>
  <nd ref="3557567904"/>
  <nd ref="3557567889"/>
  <nd ref="3557567958"/>
  <tag k="building" v="yes"/>
 </way>
 <way id="349985106" visible="true" version="1" changeset="31577387" timestamp="2015-05-30T05:52:19Z" user="Narsimulu" uid="2949621">
  <nd ref="3557568367"/>
  <nd ref="3557568403"/>
  <nd ref="3557568366"/>
  <nd ref="3557568319"/>
  <nd ref="3557568367"/>
  <tag k="building" v="yes"/>
 </way>
 <way id="349985107" visible="true" version="1" changeset="31577387" timestamp="2015-05-30T05:52:20Z" user="Narsimulu" uid="2949621">
  <nd ref="3557566917"/>
  <nd ref="3557566766"/>
  <nd ref="3557566756"/>
  <nd ref="3557566908"/>
  <nd ref="3557566917"/>
  <tag k="building" v="yes"/>
 </way>
 <way id="349985108" visible="true" version="1" changeset="31577387" timestamp="2015-05-30T05:52:20Z" user="Narsimulu" uid="2949621">
  <nd ref="3557566919"/>
  <nd ref="3557566944"/>
  <nd ref="3557566902"/>
  <nd ref="3557566784"/>
  <nd ref="3557566919"/>
  <tag k="building" v="yes"/>
 </way>
 <way id="349985109" visible="true" version="1" changeset="31577387" timestamp="2015-05-30T05:52:20Z" user="Narsimulu" uid="2949621">
  <nd ref="3557567256"/>
  <nd ref="3557567393"/>
  <nd ref="3557567273"/>
  <nd ref="3557567236"/>
  <nd ref="3557567256"/>
  <tag k="building" v="yes"/>
 </way>
 <way id="349985111" visible="true" version="1" changeset="31577387" timestamp="2015-05-30T05:52:20Z" user="Narsimulu" uid="2949621">
  <nd ref="3557568372"/>
  <nd ref="3557568411"/>
  <nd ref="3557568387"/>
  <nd ref="3557568344"/>
  <nd ref="3557568372"/>
  <tag k="building" v="yes"/>
 </way>
 <way id="349985113" visible="true" version="1" changeset="31577387" timestamp="2015-05-30T05:52:20Z" user="Narsimulu" uid="2949621">
  <nd ref="3557567448"/>
  <nd ref="3557567480"/>
  <nd ref="3557567451"/>
  <nd ref="3557567420"/>
  <nd ref="3557567448"/>
  <tag k="building" v="yes"/>
 </way>
 <way id="349985115" visible="true" version="1" changeset="31577387" timestamp="2015-05-30T05:52:20Z" user="Narsimulu" uid="2949621">
  <nd ref="3557567850"/>
  <nd ref="3557567691"/>
  <nd ref="3557567673"/>
  <nd ref="3557567831"/>
  <nd ref="3557567850"/>
  <tag k="building" v="yes"/>
 </way>
 <way id="349985116" visible="true" version="1" changeset="31577387" timestamp="2015-05-30T05:52:20Z" user="Narsimulu" uid="2949621">
  <nd ref="3557567202"/>
  <nd ref="3557567053"/>
  <nd ref="3557567039"/>
  <nd ref="3557567088"/>
  <nd ref="3557567202"/>
  <tag k="building" v="yes"/>
 </way>
 <way id="349985119" visible="true" version="1" changeset="31577387" timestamp="2015-05-30T05:52:20Z" user="Narsimulu" uid="2949621">
  <nd ref="3557568182"/>
  <nd ref="3557568257"/>
  <nd ref="3557568170"/>
  <nd ref="3557568098"/>
  <nd ref="3557568182"/>
  <tag k="building" v="yes"/>
 </way>
 <way id="349985120" visible="true" version="1" changeset="31577387" timestamp="2015-05-30T05:52:20Z" user="Narsimulu" uid="2949621">
  <nd ref="3557567672"/>
  <nd ref="3557567794"/>
  <nd ref="3557567626"/>
  <nd ref="3557567602"/>
  <nd ref="3557567672"/>
  <tag k="building" v="yes"/>
 </way>
 <way id="349985121" visible="true" version="1" changeset="31577387" timestamp="2015-05-30T05:52:20Z" user="Narsimulu" uid="2949621">
  <nd ref="3557567867"/>
  <nd ref="3557567916"/>
  <nd ref="3557567959"/>
  <nd ref="3557567907"/>
  <nd ref="3557567867"/>
  <tag k="building" v="yes"/>
 </way>
 <way id="349985122" visible="true" version="1" changeset="31577387" timestamp="2015-05-30T05:52:20Z" user="Narsimulu" uid="2949621">
  <nd ref="3557567891"/>
  <nd ref="3557567914"/>
  <nd ref="3557567849"/>
  <nd ref="3557567826"/>
  <nd ref="3557567891"/>
  <tag k="building" v="yes"/>
 </way>
 <way id="349985123" visible="true" version="1" changeset="31577387" timestamp="2015-05-30T05:52:20Z" user="Narsimulu" uid="2949621">
  <nd ref="3557568489"/>
  <nd ref="3557568435"/>
  <nd ref="3557568419"/>
  <nd ref="3557568480"/>
  <nd ref="3557568489"/>
  <tag k="building" v="yes"/>
 </way>
 <way id="349985124" visible="true" version="1" changeset="31577387" timestamp="2015-05-30T05:52:20Z" user="Narsimulu" uid="2949621">
  <nd ref="3557568393"/>
  <nd ref="3557568476"/>
  <nd ref="3557568425"/>
  <nd ref="3557568324"/>
  <nd ref="3557568393"/>
  <tag k="building" v="yes"/>
 </way>
 <way id="349985125" visible="true" version="1" changeset="31577387" timestamp="2015-05-30T05:52:20Z" user="Narsimulu" uid="2949621">
  <nd ref="3557566568"/>
  <nd ref="3557566708"/>
  <nd ref="3557566732"/>
  <nd ref="3557566591"/>
  <nd ref="3557566568"/>
  <tag k="building" v="yes"/>
 </way>
 <way id="349985126" visible="true" version="1" changeset="31577387" timestamp="2015-05-30T05:52:20Z" user="Narsimulu" uid="2949621">
  <nd ref="3557567066"/>
  <nd ref="3557567013"/>
  <nd ref="3557566979"/>
  <nd ref="3557567030"/>
  <nd ref="3557567066"/>
  <tag k="building" v="yes"/>
 </way>
 <way id="349985129" visible="true" version="1" changeset="31577387" timestamp="2015-05-30T05:52:21Z" user="Narsimulu" uid="2949621">
  <nd ref="3557568036"/>
  <nd ref="3557568090"/>
  <nd ref="3557568045"/>
  <nd ref="3557568000"/>
  <nd ref="3557568036"/>
  <tag k="building" v="yes"/>
 </way>
 <way id="349985131" visible="true" version="1" changeset="31577387" timestamp="2015-05-30T05:52:21Z" user="Narsimulu" uid="2949621">
  <nd ref="3557566497"/>
  <nd ref="3557566512"/>
  <nd ref="3557566543"/>
  <nd ref="3557566520"/>
  <nd ref="3557566497"/>
  <tag k="building" v="yes"/>
 </way>
 <way id="349985133" visible="true" version="1" changeset="31577387" timestamp="2015-05-30T05:52:21Z" user="Narsimulu" uid="2949621">
  <nd ref="3557566693"/>
  <nd ref="3557566721"/>
  <nd ref="3557566580"/>
  <nd ref="3557566557"/>
  <nd ref="3557566693"/>
  <tag k="building" v="yes"/>
 </way>
 <way id="349985134" visible="true" version="1" changeset="31577387" timestamp="2015-05-30T05:52:21Z" user="Narsimulu" uid="2949621">
  <nd ref="3557567045"/>
  <nd ref="3557567060"/>
  <nd ref="3557567019"/>
  <nd ref="3557566999"/>
  <nd ref="3557567045"/>
  <tag k="building" v="yes"/>
 </way>
 <way id="349985136" visible="true" version="1" changeset="31577387" timestamp="2015-05-30T05:52:21Z" user="Narsimulu" uid="2949621">
  <nd ref="3557568037"/>
  <nd ref="3557568006"/>
  <nd ref="3557567953"/>
  <nd ref="3557567991"/>
  <nd ref="3557568037"/>
  <tag k="building" v="yes"/>
 </way>
 <way id="349985137" visible="true" version="1" changeset="31577387" timestamp="2015-05-30T05:52:21Z" user="Narsimulu" uid="2949621">
  <nd ref="3557566581"/>
  <nd ref="3557566552"/>
  <nd ref="3557566535"/>
  <nd ref="3557566563"/>
  <nd ref="3557566581"/>
  <tag k="building" v="yes"/>
 </way>
 <way id="349985138" visible="true" version="1" changeset="31577387" timestamp="2015-05-30T05:52:21Z" user="Narsimulu" uid="2949621">
  <nd ref="3557566939"/>
  <nd ref="3557566967"/>
  <nd ref="3557566921"/>
  <nd ref="3557566894"/>
  <nd ref="3557566939"/>
  <tag k="building" v="yes"/>
 </way>
 <way id="349985139" visible="true" version="1" changeset="31577387" timestamp="2015-05-30T05:52:21Z" user="Narsimulu" uid="2949621">
  <nd ref="3557566984"/>
  <nd ref="3557566942"/>
  <nd ref="3557566924"/>
  <nd ref="3557566971"/>
  <nd ref="3557566984"/>
  <tag k="building" v="yes"/>
 </way>
 <way id="349985140" visible="true" version="1" changeset="31577387" timestamp="2015-05-30T05:52:21Z" user="Narsimulu" uid="2949621">
  <nd ref="3557566898"/>
  <nd ref="3557566929"/>
  <nd ref="3557566785"/>
  <nd ref="3557566757"/>
  <nd ref="3557566898"/>
  <tag k="building" v="yes"/>
 </way>
 <way id="349985143" visible="true" version="1" changeset="31577387" timestamp="2015-05-30T05:52:21Z" user="Narsimulu" uid="2949621">
  <nd ref="3557568272"/>
  <nd ref="3557568331"/>
  <nd ref="3557568276"/>
  <nd ref="3557568214"/>
  <nd ref="3557568272"/>
  <tag k="building" v="yes"/>
 </way>
 <way id="349985144" visible="true" version="1" changeset="31577387" timestamp="2015-05-30T05:52:21Z" user="Narsimulu" uid="2949621">
  <nd ref="3557566579"/>
  <nd ref="3557566559"/>
  <nd ref="3557566589"/>
  <nd ref="3557566714"/>
  <nd ref="3557566579"/>
  <tag k="building" v="yes"/>
 </way>
 <way id="349985145" visible="true" version="1" changeset="31577387" timestamp="2015-05-30T05:52:21Z" user="Narsimulu" uid="2949621">
  <nd ref="3557566780"/>
  <nd ref="3557566904"/>
  <nd ref="3557566761"/>
  <nd ref="3557566741"/>
  <nd ref="3557566780"/>
  <tag k="building" v="yes"/>
 </way>
 <way id="349985146" visible="true" version="1" changeset="31577387" timestamp="2015-05-30T05:52:22Z" user="Narsimulu" uid="2949621">
  <nd ref="3557568389"/>
  <nd ref="3557568427"/>
  <nd ref="3557568353"/>
  <nd ref="3557568307"/>
  <nd ref="3557568389"/>
  <tag k="building" v="yes"/>
 </way>
 <way id="349985149" visible="true" version="1" changeset="31577387" timestamp="2015-05-30T05:52:22Z" user="Narsimulu" uid="2949621">
  <nd ref="3557567461"/>
  <nd ref="3557567618"/>
  <nd ref="3557567636"/>
  <nd ref="3557567471"/>
  <nd ref="3557567461"/>
  <tag k="building" v="yes"/>
 </way>
 <way id="349985151" visible="true" version="1" changeset="31577387" timestamp="2015-05-30T05:52:22Z" user="Narsimulu" uid="2949621">
  <nd ref="3557566571"/>
  <nd ref="3557566585"/>
  <nd ref="3557566556"/>
  <nd ref="3557566542"/>
  <nd ref="3557566571"/>
  <tag k="building" v="yes"/>
 </way>
 <way id="349985153" visible="true" version="1" changeset="31577387" timestamp="2015-05-30T05:52:22Z" user="Narsimulu" uid="2949621">
  <nd ref="3557566792"/>
  <nd ref="3557566905"/>
  <nd ref="3557566791"/>
  <nd ref="3557566778"/>
  <nd ref="3557566792"/>
  <tag k="building" v="yes"/>
 </way>
 <way id="349985155" visible="true" version="1" changeset="31577387" timestamp="2015-05-30T05:52:22Z" user="Narsimulu" uid="2949621">
  <nd ref="3557566781"/>
  <nd ref="3557566734"/>
  <nd ref="3557566718"/>
  <nd ref="3557566762"/>
  <nd ref="3557566781"/>
  <tag k="building" v="yes"/>
 </way>
 <way id="349985157" visible="true" version="1" changeset="31577387" timestamp="2015-05-30T05:52:22Z" user="Narsimulu" uid="2949621">
  <nd ref="3557568339"/>
  <nd ref="3557568363"/>
  <nd ref="3557568275"/>
  <nd ref="3557568248"/>
  <nd ref="3557568339"/>
  <tag k="building" v="yes"/>
 </way>
 <way id="349985163" visible="true" version="1" changeset="31577387" timestamp="2015-05-30T05:52:22Z" user="Narsimulu" uid="2949621">
  <nd ref="3557566738"/>
  <nd ref="3557566760"/>
  <nd ref="3557566715"/>
  <nd ref="3557566695"/>
  <nd ref="3557566738"/>
  <tag k="building" v="yes"/>
 </way>
 <way id="349985167" visible="true" version="1" changeset="31577387" timestamp="2015-05-30T05:52:22Z" user="Narsimulu" uid="2949621">
  <nd ref="3557566998"/>
  <nd ref="3557567050"/>
  <nd ref="3557567018"/>
  <nd ref="3557566972"/>
  <nd ref="3557566998"/>
  <tag k="building" v="yes"/>
 </way>
 <way id="349985169" visible="true" version="1" changeset="31577387" timestamp="2015-05-30T05:52:22Z" user="Narsimulu" uid="2949621">
  <nd ref="3557568454"/>
  <nd ref="3557568459"/>
  <nd ref="3557568406"/>
  <nd ref="3557568397"/>
  <nd ref="3557568454"/>
  <tag k="building" v="yes"/>
 </way>
 <way id="349985172" visible="true" version="1" changeset="31577387" timestamp="2015-05-30T05:52:22Z" user="Narsimulu" uid="2949621">
  <nd ref="3557567197"/>
  <nd ref="3557567221"/>
  <nd ref="3557567057"/>
  <nd ref="3557567035"/>
  <nd ref="3557567197"/>
  <tag k="building" v="yes"/>
 </way>
 <way id="349985174" visible="true" version="1" changeset="31577387" timestamp="2015-05-30T05:52:22Z" user="Narsimulu" uid="2949621">
  <nd ref="3557566524"/>
  <nd ref="3557566533"/>
  <nd ref="3557566519"/>
  <nd ref="3557566511"/>
  <nd ref="3557566524"/>
  <tag k="building" v="yes"/>
 </way>
 <way id="349985176" visible="true" version="1" changeset="31577387" timestamp="2015-05-30T05:52:22Z" user="Narsimulu" uid="2949621">
  <nd ref="3557567264"/>
  <nd ref="3557567403"/>
  <nd ref="3557567285"/>
  <nd ref="3557567246"/>
  <nd ref="3557567264"/>
  <tag k="building" v="yes"/>
 </way>
 <way id="349985178" visible="true" version="1" changeset="31577387" timestamp="2015-05-30T05:52:22Z" user="Narsimulu" uid="2949621">
  <nd ref="3557566540"/>
  <nd ref="3557566564"/>
  <nd ref="3557566538"/>
  <nd ref="3557566526"/>
  <nd ref="3557566540"/>
  <tag k="building" v="yes"/>
 </way>
 <way id="349985180" visible="true" version="1" changeset="31577387" timestamp="2015-05-30T05:52:22Z" user="Narsimulu" uid="2949621">
  <nd ref="3557568349"/>
  <nd ref="3557568392"/>
  <nd ref="3557568373"/>
  <nd ref="3557568329"/>
  <nd ref="3557568349"/>
  <tag k="building" v="yes"/>
 </way>
 <way id="349985184" visible="true" version="1" changeset="31577387" timestamp="2015-05-30T05:52:22Z" user="Narsimulu" uid="2949621">
  <nd ref="3557566731"/>
  <nd ref="3557566592"/>
  <nd ref="3557566578"/>
  <nd ref="3557566719"/>
  <nd ref="3557566731"/>
  <tag k="building" v="yes"/>
 </way>
 <way id="349985186" visible="true" version="1" changeset="31577387" timestamp="2015-05-30T05:52:22Z" user="Narsimulu" uid="2949621">
  <nd ref="3557566763"/>
  <nd ref="3557566727"/>
  <nd ref="3557566567"/>
  <nd ref="3557566700"/>
  <nd ref="3557566763"/>
  <tag k="building" v="yes"/>
 </way>
 <way id="349985190" visible="true" version="1" changeset="31577387" timestamp="2015-05-30T05:52:23Z" user="Narsimulu" uid="2949621">
  <nd ref="3557568059"/>
  <nd ref="3557568120"/>
  <nd ref="3557568071"/>
  <nd ref="3557568009"/>
  <nd ref="3557568059"/>
  <tag k="building" v="yes"/>
 </way>
 <way id="349985192" visible="true" version="1" changeset="31577387" timestamp="2015-05-30T05:52:23Z" user="Narsimulu" uid="2949621">
  <nd ref="3557567421"/>
  <nd ref="3557567455"/>
  <nd ref="3557567427"/>
  <nd ref="3557567395"/>
  <nd ref="3557567421"/>
  <tag k="building" v="yes"/>
 </way>
 <way id="349985196" visible="true" version="1" changeset="31577387" timestamp="2015-05-30T05:52:23Z" user="Narsimulu" uid="2949621">
  <nd ref="3557566996"/>
  <nd ref="3557566955"/>
  <nd ref="3557566946"/>
  <nd ref="3557566983"/>
  <nd ref="3557566996"/>
  <tag k="building" v="yes"/>
 </way>
 <way id="349985198" visible="true" version="1" changeset="31577387" timestamp="2015-05-30T05:52:23Z" user="Narsimulu" uid="2949621">
  <nd ref="3557568183"/>
  <nd ref="3557568240"/>
  <nd ref="3557568218"/>
  <nd ref="3557568153"/>
  <nd ref="3557568183"/>
  <tag k="building" v="yes"/>
 </way>
 <way id="349985202" visible="true" version="1" changeset="31577387" timestamp="2015-05-30T05:52:23Z" user="Narsimulu" uid="2949621">
  <nd ref="3557568302"/>
  <nd ref="3557568247"/>
  <nd ref="3557568178"/>
  <nd ref="3557568244"/>
  <nd ref="3557568302"/>
  <tag k="building" v="yes"/>
 </way>
 <way id="349985204" visible="true" version="1" changeset="31577387" timestamp="2015-05-30T05:52:23Z" user="Narsimulu" uid="2949621">
  <nd ref="3557567398"/>
  <nd ref="3557567430"/>
  <nd ref="3557567292"/>
  <nd ref="3557567261"/>
  <nd ref="3557567398"/>
  <tag k="building" v="yes"/>
 </way>
 <way id="349985206" visible="true" version="1" changeset="31577387" timestamp="2015-05-30T05:52:23Z" user="Narsimulu" uid="2949621">
  <nd ref="3557568365"/>
  <nd ref="3557568297"/>
  <nd ref="3557568264"/>
  <nd ref="3557568333"/>
  <nd ref="3557568365"/>
  <tag k="building" v="yes"/>
 </way>
 <way id="349985208" visible="true" version="1" changeset="31577387" timestamp="2015-05-30T05:52:23Z" user="Narsimulu" uid="2949621">
  <nd ref="3557568124"/>
  <nd ref="3557568208"/>
  <nd ref="3557568151"/>
  <nd ref="3557568078"/>
  <nd ref="3557568124"/>
  <tag k="building" v="yes"/>
 </way>
 <way id="349985210" visible="true" version="1" changeset="31577387" timestamp="2015-05-30T05:52:23Z" user="Narsimulu" uid="2949621">
  <nd ref="3557567007"/>
  <nd ref="3557567034"/>
  <nd ref="3557566986"/>
  <nd ref="3557566962"/>
  <nd ref="3557567007"/>
  <tag k="building" v="yes"/>
 </way>
 <way id="349985212" visible="true" version="1" changeset="31577387" timestamp="2015-05-30T05:52:23Z" user="Narsimulu" uid="2949621">
  <nd ref="3557567235"/>
  <nd ref="3557567081"/>
  <nd ref="3557567064"/>
  <nd ref="3557567215"/>
  <nd ref="3557567235"/>
  <tag k="building" v="yes"/>
 </way>
 <way id="349985214" visible="true" version="1" changeset="31577387" timestamp="2015-05-30T05:52:23Z" user="Narsimulu" uid="2949621">
  <nd ref="3557567230"/>
  <nd ref="3557567265"/>
  <nd ref="3557567207"/>
  <nd ref="3557567061"/>
  <nd ref="3557567230"/>
  <tag k="building" v="yes"/>
 </way>
 <way id="349985215" visible="true" version="1" changeset="31577387" timestamp="2015-05-30T05:52:23Z" user="Narsimulu" uid="2949621">
  <nd ref="3557566893"/>
  <nd ref="3557566935"/>
  <nd ref="3557566953"/>
  <nd ref="3557566912"/>
  <nd ref="3557566893"/>
  <tag k="building" v="yes"/>
 </way>
 <way id="349985217" visible="true" version="1" changeset="31577387" timestamp="2015-05-30T05:52:23Z" user="Narsimulu" uid="2949621">
  <nd ref="3557568430"/>
  <nd ref="3557568451"/>
  <nd ref="3557568388"/>
  <nd ref="3557568369"/>
  <nd ref="3557568430"/>
  <tag k="building" v="yes"/>
 </way>
 <way id="349985219" visible="true" version="1" changeset="31577387" timestamp="2015-05-30T05:52:23Z" user="Narsimulu" uid="2949621">
  <nd ref="3557567021"/>
  <nd ref="3557567042"/>
  <nd ref="3557567001"/>
  <nd ref="3557566985"/>
  <nd ref="3557567021"/>
  <tag k="building" v="yes"/>
 </way>
 <way id="349985223" visible="true" version="1" changeset="31577387" timestamp="2015-05-30T05:52:23Z" user="Narsimulu" uid="2949621">
  <nd ref="3557567600"/>
  <nd ref="3557567649"/>
  <nd ref="3557567620"/>
  <nd ref="3557567477"/>
  <nd ref="3557567600"/>
  <tag k="building" v="yes"/>
 </way>
 <way id="349985225" visible="true" version="1" changeset="31577387" timestamp="2015-05-30T05:52:23Z" user="Narsimulu" uid="2949621">
  <nd ref="3557559191"/>
  <nd ref="3557559187"/>
  <nd ref="3557559181"/>
  <nd ref="3557559182"/>
  <nd ref="3557559191"/>
  <tag k="building" v="yes"/>
 </way>
 <way id="349985228" visible="true" version="1" changeset="31577387" timestamp="2015-05-30T05:52:23Z" user="Narsimulu" uid="2949621">
  <nd ref="3557568273"/>
  <nd ref="3557568328"/>
  <nd ref="3557568299"/>
  <nd ref="3557568245"/>
  <nd ref="3557568273"/>
  <tag k="building" v="yes"/>
 </way>
 <way id="349985230" visible="true" version="1" changeset="31577387" timestamp="2015-05-30T05:52:23Z" user="Narsimulu" uid="2949621">
  <nd ref="3557567405"/>
  <nd ref="3557567278"/>
  <nd ref="3557567247"/>
  <nd ref="3557567277"/>
  <nd ref="3557567405"/>
  <tag k="building" v="yes"/>
 </way>
 <way id="349985234" visible="true" version="1" changeset="31577387" timestamp="2015-05-30T05:52:24Z" user="Narsimulu" uid="2949621">
  <nd ref="3557568271"/>
  <nd ref="3557568310"/>
  <nd ref="3557568221"/>
  <nd ref="3557568169"/>
  <nd ref="3557568271"/>
  <tag k="building" v="yes"/>
 </way>
 <way id="349985236" visible="true" version="1" changeset="31577387" timestamp="2015-05-30T05:52:24Z" user="Narsimulu" uid="2949621">
  <nd ref="3557568137"/>
  <nd ref="3557568204"/>
  <nd ref="3557568166"/>
  <nd ref="3557568102"/>
  <nd ref="3557568137"/>
  <tag k="building" v="yes"/>
 </way>
 <way id="349985239" visible="true" version="1" changeset="31577387" timestamp="2015-05-30T05:52:24Z" user="Narsimulu" uid="2949621">
  <nd ref="3557568174"/>
  <nd ref="3557568241"/>
  <nd ref="3557568213"/>
  <nd ref="3557568141"/>
  <nd ref="3557568174"/>
  <tag k="building" v="yes"/>
 </way>
 <way id="349985242" visible="true" version="1" changeset="31577387" timestamp="2015-05-30T05:52:24Z" user="Narsimulu" uid="2949621">
  <nd ref="3557568506"/>
  <nd ref="3557568519"/>
  <nd ref="3557568479"/>
  <nd ref="3557568458"/>
  <nd ref="3557568506"/>
  <tag k="building" v="yes"/>
 </way>
 <way id="349985246" visible="true" version="1" changeset="31577387" timestamp="2015-05-30T05:52:24Z" user="Narsimulu" uid="2949621">
  <nd ref="3557566987"/>
  <nd ref="3557567028"/>
  <nd ref="3557567005"/>
  <nd ref="3557566963"/>
  <nd ref="3557566987"/>
  <tag k="building" v="yes"/>
 </way>
 <way id="349985248" visible="true" version="1" changeset="31577387" timestamp="2015-05-30T05:52:24Z" user="Narsimulu" uid="2949621">
  <nd ref="3557568110"/>
  <nd ref="3557568184"/>
  <nd ref="3557568134"/>
  <nd ref="3557568069"/>
  <nd ref="3557568110"/>
  <tag k="building" v="yes"/>
 </way>
 <way id="349985252" visible="true" version="1" changeset="31577387" timestamp="2015-05-30T05:52:24Z" user="Narsimulu" uid="2949621">
  <nd ref="3557567267"/>
  <nd ref="3557567397"/>
  <nd ref="3557567248"/>
  <nd ref="3557567226"/>
  <nd ref="3557567267"/>
  <tag k="building" v="yes"/>
 </way>
 <way id="349985256" visible="true" version="1" changeset="31577387" timestamp="2015-05-30T05:52:24Z" user="Narsimulu" uid="2949621">
  <nd ref="3557567254"/>
  <nd ref="3557567266"/>
  <nd ref="3557567225"/>
  <nd ref="3557567205"/>
  <nd ref="3557567254"/>
  <tag k="building" v="yes"/>
 </way>
 <way id="349985260" visible="true" version="1" changeset="31577387" timestamp="2015-05-30T05:52:24Z" user="Narsimulu" uid="2949621">
  <nd ref="3557566699"/>
  <nd ref="3557566566"/>
  <nd ref="3557566551"/>
  <nd ref="3557566584"/>
  <nd ref="3557566699"/>
  <tag k="building" v="yes"/>
 </way>
 <way id="349985264" visible="true" version="1" changeset="31577387" timestamp="2015-05-30T05:52:24Z" user="Narsimulu" uid="2949621">
  <nd ref="3557566957"/>
  <nd ref="3557566977"/>
  <nd ref="3557566937"/>
  <nd ref="3557566913"/>
  <nd ref="3557566957"/>
  <tag k="building" v="yes"/>
 </way>
 <way id="349985267" visible="true" version="1" changeset="31577387" timestamp="2015-05-30T05:52:24Z" user="Narsimulu" uid="2949621">
  <nd ref="3557567244"/>
  <nd ref="3557567199"/>
  <nd ref="3557567084"/>
  <nd ref="3557567232"/>
  <nd ref="3557567244"/>
  <tag k="building" v="yes"/>
 </way>
 <way id="349985269" visible="true" version="1" changeset="31577387" timestamp="2015-05-30T05:52:24Z" user="Narsimulu" uid="2949621">
  <nd ref="3557567837"/>
  <nd ref="3557567678"/>
  <nd ref="3557567656"/>
  <nd ref="3557567819"/>
  <nd ref="3557567837"/>
  <tag k="building" v="yes"/>
 </way>
 <way id="349985271" visible="true" version="1" changeset="31577387" timestamp="2015-05-30T05:52:25Z" user="Narsimulu" uid="2949621">
  <nd ref="3557567833"/>
  <nd ref="3557567863"/>
  <nd ref="3557567798"/>
  <nd ref="3557567671"/>
  <nd ref="3557567833"/>
  <tag k="building" v="yes"/>
 </way>
 <way id="349985273" visible="true" version="1" changeset="31577387" timestamp="2015-05-30T05:52:25Z" user="Narsimulu" uid="2949621">
  <nd ref="3557568033"/>
  <nd ref="3557568067"/>
  <nd ref="3557567970"/>
  <nd ref="3557567949"/>
  <nd ref="3557568033"/>
  <tag k="building" v="yes"/>
 </way>
 <way id="349985279" visible="true" version="1" changeset="31577387" timestamp="2015-05-30T05:52:25Z" user="Narsimulu" uid="2949621">
  <nd ref="3557567289"/>
  <nd ref="3557567425"/>
  <nd ref="3557567287"/>
  <nd ref="3557567245"/>
  <nd ref="3557567289"/>
  <tag k="building" v="yes"/>
 </way>
 <way id="349985281" visible="true" version="1" changeset="31577387" timestamp="2015-05-30T05:52:25Z" user="Narsimulu" uid="2949621">
  <nd ref="3557567810"/>
  <nd ref="3557567830"/>
  <nd ref="3557567661"/>
  <nd ref="3557567641"/>
  <nd ref="3557567810"/>
  <tag k="building" v="yes"/>
 </way>
 <way id="349985283" visible="true" version="1" changeset="31577387" timestamp="2015-05-30T05:52:25Z" user="Narsimulu" uid="2949621">
  <nd ref="3557568025"/>
  <nd ref="3557568063"/>
  <nd ref="3557567989"/>
  <nd ref="3557567955"/>
  <nd ref="3557568025"/>
  <tag k="building" v="yes"/>
 </way>
 <way id="349985286" visible="true" version="1" changeset="31577387" timestamp="2015-05-30T05:52:25Z" user="Narsimulu" uid="2949621">
  <nd ref="3557567631"/>
  <nd ref="3557567663"/>
  <nd ref="3557567647"/>
  <nd ref="3557567609"/>
  <nd ref="3557567631"/>
  <tag k="building" v="yes"/>
 </way>
 <way id="349985287" visible="true" version="1" changeset="31577387" timestamp="2015-05-30T05:52:25Z" user="Narsimulu" uid="2949621">
  <nd ref="3557568091"/>
  <nd ref="3557568010"/>
  <nd ref="3557567994"/>
  <nd ref="3557568070"/>
  <nd ref="3557568091"/>
  <tag k="building" v="yes"/>
 </way>
 <way id="349985288" visible="true" version="1" changeset="31577387" timestamp="2015-05-30T05:52:25Z" user="Narsimulu" uid="2949621">
  <nd ref="3557567669"/>
  <nd ref="3557567606"/>
  <nd ref="3557567482"/>
  <nd ref="3557567642"/>
  <nd ref="3557567669"/>
  <tag k="building" v="yes"/>
 </way>
 <way id="349985290" visible="true" version="1" changeset="31577387" timestamp="2015-05-30T05:52:25Z" user="Narsimulu" uid="2949621">
  <nd ref="3557568004"/>
  <nd ref="3557568055"/>
  <nd ref="3557567988"/>
  <nd ref="3557567933"/>
  <nd ref="3557568004"/>
  <tag k="building" v="yes"/>
 </way>
 <way id="349985292" visible="true" version="1" changeset="31577387" timestamp="2015-05-30T05:52:25Z" user="Narsimulu" uid="2949621">
  <nd ref="3557568466"/>
  <nd ref="3557568407"/>
  <nd ref="3557568385"/>
  <nd ref="3557568450"/>
  <nd ref="3557568466"/>
  <tag k="building" v="yes"/>
 </way>
 <way id="349985294" visible="true" version="1" changeset="31577387" timestamp="2015-05-30T05:52:25Z" user="Narsimulu" uid="2949621">
  <nd ref="3557567462"/>
  <nd ref="3557567406"/>
  <nd ref="3557567280"/>
  <nd ref="3557567433"/>
  <nd ref="3557567462"/>
  <tag k="building" v="yes"/>
 </way>
 <way id="349985298" visible="true" version="1" changeset="31577387" timestamp="2015-05-30T05:52:25Z" user="Narsimulu" uid="2949621">
  <nd ref="3557568155"/>
  <nd ref="3557568192"/>
  <nd ref="3557568089"/>
  <nd ref="3557568061"/>
  <nd ref="3557568155"/>
  <tag k="building" v="yes"/>
 </way>
 <way id="349985300" visible="true" version="1" changeset="31577387" timestamp="2015-05-30T05:52:25Z" user="Narsimulu" uid="2949621">
  <nd ref="3557568488"/>
  <nd ref="3557568501"/>
  <nd ref="3557568456"/>
  <nd ref="3557568439"/>
  <nd ref="3557568488"/>
  <tag k="building" v="yes"/>
 </way>
 <way id="349985302" visible="true" version="1" changeset="31577387" timestamp="2015-05-30T05:52:25Z" user="Narsimulu" uid="2949621">
  <nd ref="3557567252"/>
  <nd ref="3557567087"/>
  <nd ref="3557567051"/>
  <nd ref="3557567220"/>
  <nd ref="3557567252"/>
  <tag k="building" v="yes"/>
 </way>
 <way id="349985304" visible="true" version="1" changeset="31577387" timestamp="2015-05-30T05:52:26Z" user="Narsimulu" uid="2949621">
  <nd ref="3557567876"/>
  <nd ref="3557567817"/>
  <nd ref="3557567686"/>
  <nd ref="3557567839"/>
  <nd ref="3557567876"/>
  <tag k="building" v="yes"/>
 </way>
 <way id="349985306" visible="true" version="1" changeset="31577387" timestamp="2015-05-30T05:52:26Z" user="Narsimulu" uid="2949621">
  <nd ref="3557568035"/>
  <nd ref="3557568075"/>
  <nd ref="3557568002"/>
  <nd ref="3557567956"/>
  <nd ref="3557568035"/>
  <tag k="building" v="yes"/>
 </way>
 <way id="349985308" visible="true" version="1" changeset="31577387" timestamp="2015-05-30T05:52:26Z" user="Narsimulu" uid="2949621">
  <nd ref="3557566510"/>
  <nd ref="3557566513"/>
  <nd ref="3557566502"/>
  <nd ref="3557566499"/>
  <nd ref="3557566510"/>
  <tag k="building" v="yes"/>
 </way>
 <way id="349985310" visible="true" version="1" changeset="31577387" timestamp="2015-05-30T05:52:26Z" user="Narsimulu" uid="2949621">
  <nd ref="3557567971"/>
  <nd ref="3557567924"/>
  <nd ref="3557567881"/>
  <nd ref="3557567929"/>
  <nd ref="3557567971"/>
  <tag k="building" v="yes"/>
 </way>
 <way id="349985312" visible="true" version="1" changeset="31577387" timestamp="2015-05-30T05:52:26Z" user="Narsimulu" uid="2949621">
  <nd ref="3557568518"/>
  <nd ref="3557568534"/>
  <nd ref="3557568494"/>
  <nd ref="3557568478"/>
  <nd ref="3557568518"/>
  <tag k="building" v="yes"/>
 </way>
 <way id="349985315" visible="true" version="1" changeset="31577387" timestamp="2015-05-30T05:52:26Z" user="Narsimulu" uid="2949621">
  <nd ref="3557566514"/>
  <nd ref="3557566516"/>
  <nd ref="3557566504"/>
  <nd ref="3557566501"/>
  <nd ref="3557566514"/>
  <tag k="building" v="yes"/>
 </way>
 <way id="349985319" visible="true" version="1" changeset="31577387" timestamp="2015-05-30T05:52:26Z" user="Narsimulu" uid="2949621">
  <nd ref="3557568053"/>
  <nd ref="3557568104"/>
  <nd ref="3557568046"/>
  <nd ref="3557567999"/>
  <nd ref="3557568053"/>
  <tag k="building" v="yes"/>
 </way>
 <way id="349985323" visible="true" version="1" changeset="31577387" timestamp="2015-05-30T05:52:26Z" user="Narsimulu" uid="2949621">
  <nd ref="3557567218"/>
  <nd ref="3557567255"/>
  <nd ref="3557567228"/>
  <nd ref="3557567080"/>
  <nd ref="3557567218"/>
  <tag k="building" v="yes"/>
 </way>
 <way id="349985325" visible="true" version="1" changeset="31577387" timestamp="2015-05-30T05:52:26Z" user="Narsimulu" uid="2949621">
  <nd ref="3557566569"/>
  <nd ref="3557566539"/>
  <nd ref="3557566529"/>
  <nd ref="3557566562"/>
  <nd ref="3557566569"/>
  <tag k="building" v="yes"/>
 </way>
 <way id="349985327" visible="true" version="1" changeset="31577387" timestamp="2015-05-30T05:52:26Z" user="Narsimulu" uid="2949621">
  <nd ref="3557567960"/>
  <nd ref="3557568026"/>
  <nd ref="3557567911"/>
  <nd ref="3557567862"/>
  <nd ref="3557567960"/>
  <tag k="building" v="yes"/>
 </way>
 <way id="349985331" visible="true" version="1" changeset="31577387" timestamp="2015-05-30T05:52:26Z" user="Narsimulu" uid="2949621">
  <nd ref="3557568225"/>
  <nd ref="3557568315"/>
  <nd ref="3557568364"/>
  <nd ref="3557568280"/>
  <nd ref="3557568225"/>
  <tag k="building" v="yes"/>
 </way>
 <way id="349985333" visible="true" version="1" changeset="31577387" timestamp="2015-05-30T05:52:26Z" user="Narsimulu" uid="2949621">
  <nd ref="3557568127"/>
  <nd ref="3557568047"/>
  <nd ref="3557567995"/>
  <nd ref="3557568065"/>
  <nd ref="3557568127"/>
  <tag k="building" v="yes"/>
 </way>
 <way id="349985335" visible="true" version="1" changeset="31577387" timestamp="2015-05-30T05:52:26Z" user="Narsimulu" uid="2949621">
  <nd ref="3557567490"/>
  <nd ref="3557567426"/>
  <nd ref="3557567404"/>
  <nd ref="3557567468"/>
  <nd ref="3557567490"/>
  <tag k="building" v="yes"/>
 </way>
 <way id="349985337" visible="true" version="1" changeset="31577387" timestamp="2015-05-30T05:52:26Z" user="Narsimulu" uid="2949621">
  <nd ref="3557566978"/>
  <nd ref="3557567014"/>
  <nd ref="3557566964"/>
  <nd ref="3557566934"/>
  <nd ref="3557566978"/>
  <tag k="building" v="yes"/>
 </way>
 <way id="349985339" visible="true" version="1" changeset="31577387" timestamp="2015-05-30T05:52:26Z" user="Narsimulu" uid="2949621">
  <nd ref="3557567484"/>
  <nd ref="3557567601"/>
  <nd ref="3557567440"/>
  <nd ref="3557567422"/>
  <nd ref="3557567484"/>
  <tag k="building" v="yes"/>
 </way>
 <way id="349985341" visible="true" version="1" changeset="31577387" timestamp="2015-05-30T05:52:26Z" user="Narsimulu" uid="2949621">
  <nd ref="3557567940"/>
  <nd ref="3557567965"/>
  <nd ref="3557567896"/>
  <nd ref="3557567868"/>
  <nd ref="3557567940"/>
  <tag k="building" v="yes"/>
 </way>
 <way id="349985344" visible="true" version="1" changeset="31577387" timestamp="2015-05-30T05:52:26Z" user="Narsimulu" uid="2949621">
  <nd ref="3557567492"/>
  <nd ref="3557567439"/>
  <nd ref="3557567411"/>
  <nd ref="3557567467"/>
  <nd ref="3557567492"/>
  <tag k="building" v="yes"/>
 </way>
 <way id="349985346" visible="true" version="1" changeset="31577387" timestamp="2015-05-30T05:52:26Z" user="Narsimulu" uid="2949621">
  <nd ref="3557567082"/>
  <nd ref="3557567229"/>
  <nd ref="3557567203"/>
  <nd ref="3557567059"/>
  <nd ref="3557567082"/>
  <tag k="building" v="yes"/>
 </way>
 <way id="349985348" visible="true" version="1" changeset="31577387" timestamp="2015-05-30T05:52:26Z" user="Narsimulu" uid="2949621">
  <nd ref="3557568008"/>
  <nd ref="3557567942"/>
  <nd ref="3557567923"/>
  <nd ref="3557567993"/>
  <nd ref="3557568008"/>
  <tag k="building" v="yes"/>
 </way>
 <way id="349985350" visible="true" version="1" changeset="31577387" timestamp="2015-05-30T05:52:27Z" user="Narsimulu" uid="2949621">
  <nd ref="3557567429"/>
  <nd ref="3557567286"/>
  <nd ref="3557567262"/>
  <nd ref="3557567407"/>
  <nd ref="3557567429"/>
  <tag k="building" v="yes"/>
 </way>
 <way id="349985352" visible="true" version="1" changeset="31577387" timestamp="2015-05-30T05:52:27Z" user="Narsimulu" uid="2949621">
  <nd ref="3557568446"/>
  <nd ref="3557568490"/>
  <nd ref="3557568517"/>
  <nd ref="3557568473"/>
  <nd ref="3557568446"/>
  <tag k="building" v="yes"/>
 </way>
 <way id="349985354" visible="true" version="1" changeset="31577387" timestamp="2015-05-30T05:52:27Z" user="Narsimulu" uid="2949621">
  <nd ref="3557567621"/>
  <nd ref="3557567456"/>
  <nd ref="3557567438"/>
  <nd ref="3557567598"/>
  <nd ref="3557567621"/>
  <tag k="building" v="yes"/>
 </way>
 <way id="349985358" visible="true" version="1" changeset="31577387" timestamp="2015-05-30T05:52:27Z" user="Narsimulu" uid="2949621">
  <nd ref="3557566960"/>
  <nd ref="3557566914"/>
  <nd ref="3557566787"/>
  <nd ref="3557566931"/>
  <nd ref="3557566960"/>
  <tag k="building" v="yes"/>
 </way>
 <way id="349985362" visible="true" version="1" changeset="31577387" timestamp="2015-05-30T05:52:27Z" user="Narsimulu" uid="2949621">
  <nd ref="3557567928"/>
  <nd ref="3557567857"/>
  <nd ref="3557567835"/>
  <nd ref="3557567902"/>
  <nd ref="3557567928"/>
  <tag k="building" v="yes"/>
 </way>
 <way id="349985364" visible="true" version="1" changeset="31577387" timestamp="2015-05-30T05:52:27Z" user="Narsimulu" uid="2949621">
  <nd ref="3557568012"/>
  <nd ref="3557567983"/>
  <nd ref="3557567935"/>
  <nd ref="3557567964"/>
  <nd ref="3557568012"/>
  <tag k="building" v="yes"/>
 </way>
 <way id="349985366" visible="true" version="1" changeset="31577387" timestamp="2015-05-30T05:52:27Z" user="Narsimulu" uid="2949621">
  <nd ref="3557567414"/>
  <nd ref="3557567437"/>
  <nd ref="3557567272"/>
  <nd ref="3557567253"/>
  <nd ref="3557567414"/>
  <tag k="building" v="yes"/>
 </way>
 <way id="349985368" visible="true" version="1" changeset="31577387" timestamp="2015-05-30T05:52:27Z" user="Narsimulu" uid="2949621">
  <nd ref="3557566948"/>
  <nd ref="3557566961"/>
  <nd ref="3557566918"/>
  <nd ref="3557566907"/>
  <nd ref="3557566948"/>
  <tag k="building" v="yes"/>
 </way>
 <way id="349985370" visible="true" version="1" changeset="31577387" timestamp="2015-05-30T05:52:27Z" user="Narsimulu" uid="2949621">
  <nd ref="3557566765"/>
  <nd ref="3557566729"/>
  <nd ref="3557566710"/>
  <nd ref="3557566745"/>
  <nd ref="3557566765"/>
  <tag k="building" v="yes"/>
 </way>
 <way id="349985372" visible="true" version="1" changeset="31577387" timestamp="2015-05-30T05:52:27Z" user="Narsimulu" uid="2949621">
  <nd ref="3557566506"/>
  <nd ref="3557566508"/>
  <nd ref="3557566500"/>
  <nd ref="3557566493"/>
  <nd ref="3557566506"/>
  <tag k="building" v="yes"/>
 </way>
 <way id="349985375" visible="true" version="1" changeset="31577387" timestamp="2015-05-30T05:52:27Z" user="Narsimulu" uid="2949621">
  <nd ref="3557568507"/>
  <nd ref="3557568522"/>
  <nd ref="3557568492"/>
  <nd ref="3557568461"/>
  <nd ref="3557568507"/>
  <tag k="building" v="yes"/>
 </way>
 <way id="349985377" visible="true" version="1" changeset="31577387" timestamp="2015-05-30T05:52:27Z" user="Narsimulu" uid="2949621">
  <nd ref="3557567944"/>
  <nd ref="3557567883"/>
  <nd ref="3557567846"/>
  <nd ref="3557567900"/>
  <nd ref="3557567944"/>
  <tag k="building" v="yes"/>
 </way>
 <way id="349985379" visible="true" version="1" changeset="31577387" timestamp="2015-05-30T05:52:27Z" user="Narsimulu" uid="2949621">
  <nd ref="3557568197"/>
  <nd ref="3557568130"/>
  <nd ref="3557568072"/>
  <nd ref="3557568129"/>
  <nd ref="3557568197"/>
  <tag k="building" v="yes"/>
 </way>
 <way id="349985381" visible="true" version="1" changeset="31577387" timestamp="2015-05-30T05:52:27Z" user="Narsimulu" uid="2949621">
  <nd ref="3557567040"/>
  <nd ref="3557567083"/>
  <nd ref="3557567062"/>
  <nd ref="3557567016"/>
  <nd ref="3557567040"/>
  <tag k="building" v="yes"/>
 </way>
 <way id="349985383" visible="true" version="1" changeset="31577387" timestamp="2015-05-30T05:52:27Z" user="Narsimulu" uid="2949621">
  <nd ref="3557568117"/>
  <nd ref="3557568082"/>
  <nd ref="3557568021"/>
  <nd ref="3557568062"/>
  <nd ref="3557568117"/>
  <tag k="building" v="yes"/>
 </way>
 <way id="349985385" visible="true" version="1" changeset="31577387" timestamp="2015-05-30T05:52:27Z" user="Narsimulu" uid="2949621">
  <nd ref="3557567011"/>
  <nd ref="3557566973"/>
  <nd ref="3557566951"/>
  <nd ref="3557566995"/>
  <nd ref="3557567011"/>
  <tag k="building" v="yes"/>
 </way>
 <way id="349985387" visible="true" version="1" changeset="31577387" timestamp="2015-05-30T05:52:27Z" user="Narsimulu" uid="2949621">
  <nd ref="3557567010"/>
  <nd ref="3557567056"/>
  <nd ref="3557567033"/>
  <nd ref="3557566990"/>
  <nd ref="3557567010"/>
  <tag k="building" v="yes"/>
 </way>
 <way id="349985389" visible="true" version="1" changeset="31577387" timestamp="2015-05-30T05:52:27Z" user="Narsimulu" uid="2949621">
  <nd ref="3557567815"/>
  <nd ref="3557567662"/>
  <nd ref="3557567639"/>
  <nd ref="3557567796"/>
  <nd ref="3557567815"/>
  <tag k="building" v="yes"/>
 </way>
 <way id="349985391" visible="true" version="1" changeset="31577387" timestamp="2015-05-30T05:52:27Z" user="Narsimulu" uid="2949621">
  <nd ref="3557567025"/>
  <nd ref="3557566982"/>
  <nd ref="3557566970"/>
  <nd ref="3557567009"/>
  <nd ref="3557567025"/>
  <tag k="building" v="yes"/>
 </way>
 <way id="349985395" visible="true" version="1" changeset="31577387" timestamp="2015-05-30T05:52:28Z" user="Narsimulu" uid="2949621">
  <nd ref="3557568426"/>
  <nd ref="3557568351"/>
  <nd ref="3557568326"/>
  <nd ref="3557568404"/>
  <nd ref="3557568426"/>
  <tag k="building" v="yes"/>
 </way>
 <way id="349985397" visible="true" version="1" changeset="31577387" timestamp="2015-05-30T05:52:28Z" user="Narsimulu" uid="2949621">
  <nd ref="3557567240"/>
  <nd ref="3557567270"/>
  <nd ref="3557567217"/>
  <nd ref="3557567077"/>
  <nd ref="3557567240"/>
  <tag k="building" v="yes"/>
 </way>
 <way id="349985399" visible="true" version="1" changeset="31577387" timestamp="2015-05-30T05:52:28Z" user="Narsimulu" uid="2949621">
  <nd ref="3557566968"/>
  <nd ref="3557566988"/>
  <nd ref="3557566941"/>
  <nd ref="3557566916"/>
  <nd ref="3557566968"/>
  <tag k="building" v="yes"/>
 </way>
 <way id="349985401" visible="true" version="1" changeset="31577387" timestamp="2015-05-30T05:52:28Z" user="Narsimulu" uid="2949621">
  <nd ref="3557567610"/>
  <nd ref="3557567473"/>
  <nd ref="3557567645"/>
  <nd ref="3557567683"/>
  <nd ref="3557567610"/>
  <tag k="building" v="yes"/>
 </way>
 <way id="349985405" visible="true" version="1" changeset="31577387" timestamp="2015-05-30T05:52:28Z" user="Narsimulu" uid="2949621">
  <nd ref="3557567926"/>
  <nd ref="3557567982"/>
  <nd ref="3557567931"/>
  <nd ref="3557567878"/>
  <nd ref="3557567926"/>
  <tag k="building" v="yes"/>
 </way>
 <way id="349985407" visible="true" version="1" changeset="31577387" timestamp="2015-05-30T05:52:28Z" user="Narsimulu" uid="2949621">
  <nd ref="3557566530"/>
  <nd ref="3557566547"/>
  <nd ref="3557566527"/>
  <nd ref="3557566517"/>
  <nd ref="3557566530"/>
  <tag k="building" v="yes"/>
 </way>
 <way id="349985411" visible="true" version="1" changeset="31577387" timestamp="2015-05-30T05:52:28Z" user="Narsimulu" uid="2949621">
  <nd ref="3557567219"/>
  <nd ref="3557567233"/>
  <nd ref="3557567091"/>
  <nd ref="3557567076"/>
  <nd ref="3557567219"/>
  <tag k="building" v="yes"/>
 </way>
 <way id="349985413" visible="true" version="1" changeset="31577387" timestamp="2015-05-30T05:52:28Z" user="Narsimulu" uid="2949621">
  <nd ref="3557567872"/>
  <nd ref="3557567895"/>
  <nd ref="3557567827"/>
  <nd ref="3557567809"/>
  <nd ref="3557567872"/>
  <tag k="building" v="yes"/>
 </way>
 <way id="349985415" visible="true" version="1" changeset="31577387" timestamp="2015-05-30T05:52:28Z" user="Narsimulu" uid="2949621">
  <nd ref="3557566495"/>
  <nd ref="3557566503"/>
  <nd ref="3557566498"/>
  <nd ref="3557559189"/>
  <nd ref="3557566495"/>
  <tag k="building" v="yes"/>
 </way>
 <way id="349985417" visible="true" version="1" changeset="31577387" timestamp="2015-05-30T05:52:28Z" user="Narsimulu" uid="2949621">
  <nd ref="3557566920"/>
  <nd ref="3557566777"/>
  <nd ref="3557566753"/>
  <nd ref="3557566896"/>
  <nd ref="3557566920"/>
  <tag k="building" v="yes"/>
 </way>
 <way id="349985421" visible="true" version="1" changeset="31577387" timestamp="2015-05-30T05:52:28Z" user="Narsimulu" uid="2949621">
  <nd ref="3557567915"/>
  <nd ref="3557567948"/>
  <nd ref="3557567884"/>
  <nd ref="3557567858"/>
  <nd ref="3557567915"/>
  <tag k="building" v="yes"/>
 </way>
 <way id="349985425" visible="true" version="1" changeset="31577387" timestamp="2015-05-30T05:52:28Z" user="Narsimulu" uid="2949621">
  <nd ref="3557559188"/>
  <nd ref="3557566496"/>
  <nd ref="3557559190"/>
  <nd ref="3557559185"/>
  <nd ref="3557559188"/>
  <tag k="building" v="yes"/>
 </way>
 <way id="349985427" visible="true" version="1" changeset="31577387" timestamp="2015-05-30T05:52:28Z" user="Narsimulu" uid="2949621">
  <nd ref="3557568113"/>
  <nd ref="3557568189"/>
  <nd ref="3557568109"/>
  <nd ref="3557568049"/>
  <nd ref="3557568113"/>
  <tag k="building" v="yes"/>
 </way>
 <way id="349985429" visible="true" version="1" changeset="31577387" timestamp="2015-05-30T05:52:28Z" user="Narsimulu" uid="2949621">
  <nd ref="3557566947"/>
  <nd ref="3557566897"/>
  <nd ref="3557566774"/>
  <nd ref="3557566915"/>
  <nd ref="3557566947"/>
  <tag k="building" v="yes"/>
 </way>
 <way id="349985433" visible="true" version="1" changeset="31577387" timestamp="2015-05-30T05:52:28Z" user="Narsimulu" uid="2949621">
  <nd ref="3557568076"/>
  <nd ref="3557568023"/>
  <nd ref="3557567975"/>
  <nd ref="3557568019"/>
  <nd ref="3557568076"/>
  <tag k="building" v="yes"/>
 </way>
 <way id="349985435" visible="true" version="1" changeset="31577387" timestamp="2015-05-30T05:52:28Z" user="Narsimulu" uid="2949621">
  <nd ref="3557567655"/>
  <nd ref="3557567692"/>
  <nd ref="3557567657"/>
  <nd ref="3557567624"/>
  <nd ref="3557567655"/>
  <tag k="building" v="yes"/>
 </way>
 <way id="349985436" visible="true" version="1" changeset="31577387" timestamp="2015-05-30T05:52:29Z" user="Narsimulu" uid="2949621">
  <nd ref="3557566740"/>
  <nd ref="3557566764"/>
  <nd ref="3557566726"/>
  <nd ref="3557566704"/>
  <nd ref="3557566740"/>
  <tag k="building" v="yes"/>
 </way>
 <way id="349985437" visible="true" version="1" changeset="31577387" timestamp="2015-05-30T05:52:29Z" user="Narsimulu" uid="2949621">
  <nd ref="3557566772"/>
  <nd ref="3557566901"/>
  <nd ref="3557566755"/>
  <nd ref="3557566728"/>
  <nd ref="3557566772"/>
  <tag k="building" v="yes"/>
 </way>
 <way id="349985438" visible="true" version="1" changeset="31577387" timestamp="2015-05-30T05:52:29Z" user="Narsimulu" uid="2949621">
  <nd ref="3557567832"/>
  <nd ref="3557567851"/>
  <nd ref="3557567795"/>
  <nd ref="3557567676"/>
  <nd ref="3557567832"/>
  <tag k="building" v="yes"/>
 </way>
 <way id="349985439" visible="true" version="1" changeset="31577387" timestamp="2015-05-30T05:52:29Z" user="Narsimulu" uid="2949621">
  <nd ref="3557567665"/>
  <nd ref="3557567597"/>
  <nd ref="3557567479"/>
  <nd ref="3557567644"/>
  <nd ref="3557567665"/>
  <tag k="building" v="yes"/>
 </way>
 <way id="349985440" visible="true" version="1" changeset="31577387" timestamp="2015-05-30T05:52:29Z" user="Narsimulu" uid="2949621">
  <nd ref="3557567913"/>
  <nd ref="3557567974"/>
  <nd ref="3557567943"/>
  <nd ref="3557567882"/>
  <nd ref="3557567913"/>
  <tag k="building" v="yes"/>
 </way>
 <way id="349985441" visible="true" version="1" changeset="31577387" timestamp="2015-05-30T05:52:29Z" user="Narsimulu" uid="2949621">
  <nd ref="3557567436"/>
  <nd ref="3557567475"/>
  <nd ref="3557567452"/>
  <nd ref="3557567409"/>
  <nd ref="3557567436"/>
  <tag k="building" v="yes"/>
 </way>
 <way id="349985443" visible="true" version="1" changeset="31577387" timestamp="2015-05-30T05:52:29Z" user="Narsimulu" uid="2949621">
  <nd ref="3557567472"/>
  <nd ref="3557567614"/>
  <nd ref="3557567481"/>
  <nd ref="3557567441"/>
  <nd ref="3557567472"/>
  <tag k="building" v="yes"/>
 </way>
 <way id="349985445" visible="true" version="1" changeset="31577387" timestamp="2015-05-30T05:52:29Z" user="Narsimulu" uid="2949621">
  <nd ref="3557566531"/>
  <nd ref="3557566555"/>
  <nd ref="3557566532"/>
  <nd ref="3557566521"/>
  <nd ref="3557566531"/>
  <tag k="building" v="yes"/>
 </way>
 <way id="349985446" visible="true" version="1" changeset="31577387" timestamp="2015-05-30T05:52:29Z" user="Narsimulu" uid="2949621">
  <nd ref="3557566749"/>
  <nd ref="3557566737"/>
  <nd ref="3557566712"/>
  <nd ref="3557566723"/>
  <nd ref="3557566749"/>
  <tag k="building" v="yes"/>
 </way>
 <way id="349985447" visible="true" version="1" changeset="31577387" timestamp="2015-05-30T05:52:29Z" user="Narsimulu" uid="2949621">
  <nd ref="3557568322"/>
  <nd ref="3557568371"/>
  <nd ref="3557568346"/>
  <nd ref="3557568289"/>
  <nd ref="3557568322"/>
  <tag k="building" v="yes"/>
 </way>
 <way id="349985449" visible="true" version="1" changeset="31577387" timestamp="2015-05-30T05:52:29Z" user="Narsimulu" uid="2949621">
  <nd ref="3557566940"/>
  <nd ref="3557566965"/>
  <nd ref="3557566925"/>
  <nd ref="3557566899"/>
  <nd ref="3557566940"/>
  <tag k="building" v="yes"/>
 </way>
 <way id="349985452" visible="true" version="1" changeset="31577387" timestamp="2015-05-30T05:52:29Z" user="Narsimulu" uid="2949621">
  <nd ref="3557566786"/>
  <nd ref="3557566770"/>
  <nd ref="3557566744"/>
  <nd ref="3557566758"/>
  <nd ref="3557566786"/>
  <tag k="building" v="yes"/>
 </way>
 <way id="349985453" visible="true" version="1" changeset="31577387" timestamp="2015-05-30T05:52:30Z" user="Narsimulu" uid="2949621">
  <nd ref="3557568298"/>
  <nd ref="3557568362"/>
  <nd ref="3557568321"/>
  <nd ref="3557568255"/>
  <nd ref="3557568298"/>
  <tag k="building" v="yes"/>
 </way>
 <way id="349985454" visible="true" version="1" changeset="31577387" timestamp="2015-05-30T05:52:30Z" user="Narsimulu" uid="2949621">
  <nd ref="3557567457"/>
  <nd ref="3557567491"/>
  <nd ref="3557567465"/>
  <nd ref="3557567432"/>
  <nd ref="3557567457"/>
  <tag k="building" v="yes"/>
 </way>
 <way id="349985455" visible="true" version="1" changeset="31577387" timestamp="2015-05-30T05:52:30Z" user="Narsimulu" uid="2949621">
  <nd ref="3557566739"/>
  <nd ref="3557566759"/>
  <nd ref="3557566725"/>
  <nd ref="3557566707"/>
  <nd ref="3557566739"/>
  <tag k="building" v="yes"/>
 </way>
 <way id="349985456" visible="true" version="1" changeset="31577387" timestamp="2015-05-30T05:52:30Z" user="Narsimulu" uid="2949621">
  <nd ref="3557567234"/>
  <nd ref="3557567271"/>
  <nd ref="3557567251"/>
  <nd ref="3557567211"/>
  <nd ref="3557567234"/>
  <tag k="building" v="yes"/>
 </way>
 <way id="349985457" visible="true" version="1" changeset="31577387" timestamp="2015-05-30T05:52:30Z" user="Narsimulu" uid="2949621">
  <nd ref="3557566515"/>
  <nd ref="3557566522"/>
  <nd ref="3557566509"/>
  <nd ref="3557566505"/>
  <nd ref="3557566515"/>
  <tag k="building" v="yes"/>
 </way>
 <way id="349985458" visible="true" version="1" changeset="31577387" timestamp="2015-05-30T05:52:30Z" user="Narsimulu" uid="2949621">
  <nd ref="3557568294"/>
  <nd ref="3557568228"/>
  <nd ref="3557568159"/>
  <nd ref="3557568231"/>
  <nd ref="3557568294"/>
  <tag k="building" v="yes"/>
 </way>
 <way id="349985459" visible="true" version="1" changeset="31577387" timestamp="2015-05-30T05:52:30Z" user="Narsimulu" uid="2949621">
  <nd ref="3557567416"/>
  <nd ref="3557567447"/>
  <nd ref="3557567413"/>
  <nd ref="3557567288"/>
  <nd ref="3557567416"/>
  <tag k="building" v="yes"/>
 </way>
 <way id="349985460" visible="true" version="1" changeset="31577387" timestamp="2015-05-30T05:52:30Z" user="Narsimulu" uid="2949621">
  <nd ref="3557566722"/>
  <nd ref="3557566735"/>
  <nd ref="3557566701"/>
  <nd ref="3557566586"/>
  <nd ref="3557566722"/>
  <tag k="building" v="yes"/>
 </way>
 <way id="349985461" visible="true" version="1" changeset="31577387" timestamp="2015-05-30T05:52:30Z" user="Narsimulu" uid="2949621">
  <nd ref="3557567424"/>
  <nd ref="3557567469"/>
  <nd ref="3557567444"/>
  <nd ref="3557567402"/>
  <nd ref="3557567424"/>
  <tag k="building" v="yes"/>
 </way>
 <way id="349985463" visible="true" version="1" changeset="31577387" timestamp="2015-05-30T05:52:30Z" user="Narsimulu" uid="2949621">
  <nd ref="3557568317"/>
  <nd ref="3557568265"/>
  <nd ref="3557568191"/>
  <nd ref="3557568261"/>
  <nd ref="3557568317"/>
  <tag k="building" v="yes"/>
 </way>
 <way id="349985464" visible="true" version="1" changeset="31577387" timestamp="2015-05-30T05:52:30Z" user="Narsimulu" uid="2949621">
  <nd ref="3557567604"/>
  <nd ref="3557567648"/>
  <nd ref="3557567616"/>
  <nd ref="3557567478"/>
  <nd ref="3557567604"/>
  <tag k="building" v="yes"/>
 </way>
 <way id="349985465" visible="true" version="1" changeset="31577387" timestamp="2015-05-30T05:52:30Z" user="Narsimulu" uid="2949621">
  <nd ref="3557568161"/>
  <nd ref="3557568232"/>
  <nd ref="3557568188"/>
  <nd ref="3557568115"/>
  <nd ref="3557568161"/>
  <tag k="building" v="yes"/>
 </way>
 <way id="349985466" visible="true" version="1" changeset="31577387" timestamp="2015-05-30T05:52:30Z" user="Narsimulu" uid="2949621">
  <nd ref="3557566943"/>
  <nd ref="3557566790"/>
  <nd ref="3557566779"/>
  <nd ref="3557566926"/>
  <nd ref="3557566943"/>
  <tag k="building" v="yes"/>
 </way>
 <way id="349985467" visible="true" version="1" changeset="31577387" timestamp="2015-05-30T05:52:30Z" user="Narsimulu" uid="2949621">
  <nd ref="3557567002"/>
  <nd ref="3557567194"/>
  <nd ref="3557567044"/>
  <nd ref="3557566952"/>
  <nd ref="3557567002"/>
  <tag k="building" v="yes"/>
 </way>
 <way id="349985469" visible="true" version="1" changeset="31577387" timestamp="2015-05-30T05:52:30Z" user="Narsimulu" uid="2949621">
  <nd ref="3557568295"/>
  <nd ref="3557568357"/>
  <nd ref="3557568314"/>
  <nd ref="3557568249"/>
  <nd ref="3557568295"/>
  <tag k="building" v="yes"/>
 </way>
 <way id="349985471" visible="true" version="1" changeset="31577387" timestamp="2015-05-30T05:52:30Z" user="Narsimulu" uid="2949621">
  <nd ref="3557568288"/>
  <nd ref="3557568330"/>
  <nd ref="3557568238"/>
  <nd ref="3557568196"/>
  <nd ref="3557568288"/>
  <tag k="building" v="yes"/>
 </way>
 <way id="349985472" visible="true" version="1" changeset="31577387" timestamp="2015-05-30T05:52:30Z" user="Narsimulu" uid="2949621">
  <nd ref="3557567487"/>
  <nd ref="3557567622"/>
  <nd ref="3557567486"/>
  <nd ref="3557567453"/>
  <nd ref="3557567487"/>
  <tag k="building" v="yes"/>
 </way>
 <way id="349985473" visible="true" version="1" changeset="31577387" timestamp="2015-05-30T05:52:30Z" user="Narsimulu" uid="2949621">
  <nd ref="3557567967"/>
  <nd ref="3557568015"/>
  <nd ref="3557567969"/>
  <nd ref="3557567930"/>
  <nd ref="3557567967"/>
  <tag k="building" v="yes"/>
 </way>
 <way id="349985475" visible="true" version="1" changeset="31577387" timestamp="2015-05-30T05:52:31Z" user="Narsimulu" uid="2949621">
  <nd ref="3557567860"/>
  <nd ref="3557567887"/>
  <nd ref="3557567822"/>
  <nd ref="3557567799"/>
  <nd ref="3557567860"/>
  <tag k="building" v="yes"/>
 </way>
 <way id="349985476" visible="true" version="1" changeset="31577387" timestamp="2015-05-30T05:52:31Z" user="Narsimulu" uid="2949621">
  <nd ref="3557568428"/>
  <nd ref="3557568497"/>
  <nd ref="3557568485"/>
  <nd ref="3557568405"/>
  <nd ref="3557568428"/>
  <tag k="building" v="yes"/>
 </way>
 <way id="349985477" visible="true" version="1" changeset="31577387" timestamp="2015-05-30T05:52:31Z" user="Narsimulu" uid="2949621">
  <nd ref="3557568020"/>
  <nd ref="3557568080"/>
  <nd ref="3557568034"/>
  <nd ref="3557567979"/>
  <nd ref="3557568020"/>
  <tag k="building" v="yes"/>
 </way>
 <way id="349985479" visible="true" version="1" changeset="31577387" timestamp="2015-05-30T05:52:31Z" user="Narsimulu" uid="2949621">
  <nd ref="3557568342"/>
  <nd ref="3557568386"/>
  <nd ref="3557568340"/>
  <nd ref="3557568281"/>
  <nd ref="3557568342"/>
  <tag k="building" v="yes"/>
 </way>
 <way id="349985480" visible="true" version="1" changeset="31577387" timestamp="2015-05-30T05:52:31Z" user="Narsimulu" uid="2949621">
  <nd ref="3557568259"/>
  <nd ref="3557568313"/>
  <nd ref="3557568268"/>
  <nd ref="3557568203"/>
  <nd ref="3557568259"/>
  <tag k="building" v="yes"/>
 </way>
 <way id="349985481" visible="true" version="1" changeset="31577387" timestamp="2015-05-30T05:52:31Z" user="Narsimulu" uid="2949621">
  <nd ref="3557567814"/>
  <nd ref="3557567840"/>
  <nd ref="3557567888"/>
  <nd ref="3557567864"/>
  <nd ref="3557567814"/>
  <tag k="building" v="yes"/>
 </way>
 <way id="349985482" visible="true" version="1" changeset="31577387" timestamp="2015-05-30T05:52:31Z" user="Narsimulu" uid="2949621">
  <nd ref="3557566936"/>
  <nd ref="3557566788"/>
  <nd ref="3557566771"/>
  <nd ref="3557566911"/>
  <nd ref="3557566936"/>
  <tag k="building" v="yes"/>
 </way>
 <way id="349985483" visible="true" version="1" changeset="31577387" timestamp="2015-05-30T05:52:31Z" user="Narsimulu" uid="2949621">
  <nd ref="3557567446"/>
  <nd ref="3557567483"/>
  <nd ref="3557567428"/>
  <nd ref="3557567394"/>
  <nd ref="3557567446"/>
  <tag k="building" v="yes"/>
 </way>
 <way id="349985486" visible="true" version="1" changeset="31577387" timestamp="2015-05-30T05:52:31Z" user="Narsimulu" uid="2949621">
  <nd ref="3557567210"/>
  <nd ref="3557567249"/>
  <nd ref="3557567231"/>
  <nd ref="3557567209"/>
  <nd ref="3557567086"/>
  <nd ref="3557567210"/>
  <tag k="building" v="yes"/>
 </way>
 <way id="349985487" visible="true" version="1" changeset="31577387" timestamp="2015-05-30T05:52:31Z" user="Narsimulu" uid="2949621">
  <nd ref="3557567460"/>
  <nd ref="3557567654"/>
  <nd ref="3557567629"/>
  <nd ref="3557567625"/>
  <nd ref="3557567450"/>
  <nd ref="3557567419"/>
  <nd ref="3557567400"/>
  <nd ref="3557567460"/>
  <tag k="building" v="yes"/>
 </way>
 <way id="351387933" visible="true" version="1" changeset="31712275" timestamp="2015-06-04T09:47:02Z" user="Narsimulu" uid="2949621">
  <nd ref="3571461686"/>
  <nd ref="3571461691"/>
  <nd ref="3571461684"/>
  <nd ref="3571461674"/>
  <nd ref="3571461686"/>
  <tag k="building" v="yes"/>
 </way>
 <way id="351388119" visible="true" version="1" changeset="31712275" timestamp="2015-06-04T09:47:15Z" user="Narsimulu" uid="2949621">
  <nd ref="3571461683"/>
  <nd ref="3571461690"/>
  <nd ref="3571461692"/>
  <nd ref="3571461689"/>
  <nd ref="3571461683"/>
  <tag k="building" v="yes"/>
 </way>
 <way id="351427540" visible="true" version="1" changeset="31716524" timestamp="2015-06-04T12:23:30Z" user="Narsimulu" uid="2949621">
  <nd ref="3571866897"/>
  <nd ref="3571866906"/>
  <nd ref="3571866901"/>
  <nd ref="3571866904"/>
  <nd ref="3571866910"/>
  <nd ref="3571866911"/>
  <nd ref="3571866905"/>
  <nd ref="3571866892"/>
  <nd ref="3571866894"/>
  <nd ref="3571866889"/>
  <nd ref="3571866884"/>
  <nd ref="3571866880"/>
  <nd ref="3571866897"/>
  <tag k="building" v="yes"/>
 </way>
 <way id="351427562" visible="true" version="1" changeset="31716524" timestamp="2015-06-04T12:23:31Z" user="Narsimulu" uid="2949621">
  <nd ref="3571866873"/>
  <nd ref="3571866885"/>
  <nd ref="3571866883"/>
  <nd ref="3571866890"/>
  <nd ref="3571866882"/>
  <nd ref="3571866893"/>
  <nd ref="3571866896"/>
  <nd ref="3571866902"/>
  <nd ref="3571866903"/>
  <nd ref="3571866912"/>
  <nd ref="3571866908"/>
  <nd ref="3571866900"/>
  <nd ref="3571866909"/>
  <nd ref="3571866899"/>
  <nd ref="3571866895"/>
  <nd ref="3571866891"/>
  <nd ref="3571866887"/>
  <nd ref="3571866886"/>
  <nd ref="3571866881"/>
  <nd ref="3571866871"/>
  <nd ref="3571866875"/>
  <nd ref="3571866874"/>
  <nd ref="3571866876"/>
  <nd ref="3571866872"/>
  <nd ref="3571866877"/>
  <nd ref="3571866869"/>
  <nd ref="3571866867"/>
  <nd ref="3571866866"/>
  <nd ref="3571866873"/>
  <tag k="building" v="yes"/>
 </way>
 <way id="351427616" visible="true" version="1" changeset="31716524" timestamp="2015-06-04T12:23:33Z" user="Narsimulu" uid="2949621">
  <nd ref="3571866868"/>
  <nd ref="3571866878"/>
  <nd ref="3571866870"/>
  <nd ref="3571866865"/>
  <nd ref="3571866868"/>
  <tag k="building" v="yes"/>
 </way>
 <way id="351427919" visible="true" version="1" changeset="31716524" timestamp="2015-06-04T12:23:49Z" user="Narsimulu" uid="2949621">
  <nd ref="3571866898"/>
  <nd ref="3571866907"/>
  <nd ref="3571866888"/>
  <nd ref="3571866879"/>
  <nd ref="3571866898"/>
  <tag k="building" v="yes"/>
 </way>
 <way id="681827391" visible="true" version="6" changeset="129985277" timestamp="2022-12-12T05:58:33Z" user="Pooja Koul" uid="16283053">
  <nd ref="6385280596"/>
  <nd ref="10254855927"/>
  <nd ref="9873662597"/>
  <nd ref="10254950534"/>
  <nd ref="9873662599"/>
  <nd ref="6385280595"/>
  <nd ref="10254877750"/>
  <nd ref="9873674456"/>
  <nd ref="2507744223"/>
  <tag k="highway" v="residential"/>
 </way>
 <way id="681827392" visible="true" version="5" changeset="129985277" timestamp="2022-12-12T05:58:33Z" user="Pooja Koul" uid="16283053">
  <nd ref="6385280598"/>
  <nd ref="10254877752"/>
  <nd ref="9873662600"/>
  <nd ref="10254950535"/>
  <nd ref="9873662598"/>
  <nd ref="10254855929"/>
  <nd ref="6385280597"/>
  <tag k="highway" v="residential"/>
 </way>
 <way id="681827393" visible="true" version="4" changeset="147515765" timestamp="2024-02-16T04:58:55Z" user="kunalchhapre" uid="19795114">
  <nd ref="6385280601"/>
  <nd ref="11185621959"/>
  <nd ref="11185582960"/>
  <nd ref="6385280600"/>
  <tag k="access" v="private"/>
  <tag k="highway" v="residential"/>
 </way>
 <way id="681827394" visible="true" version="4" changeset="147515765" timestamp="2024-02-16T04:58:55Z" user="kunalchhapre" uid="19795114">
  <nd ref="6385280603"/>
  <nd ref="11185622148"/>
  <nd ref="9873677682"/>
  <nd ref="6385280600"/>
  <nd ref="9873677684"/>
  <nd ref="6385280602"/>
  <tag k="access" v="private"/>
  <tag k="highway" v="residential"/>
 </way>
 <way id="681827396" visible="true" version="4" changeset="146056988" timestamp="2024-01-09T08:41:24Z" user="tusharvalvi" uid="16531141">
  <nd ref="11185571759"/>
  <nd ref="9873662605"/>
  <tag k="highway" v="residential"/>
 </way>
 <way id="681827397" visible="true" version="7" changeset="146056988" timestamp="2024-01-09T08:41:24Z" user="tusharvalvi" uid="16531141">
  <nd ref="6385280610"/>
  <nd ref="6385280599"/>
  <nd ref="6385280609"/>
  <tag k="highway" v="residential"/>
 </way>
 <way id="681827398" visible="true" version="6" changeset="146057421" timestamp="2024-01-09T08:53:56Z" user="tusharvalvi" uid="16531141">
  <nd ref="6385280613"/>
  <nd ref="10254950526"/>
  <nd ref="10254903748"/>
  <nd ref="9873662579"/>
  <nd ref="9873662576"/>
  <nd ref="10258431200"/>
  <nd ref="9873662578"/>
  <nd ref="6385280612"/>
  <tag k="highway" v="residential"/>
 </way>
 <way id="682865595" visible="true" version="3" changeset="142512649" timestamp="2023-10-13T08:50:42Z" user="iamsaurabhc" uid="19505666">
  <nd ref="6395861214"/>
  <nd ref="11259456048"/>
  <nd ref="6395861213"/>
  <tag k="highway" v="residential"/>
 </way>
 <way id="682865596" visible="true" version="4" changeset="142512649" timestamp="2023-10-13T08:50:42Z" user="iamsaurabhc" uid="19505666">
  <nd ref="6395861216"/>
  <nd ref="6395861214"/>
  <nd ref="6395861215"/>
  <nd ref="9871718825"/>
  <nd ref="9871718824"/>
  <nd ref="9871718823"/>
  <nd ref="11259456047"/>
  <nd ref="6395861225"/>
  <tag k="highway" v="residential"/>
 </way>
 <way id="682866050" visible="true" version="3" changeset="146056707" timestamp="2024-01-09T08:33:22Z" user="tusharvalvi" uid="16531141">
  <nd ref="6395869164"/>
  <nd ref="11502593157"/>
  <nd ref="9868089378"/>
  <nd ref="6395869163"/>
  <tag k="highway" v="residential"/>
 </way>
 <way id="682866051" visible="true" version="4" changeset="123343456" timestamp="2022-07-08T05:32:18Z" user="VLD106" uid="9124217">
  <nd ref="2507744223"/>
  <nd ref="9873677666"/>
  <nd ref="6395869166"/>
  <nd ref="9873677667"/>
  <nd ref="9873677668"/>
  <nd ref="9873677669"/>
  <nd ref="9868089377"/>
  <nd ref="9726102586"/>
  <nd ref="6395869165"/>
  <tag k="highway" v="residential"/>
 </way>
 <way id="706569111" visible="true" version="2" changeset="129987311" timestamp="2022-12-12T07:19:47Z" user="Pooja Koul" uid="16283053">
  <nd ref="2507744192"/>
  <nd ref="6639639845"/>
  <nd ref="10255025847"/>
  <nd ref="6639639835"/>
  <nd ref="6639639844"/>
  <tag k="highway" v="residential"/>
 </way>
 <way id="776791667" visible="true" version="4" changeset="147515765" timestamp="2024-02-16T04:58:55Z" user="kunalchhapre" uid="19795114">
  <nd ref="7247911168"/>
  <nd ref="11185620720"/>
  <nd ref="7247911167"/>
  <tag k="access" v="private"/>
  <tag k="highway" v="residential"/>
 </way>
 <way id="817528613" visible="true" version="2" changeset="146057421" timestamp="2024-01-09T08:53:56Z" user="tusharvalvi" uid="16531141">
  <nd ref="7635184024"/>
  <nd ref="7635184025"/>
  <nd ref="7635184026"/>
  <nd ref="9726102585"/>
  <nd ref="7635184027"/>
  <nd ref="7635184028"/>
  <nd ref="7635184024"/>
  <tag k="leisure" v="park"/>
 </way>
 <way id="817528614" visible="true" version="3" changeset="146057421" timestamp="2024-01-09T08:53:56Z" user="tusharvalvi" uid="16531141">
  <nd ref="7635184029"/>
  <nd ref="11502614965"/>
  <nd ref="9873674455"/>
  <nd ref="7635184031"/>
  <tag k="access" v="private"/>
  <tag k="highway" v="residential"/>
 </way>
 <way id="817528615" visible="true" version="1" changeset="86874482" timestamp="2020-06-19T11:26:40Z" user="Mayank Goel" uid="9510822">
  <nd ref="7635184032"/>
  <nd ref="7635184033"/>
  <nd ref="7635184034"/>
  <nd ref="7635184035"/>
  <nd ref="7635184032"/>
  <tag k="leisure" v="park"/>
 </way>
 <way id="1058459613" visible="true" version="1" changeset="120731885" timestamp="2022-05-09T07:06:08Z" user="user_10603760" uid="10603760">
  <nd ref="6395869163"/>
  <nd ref="9726102583"/>
  <tag k="highway" v="residential"/>
  <tag k="source" v="maxar"/>
 </way>
 <way id="1058459614" visible="true" version="1" changeset="120731885" timestamp="2022-05-09T07:06:08Z" user="user_10603760" uid="10603760">
  <nd ref="6395869165"/>
  <nd ref="6395869163"/>
  <tag k="highway" v="residential"/>
  <tag k="source" v="maxar"/>
 </way>
 <way id="1058459615" visible="true" version="2" changeset="146057421" timestamp="2024-01-09T08:53:56Z" user="tusharvalvi" uid="16531141">
  <nd ref="9726102585"/>
  <nd ref="7635184031"/>
  <nd ref="11502614966"/>
  <nd ref="9726102584"/>
  <tag k="access" v="private"/>
  <tag k="highway" v="residential"/>
  <tag k="source" v="maxar"/>
 </way>
 <way id="1058459616" visible="true" version="3" changeset="146057421" timestamp="2024-01-09T08:53:56Z" user="tusharvalvi" uid="16531141">
  <nd ref="9726102586"/>
  <nd ref="11502614967"/>
  <nd ref="9726102585"/>
  <nd ref="9726102587"/>
  <nd ref="9873674450"/>
  <nd ref="9873674451"/>
  <nd ref="9873674452"/>
  <nd ref="9873674453"/>
  <nd ref="9873674454"/>
  <nd ref="9873674455"/>
  <tag k="access" v="private"/>
  <tag k="highway" v="residential"/>
  <tag k="source" v="maxar"/>
 </way>
 <way id="1058866783" visible="true" version="1" changeset="120785840" timestamp="2022-05-10T10:09:43Z" user="user_10604185" uid="10604185">
  <nd ref="9729543783"/>
  <nd ref="2955578275"/>
  <tag k="highway" v="residential"/>
  <tag k="source" v="maxar"/>
 </way>
 <way id="1058866784" visible="true" version="3" changeset="137941269" timestamp="2023-06-30T05:10:18Z" user="jyotikatke" uid="19620700">
  <nd ref="9729543783"/>
  <nd ref="9729543784"/>
  <nd ref="9729543785"/>
  <nd ref="10248542663"/>
  <nd ref="9729543786"/>
  <nd ref="9729543787"/>
  <nd ref="11015213778"/>
  <tag k="highway" v="residential"/>
  <tag k="source" v="maxar"/>
 </way>
 <way id="1058866785" visible="true" version="2" changeset="146056707" timestamp="2024-01-09T08:33:22Z" user="tusharvalvi" uid="16531141">
  <nd ref="9729543784"/>
  <nd ref="9729543791"/>
  <tag k="highway" v="residential"/>
  <tag k="source" v="maxar"/>
 </way>
 <way id="1071514246" visible="true" version="1" changeset="122610925" timestamp="2022-06-20T09:03:28Z" user="Manithak" uid="10516176">
  <nd ref="2507744190"/>
  <nd ref="9729543783"/>
  <tag k="highway" v="residential"/>
  <tag k="source" v="maxar"/>
 </way>
 <way id="1076047851" visible="true" version="2" changeset="146056988" timestamp="2024-01-09T08:41:24Z" user="tusharvalvi" uid="16531141">
  <nd ref="9868089370"/>
  <nd ref="11502622123"/>
  <nd ref="2920313912"/>
  <tag k="highway" v="residential"/>
  <tag k="source" v="maxar"/>
 </way>
 <way id="1076047852" visible="true" version="2" changeset="146056988" timestamp="2024-01-09T08:41:24Z" user="tusharvalvi" uid="16531141">
  <nd ref="9868089370"/>
  <nd ref="9868089372"/>
  <tag k="highway" v="residential"/>
  <tag k="source" v="maxar"/>
 </way>
 <way id="1076047853" visible="true" version="3" changeset="123343553" timestamp="2022-07-08T05:35:25Z" user="VLD106" uid="9124217">
  <nd ref="6385280609"/>
  <nd ref="9873677674"/>
  <nd ref="9873674458"/>
  <nd ref="9873677673"/>
  <nd ref="9873677672"/>
  <nd ref="9873677671"/>
  <nd ref="9873677670"/>
  <nd ref="9868089373"/>
  <nd ref="9868089370"/>
  <nd ref="9868089374"/>
  <nd ref="9868089375"/>
  <tag k="highway" v="residential"/>
  <tag k="source" v="maxar"/>
 </way>
 <way id="1076047854" visible="true" version="1" changeset="123231652" timestamp="2022-07-05T11:49:45Z" user="VLD148" uid="10979428">
  <nd ref="9868089376"/>
  <nd ref="9868089377"/>
  <tag k="highway" v="residential"/>
  <tag k="source" v="maxar"/>
 </way>
 <way id="1076047855" visible="true" version="1" changeset="123231652" timestamp="2022-07-05T11:49:45Z" user="VLD148" uid="10979428">
  <nd ref="9868089376"/>
  <nd ref="9868089378"/>
  <tag k="highway" v="residential"/>
  <tag k="source" v="maxar"/>
 </way>
 <way id="1076047856" visible="true" version="1" changeset="123231652" timestamp="2022-07-05T11:49:45Z" user="VLD148" uid="10979428">
  <nd ref="9868089376"/>
  <nd ref="9868089379"/>
  <tag k="highway" v="residential"/>
  <tag k="source" v="maxar"/>
 </way>
 <way id="1076495281" visible="true" version="1" changeset="123303455" timestamp="2022-07-07T06:54:43Z" user="VLD106" uid="9124217">
  <nd ref="2955578275"/>
  <nd ref="9871718820"/>
  <nd ref="6395861226"/>
  <nd ref="9871718821"/>
  <nd ref="9871718822"/>
  <nd ref="6395861225"/>
  <tag k="highway" v="residential"/>
 </way>
 <way id="1076748642" visible="true" version="4" changeset="147515765" timestamp="2024-02-16T04:58:55Z" user="kunalchhapre" uid="19795114">
  <nd ref="9873671117"/>
  <nd ref="9873671119"/>
  <nd ref="7247911167"/>
  <nd ref="7247911166"/>
  <tag k="access" v="private"/>
  <tag k="highway" v="residential"/>
 </way>
 <way id="1076749288" visible="true" version="4" changeset="147475948" timestamp="2024-02-15T06:31:29Z" user="kunalchhapre" uid="19795114">
  <nd ref="9873662574"/>
  <nd ref="11625995189"/>
  <nd ref="10254950266"/>
  <nd ref="10254950523"/>
  <nd ref="11625995190"/>
  <nd ref="9873662576"/>
  <tag k="access" v="permissive"/>
  <tag k="highway" v="residential"/>
  <tag k="source" v="maxar"/>
 </way>
 <way id="1076749289" visible="true" version="4" changeset="147476018" timestamp="2024-02-15T06:33:54Z" user="kunalchhapre" uid="19795114">
  <nd ref="10254950265"/>
  <nd ref="10254950522"/>
  <tag k="access" v="permissive"/>
  <tag k="highway" v="residential"/>
  <tag k="source" v="maxar"/>
 </way>
 <way id="1076749290" visible="true" version="1" changeset="123343345" timestamp="2022-07-08T05:27:50Z" user="VLD106" uid="9124217">
  <nd ref="9873662579"/>
  <nd ref="9873662594"/>
  <nd ref="9873662580"/>
  <nd ref="9873662581"/>
  <nd ref="9873662582"/>
  <nd ref="9873662583"/>
  <nd ref="9873662587"/>
  <nd ref="9873662584"/>
  <nd ref="9873662586"/>
  <nd ref="9873662585"/>
  <nd ref="2507744192"/>
  <tag k="highway" v="residential"/>
  <tag k="source" v="maxar"/>
 </way>
 <way id="1076749291" visible="true" version="2" changeset="129990184" timestamp="2022-12-12T08:53:29Z" user="Pooja Koul" uid="16283053">
  <nd ref="9873662587"/>
  <nd ref="9873662588"/>
  <nd ref="9873662589"/>
  <nd ref="9873662590"/>
  <nd ref="9873662591"/>
  <nd ref="9873662592"/>
  <nd ref="10255149600"/>
  <nd ref="9873662593"/>
  <tag k="highway" v="residential"/>
  <tag k="source" v="maxar"/>
 </way>
 <way id="1076749292" visible="true" version="3" changeset="130019496" timestamp="2022-12-13T04:15:01Z" user="Pooja Koul" uid="16283053">
  <nd ref="9873662594"/>
  <nd ref="10258431201"/>
  <nd ref="9873662595"/>
  <nd ref="10255427317"/>
  <nd ref="9873662596"/>
  <tag k="highway" v="residential"/>
  <tag k="source" v="maxar"/>
 </way>
 <way id="1076749293" visible="true" version="1" changeset="123343345" timestamp="2022-07-08T05:27:50Z" user="VLD106" uid="9124217">
  <nd ref="9873662597"/>
  <nd ref="9873662598"/>
  <tag k="highway" v="residential"/>
  <tag k="source" v="maxar"/>
 </way>
 <way id="1076749294" visible="true" version="1" changeset="123343345" timestamp="2022-07-08T05:27:50Z" user="VLD106" uid="9124217">
  <nd ref="9873662599"/>
  <nd ref="9873662600"/>
  <tag k="highway" v="residential"/>
  <tag k="source" v="maxar"/>
 </way>
 <way id="1076749923" visible="true" version="2" changeset="129983911" timestamp="2022-12-12T04:53:40Z" user="Pooja Koul" uid="16283053">
  <nd ref="9873674447"/>
  <nd ref="10254855930"/>
  <nd ref="9873662599"/>
  <tag k="highway" v="residential"/>
  <tag k="source" v="maxar"/>
 </way>
 <way id="1076749924" visible="true" version="1" changeset="123343553" timestamp="2022-07-08T05:35:25Z" user="VLD106" uid="9124217">
  <nd ref="9873674448"/>
  <nd ref="9873674449"/>
  <tag k="highway" v="residential"/>
  <tag k="source" v="maxar"/>
 </way>
 <way id="1076749925" visible="true" version="2" changeset="146056707" timestamp="2024-01-09T08:33:22Z" user="tusharvalvi" uid="16531141">
  <nd ref="9873674456"/>
  <nd ref="9873662605"/>
  <nd ref="11502593156"/>
  <nd ref="9873674458"/>
  <tag k="highway" v="residential"/>
  <tag k="source" v="maxar"/>
 </way>
 <way id="1076749926" visible="true" version="2" changeset="146057421" timestamp="2024-01-09T08:53:56Z" user="tusharvalvi" uid="16531141">
  <nd ref="9873674453"/>
  <nd ref="11502614964"/>
  <nd ref="9873674462"/>
  <tag k="access" v="private"/>
  <tag k="highway" v="residential"/>
  <tag k="source" v="maxar"/>
 </way>
 <way id="1076750509" visible="true" version="1" changeset="123343694" timestamp="2022-07-08T05:40:22Z" user="VLD106" uid="9124217">
  <nd ref="9873671603"/>
  <nd ref="9873671604"/>
  <tag k="highway" v="residential"/>
  <tag k="source" v="maxar"/>
 </way>
 <way id="1120524366" visible="true" version="2" changeset="143000566" timestamp="2023-10-23T06:29:04Z" user="adianand" uid="19438866">
  <nd ref="9873671605"/>
  <nd ref="11282814328"/>
  <nd ref="9873671604"/>
  <tag k="highway" v="residential"/>
 </way>
 <way id="1120524367" visible="true" version="1" changeset="129893744" timestamp="2022-12-09T10:03:43Z" user="ompatekar" uid="16275581">
  <nd ref="9873671604"/>
  <nd ref="10248542663"/>
  <tag k="highway" v="residential"/>
 </way>
 <way id="1120524368" visible="true" version="1" changeset="129893744" timestamp="2022-12-09T10:03:43Z" user="ompatekar" uid="16275581">
  <nd ref="10248542664"/>
  <nd ref="10248542665"/>
  <nd ref="10248542666"/>
  <nd ref="10248542667"/>
  <nd ref="10248542668"/>
  <nd ref="10248542669"/>
  <nd ref="10248542670"/>
  <nd ref="10248542671"/>
  <tag k="highway" v="service"/>
 </way>
 <way id="1120524369" visible="true" version="1" changeset="129893744" timestamp="2022-12-09T10:03:43Z" user="ompatekar" uid="16275581">
  <nd ref="10248542671"/>
  <nd ref="10248542672"/>
  <tag k="highway" v="service"/>
 </way>
 <way id="1120524378" visible="true" version="1" changeset="129893744" timestamp="2022-12-09T10:03:43Z" user="ompatekar" uid="16275581">
  <nd ref="9729543783"/>
  <nd ref="10248542696"/>
  <tag k="highway" v="footway"/>
 </way>
 <way id="1120524379" visible="true" version="1" changeset="129893744" timestamp="2022-12-09T10:03:43Z" user="ompatekar" uid="16275581">
  <nd ref="10248542696"/>
  <nd ref="10248542697"/>
  <nd ref="10248542698"/>
  <nd ref="10248542699"/>
  <nd ref="10248542700"/>
  <nd ref="10248542701"/>
  <nd ref="10248542702"/>
  <nd ref="10248542703"/>
  <nd ref="10248542704"/>
  <nd ref="10248542680"/>
  <tag k="highway" v="footway"/>
 </way>
 <way id="1120524380" visible="true" version="1" changeset="129893744" timestamp="2022-12-09T10:03:43Z" user="ompatekar" uid="16275581">
  <nd ref="10248542696"/>
  <nd ref="10248542705"/>
  <tag k="highway" v="footway"/>
 </way>
 <way id="1121139405" visible="true" version="2" changeset="146056988" timestamp="2024-01-09T08:41:24Z" user="tusharvalvi" uid="16531141">
  <nd ref="10254855927"/>
  <nd ref="10254855929"/>
  <tag k="highway" v="residential"/>
 </way>
 <way id="1121139406" visible="true" version="1" changeset="129983911" timestamp="2022-12-12T04:53:40Z" user="Pooja Koul" uid="16283053">
  <nd ref="10254855930"/>
  <nd ref="10254855933"/>
  <nd ref="10254855935"/>
  <nd ref="10254855931"/>
  <nd ref="10254855932"/>
  <tag k="highway" v="residential"/>
 </way>
 <way id="1121139407" visible="true" version="1" changeset="129983911" timestamp="2022-12-12T04:53:40Z" user="Pooja Koul" uid="16283053">
  <nd ref="10254855933"/>
  <nd ref="10254855934"/>
  <tag k="highway" v="residential"/>
 </way>
 <way id="1121139408" visible="true" version="1" changeset="129983911" timestamp="2022-12-12T04:53:40Z" user="Pooja Koul" uid="16283053">
  <nd ref="10254855935"/>
  <nd ref="10254855936"/>
  <tag k="highway" v="residential"/>
 </way>
 <way id="1121139409" visible="true" version="1" changeset="129983911" timestamp="2022-12-12T04:53:40Z" user="Pooja Koul" uid="16283053">
  <nd ref="9873674449"/>
  <nd ref="10254855937"/>
  <nd ref="10254855930"/>
  <tag k="highway" v="residential"/>
 </way>
 <way id="1121139410" visible="true" version="1" changeset="129983911" timestamp="2022-12-12T04:53:40Z" user="Pooja Koul" uid="16283053">
  <nd ref="10254855937"/>
  <nd ref="10254855938"/>
  <tag k="highway" v="residential"/>
 </way>
 <way id="1121141920" visible="true" version="2" changeset="141158777" timestamp="2023-09-12T11:27:21Z" user="nileshdhandak" uid="16638013">
  <nd ref="10254877750"/>
  <nd ref="11185571761"/>
  <nd ref="11185571760"/>
  <nd ref="11185571759"/>
  <tag k="access" v="private"/>
  <tag k="highway" v="service"/>
 </way>
 <way id="1121146688" visible="true" version="1" changeset="129985170" timestamp="2022-12-12T05:53:27Z" user="Pooja Koul" uid="16283053">
  <nd ref="10254950264"/>
  <nd ref="10254950265"/>
  <tag k="highway" v="residential"/>
 </way>
 <way id="1121147102" visible="true" version="1" changeset="129985277" timestamp="2022-12-12T05:58:33Z" user="Pooja Koul" uid="16283053">
  <nd ref="10254950521"/>
  <nd ref="10254950522"/>
  <tag k="highway" v="residential"/>
 </way>
 <way id="1121147103" visible="true" version="2" changeset="147476018" timestamp="2024-02-15T06:33:54Z" user="kunalchhapre" uid="19795114">
  <nd ref="10254950522"/>
  <nd ref="10254950523"/>
  <tag k="access" v="permissive"/>
  <tag k="highway" v="residential"/>
 </way>
 <way id="1121147104" visible="true" version="2" changeset="147475948" timestamp="2024-02-15T06:31:29Z" user="kunalchhapre" uid="19795114">
  <nd ref="10254950523"/>
  <nd ref="10254950533"/>
  <nd ref="10254950525"/>
  <tag k="access" v="permissive"/>
  <tag k="highway" v="residential"/>
 </way>
 <way id="1121147109" visible="true" version="1" changeset="129985277" timestamp="2022-12-12T05:58:33Z" user="Pooja Koul" uid="16283053">
  <nd ref="10254950534"/>
  <nd ref="10254950535"/>
  <tag k="highway" v="residential"/>
 </way>
 <way id="1121150303" visible="true" version="2" changeset="147476786" timestamp="2024-02-15T07:01:17Z" user="kunalchhapre" uid="19795114">
  <nd ref="10254903748"/>
  <nd ref="11626044210"/>
  <nd ref="10254903749"/>
  <nd ref="10254903750"/>
  <nd ref="11626044211"/>
  <nd ref="10254903751"/>
  <tag k="access" v="permissive"/>
  <tag k="highway" v="residential"/>
 </way>
 <way id="1121152071" visible="true" version="1" changeset="129986395" timestamp="2022-12-12T06:46:50Z" user="Pooja Koul" uid="16283053">
  <nd ref="9873674449"/>
  <nd ref="10254999733"/>
  <nd ref="10254999731"/>
  <tag k="highway" v="residential"/>
 </way>
 <way id="1121152072" visible="true" version="1" changeset="129986395" timestamp="2022-12-12T06:46:50Z" user="Pooja Koul" uid="16283053">
  <nd ref="10254999732"/>
  <nd ref="10254999733"/>
  <tag k="highway" v="residential"/>
 </way>
 <way id="1121168449" visible="true" version="1" changeset="129990184" timestamp="2022-12-12T08:53:29Z" user="Pooja Koul" uid="16283053">
  <nd ref="10255149599"/>
  <nd ref="10255149600"/>
  <tag k="highway" v="residential"/>
 </way>
 <way id="1121199174" visible="true" version="1" changeset="129995526" timestamp="2022-12-12T11:33:32Z" user="Pooja Koul" uid="16283053">
  <nd ref="9873662596"/>
  <nd ref="10255427318"/>
  <nd ref="10255427315"/>
  <tag k="highway" v="residential"/>
 </way>
 <way id="1121199175" visible="true" version="1" changeset="129995526" timestamp="2022-12-12T11:33:32Z" user="Pooja Koul" uid="16283053">
  <nd ref="6385280610"/>
  <nd ref="10255427319"/>
  <nd ref="10255427316"/>
  <nd ref="10255427317"/>
  <tag k="highway" v="residential"/>
 </way>
 <way id="1121199176" visible="true" version="1" changeset="129995526" timestamp="2022-12-12T11:33:32Z" user="Pooja Koul" uid="16283053">
  <nd ref="10255427318"/>
  <nd ref="10255427319"/>
  <tag k="highway" v="service"/>
  <tag k="service" v="parking_aisle"/>
 </way>
 <way id="1121566251" visible="true" version="4" changeset="147515765" timestamp="2024-02-16T04:58:55Z" user="kunalchhapre" uid="19795114">
  <nd ref="10258446571"/>
  <nd ref="11185621960"/>
  <nd ref="10258446572"/>
  <nd ref="11185582959"/>
  <nd ref="11185582960"/>
  <tag k="access" v="private"/>
  <tag k="highway" v="residential"/>
 </way>
 <way id="1121566252" visible="true" version="3" changeset="147515765" timestamp="2024-02-16T04:58:55Z" user="kunalchhapre" uid="19795114">
  <nd ref="2507744196"/>
  <nd ref="11185621961"/>
  <nd ref="10258446573"/>
  <tag k="access" v="private"/>
  <tag k="highway" v="residential"/>
 </way>
 <way id="1121567328" visible="true" version="1" changeset="130019496" timestamp="2022-12-13T04:15:01Z" user="Pooja Koul" uid="16283053">
  <nd ref="10258431200"/>
  <nd ref="10258431201"/>
  <tag k="highway" v="residential"/>
 </way>
 <way id="1207149529" visible="true" version="1" changeset="141158777" timestamp="2023-09-12T11:27:21Z" user="nileshdhandak" uid="16638013">
  <nd ref="6385280609"/>
  <nd ref="6385280598"/>
  <tag k="highway" v="residential"/>
 </way>
 <way id="1207149530" visible="true" version="2" changeset="146056988" timestamp="2024-01-09T08:41:24Z" user="tusharvalvi" uid="16531141">
  <nd ref="11185571759"/>
  <nd ref="10254877752"/>
  <tag k="highway" v="residential"/>
 </way>
 <way id="1207151829" visible="true" version="2" changeset="147515765" timestamp="2024-02-16T04:58:55Z" user="kunalchhapre" uid="19795114">
  <nd ref="6385280608"/>
  <nd ref="11185620721"/>
  <nd ref="6385280602"/>
  <nd ref="7247911166"/>
  <nd ref="6385280606"/>
  <tag k="access" v="private"/>
  <tag k="highway" v="residential"/>
 </way>
 <way id="1207151830" visible="true" version="1" changeset="141159053" timestamp="2023-09-12T11:35:07Z" user="nileshdhandak" uid="16638013">
  <nd ref="2920313914"/>
  <nd ref="9868089375"/>
  <nd ref="7247911168"/>
  <nd ref="6385280608"/>
  <tag k="highway" v="residential"/>
  <tag k="source" v="bing"/>
 </way>
 <way id="1207152255" visible="true" version="1" changeset="141159166" timestamp="2023-09-12T11:38:31Z" user="nileshdhandak" uid="16638013">
  <nd ref="6385280599"/>
  <nd ref="6385280601"/>
  <tag k="highway" v="residential"/>
 </way>
 <way id="1207152256" visible="true" version="1" changeset="141159166" timestamp="2023-09-12T11:38:31Z" user="nileshdhandak" uid="16638013">
  <nd ref="6385280608"/>
  <nd ref="6385280601"/>
  <tag k="highway" v="residential"/>
  <tag k="source" v="bing"/>
 </way>
 <way id="1215279084" visible="true" version="2" changeset="155812995" timestamp="2024-08-27T06:32:39Z" user="jyothik" uid="19574771">
  <nd ref="11259456047"/>
  <nd ref="12139233756"/>
  <nd ref="11259456048"/>
  <tag k="highway" v="residential"/>
 </way>
 <way id="1215279088" visible="true" version="1" changeset="142512649" timestamp="2023-10-13T08:50:42Z" user="iamsaurabhc" uid="19505666">
  <nd ref="11259456053"/>
  <nd ref="9871718825"/>
  <tag k="highway" v="residential"/>
  <tag k="source" v="maxar"/>
 </way>
 <way id="1238258849" visible="true" version="1" changeset="146056412" timestamp="2024-01-09T08:25:04Z" user="tusharvalvi" uid="16531141">
  <nd ref="9873677670"/>
  <nd ref="11502602149"/>
  <tag k="highway" v="residential"/>
 </way>
 <way id="1238259963" visible="true" version="2" changeset="146056988" timestamp="2024-01-09T08:41:24Z" user="tusharvalvi" uid="16531141">
  <nd ref="11502593156"/>
  <nd ref="9868089379"/>
  <nd ref="11502602149"/>
  <nd ref="11502622124"/>
  <nd ref="11502593157"/>
  <tag k="highway" v="residential"/>
 </way>
 <way id="1238260921" visible="true" version="1" changeset="146056988" timestamp="2024-01-09T08:41:24Z" user="tusharvalvi" uid="16531141">
  <nd ref="11502622123"/>
  <nd ref="11502622124"/>
  <tag k="highway" v="residential"/>
 </way>
 <way id="1238260922" visible="true" version="1" changeset="146056988" timestamp="2024-01-09T08:41:24Z" user="tusharvalvi" uid="16531141">
  <nd ref="6385280609"/>
  <nd ref="9868089372"/>
  <nd ref="6385280608"/>
  <tag k="highway" v="residential"/>
 </way>
 <way id="1250681206" visible="true" version="1" changeset="147476018" timestamp="2024-02-15T06:33:54Z" user="kunalchhapre" uid="19795114">
  <nd ref="10254950522"/>
  <nd ref="11626012007"/>
  <nd ref="9873662578"/>
  <tag k="access" v="permissive"/>
  <tag k="highway" v="residential"/>
  <tag k="source" v="maxar"/>
 </way>
 <way id="1311435114" visible="true" version="1" changeset="155812995" timestamp="2024-08-27T06:32:39Z" user="jyothik" uid="19574771">
  <nd ref="12139233755"/>
  <nd ref="12139233756"/>
  <tag k="highway" v="residential"/>
 </way>
 <relation id="3546035" visible="true" version="1" changeset="20841285" timestamp="2014-03-01T09:12:51Z" user="n'garh" uid="600918">
  <member type="way" ref="263927259" role="outer"/>
  <member type="way" ref="263928476" role="outer"/>
  <member type="way" ref="263927267" role="outer"/>
  <member type="way" ref="263927261" role="outer"/>
  <member type="way" ref="263918274" role="outer"/>
  <member type="way" ref="263918277" role="outer"/>
  <member type="way" ref="262556630" role="outer"/>
  <tag k="boundary" v="political"/>
  <tag k="name" v="Khayala"/>
  <tag k="type" v="boundary"/>
 </relation>
 <relation id="3546037" visible="true" version="2" changeset="39887199" timestamp="2016-06-08T15:30:15Z" user="FvGordon" uid="161619">
  <member type="way" ref="263927265" role="outer"/>
  <member type="way" ref="263918268" role="outer"/>
  <member type="way" ref="263927258" role="outer"/>
  <member type="way" ref="263927264" role="outer"/>
  <member type="way" ref="263927261" role="outer"/>
  <tag k="boundary" v="political"/>
  <tag k="name" v="Titarpur"/>
  <tag k="type" v="boundary"/>
 </relation>
 <relation id="3546472" visible="true" version="2" changeset="70669443" timestamp="2019-05-27T17:22:08Z" user="sebastic" uid="665748">
  <member type="way" ref="263927265" role="outer"/>
  <member type="way" ref="263918268" role="outer"/>
  <member type="way" ref="258900797" role="outer"/>
  <member type="way" ref="263915434" role="outer"/>
  <member type="way" ref="263927266" role="outer"/>
  <member type="way" ref="263915435" role="outer"/>
  <member type="way" ref="263927263" role="outer"/>
  <member type="way" ref="263927262" role="outer"/>
  <member type="way" ref="263927264" role="outer"/>
  <member type="way" ref="263927261" role="outer"/>
  <tag k="boundary" v="political"/>
  <tag k="type" v="boundary"/>
 </relation>
 <relation id="3680132" visible="true" version="5" changeset="24328031" timestamp="2014-07-24T10:44:24Z" user="n'garh" uid="600918">
  <member type="way" ref="294159470" role="outer"/>
  <member type="way" ref="292045088" role="outer"/>
  <member type="way" ref="292045087" role="outer"/>
  <member type="way" ref="292045089" role="outer"/>
  <member type="way" ref="292045090" role="outer"/>
  <member type="node" ref="610886128" role="label"/>
  <member type="way" ref="276702357" role="outer"/>
  <member type="way" ref="276702356" role="outer"/>
  <tag k="admin_level" v="10"/>
  <tag k="boundary" v="administrative"/>
  <tag k="landuse" v="residential"/>
  <tag k="name" v="Raghubir Nagar"/>
  <tag k="type" v="boundary"/>
 </relation>
 <relation id="3680166" visible="true" version="5" changeset="178385675" timestamp="2026-02-11T02:47:50Z" user="contrapunctus" uid="4685130">
  <member type="node" ref="2708361365" role="label"/>
  <member type="way" ref="288474730" role="outer"/>
  <member type="way" ref="288474731" role="outer"/>
  <member type="way" ref="294159461" role="outer"/>
  <member type="way" ref="294159470" role="outer"/>
  <member type="way" ref="221617484" role="outer"/>
  <member type="way" ref="276704968" role="outer"/>
  <tag k="admin_level" v="10"/>
  <tag k="boundary" v="administrative"/>
  <tag k="landuse" v="residential"/>
  <tag k="name" v="Tagore Garden"/>
  <tag k="name:hi" v="टैगोर गार्डन"/>
  <tag k="type" v="boundary"/>
 </relation>
 <relation id="3878381" visible="true" version="3" changeset="24328039" timestamp="2014-07-24T10:45:06Z" user="n'garh" uid="600918">
  <member type="node" ref="2823871502" role="label"/>
  <member type="way" ref="292045088" role="outer"/>
  <member type="way" ref="294159461" role="outer"/>
  <member type="way" ref="265166447" role="outer"/>
  <tag k="admin_level" v="10"/>
  <tag k="boundary" v="administrative"/>
  <tag k="landuse" v="residential"/>
  <tag k="name" v="Tagore Garden Extension"/>
  <tag k="type" v="boundary"/>
 </relation>
 <relation id="16318240" visible="true" version="1" changeset="141158866" timestamp="2023-09-12T11:29:48Z" user="nileshdhandak" uid="16638013">
  <member type="way" ref="349830530" role="outer"/>
  <member type="way" ref="349830305" role="outer"/>
  <tag k="building" v="yes"/>
  <tag k="type" v="multipolygon"/>
 </relation>
</osm>
